[  +67 ms] executing: uname -m
[   +9 ms] Exit code 0 from: uname -m
[        ] x86_64
[  +13 ms] Artifact Instance of 'MaterialFonts' is not required, skipping update.
[        ] Artifact Instance of 'GradleWrapper' is not required, skipping update.
[        ] Artifact Instance of 'AndroidGenSnapshotArtifacts' is not required, skipping update.
[        ] Artifact Instance of 'AndroidInternalBuildArtifacts' is not required, skipping update.
[        ] Artifact Instance of 'IOSEngineArtifacts' is not required, skipping update.
[        ] Artifact Instance of 'FlutterWebSdk' is not required, skipping update.
[        ] Artifact Instance of 'LegacyCanvasKitRemover' is not required, skipping update.
[        ] Artifact Instance of 'FlutterSdk' is not required, skipping update.
[        ] Artifact Instance of 'WindowsEngineArtifacts' is not required, skipping update.
[        ] Artifact Instance of 'MacOSEngineArtifacts' is not required, skipping update.
[        ] Artifact Instance of 'LinuxEngineArtifacts' is not required, skipping update.
[        ] Artifact Instance of 'LinuxFuchsiaSDKArtifacts' is not required, skipping update.
[        ] Artifact Instance of 'MacOSFuchsiaSDKArtifacts' is not required, skipping update.
[        ] Artifact Instance of 'FlutterRunnerSDKArtifacts' is not required, skipping update.
[        ] Artifact Instance of 'FlutterRunnerDebugSymbols' is not required, skipping update.
[        ] Artifact Instance of 'IosUsbArtifacts' is not required, skipping update.
[        ] Artifact Instance of 'IosUsbArtifacts' is not required, skipping update.
[        ] Artifact Instance of 'IosUsbArtifacts' is not required, skipping update.
[        ] Artifact Instance of 'IosUsbArtifacts' is not required, skipping update.
[        ] Artifact Instance of 'IosUsbArtifacts' is not required, skipping update.
[        ] Artifact Instance of 'IosUsbArtifacts' is not required, skipping update.
[        ] Artifact Instance of 'FontSubsetArtifacts' is not required, skipping update.
[        ] Artifact Instance of 'PubDependencies' is not required, skipping update.
[  +15 ms] Artifact Instance of 'AndroidGenSnapshotArtifacts' is not required, skipping update.
[        ] Artifact Instance of 'AndroidInternalBuildArtifacts' is not required, skipping update.
[        ] Artifact Instance of 'IOSEngineArtifacts' is not required, skipping update.
[        ] Artifact Instance of 'FlutterWebSdk' is not required, skipping update.
[        ] Artifact Instance of 'FlutterEngineStamp' is not required, skipping update.
[        ] Artifact Instance of 'LegacyCanvasKitRemover' is not required, skipping update.
[   +2 ms] Artifact Instance of 'WindowsEngineArtifacts' is not required, skipping update.
[        ] Artifact Instance of 'MacOSEngineArtifacts' is not required, skipping update.
[        ] Artifact Instance of 'LinuxEngineArtifacts' is not required, skipping update.
[        ] Artifact Instance of 'LinuxFuchsiaSDKArtifacts' is not required, skipping update.
[        ] Artifact Instance of 'MacOSFuchsiaSDKArtifacts' is not required, skipping update.
[        ] Artifact Instance of 'FlutterRunnerSDKArtifacts' is not required, skipping update.
[        ] Artifact Instance of 'FlutterRunnerDebugSymbols' is not required, skipping update.
[  +67 ms] Artifact Instance of 'MaterialFonts' is not required, skipping update.
[        ] Artifact Instance of 'GradleWrapper' is not required, skipping update.
[   +8 ms] Artifact Instance of 'AndroidInternalBuildArtifacts' is not required, skipping update.
[        ] Artifact Instance of 'IOSEngineArtifacts' is not required, skipping update.
[        ] Artifact Instance of 'FlutterWebSdk' is not required, skipping update.
[        ] Artifact Instance of 'FlutterEngineStamp' is not required, skipping update.
[        ] Artifact Instance of 'LegacyCanvasKitRemover' is not required, skipping update.
[        ] Artifact Instance of 'FlutterSdk' is not required, skipping update.
[        ] Artifact Instance of 'WindowsEngineArtifacts' is not required, skipping update.
[        ] Artifact Instance of 'MacOSEngineArtifacts' is not required, skipping update.
[        ] Artifact Instance of 'LinuxEngineArtifacts' is not required, skipping update.
[        ] Artifact Instance of 'LinuxFuchsiaSDKArtifacts' is not required, skipping update.
[        ] Artifact Instance of 'MacOSFuchsiaSDKArtifacts' is not required, skipping update.
[        ] Artifact Instance of 'FlutterRunnerSDKArtifacts' is not required, skipping update.
[        ] Artifact Instance of 'FlutterRunnerDebugSymbols' is not required, skipping update.
[        ] Artifact Instance of 'IosUsbArtifacts' is not required, skipping update.
[        ] Artifact Instance of 'IosUsbArtifacts' is not required, skipping update.
[        ] Artifact Instance of 'IosUsbArtifacts' is not required, skipping update.
[        ] Artifact Instance of 'IosUsbArtifacts' is not required, skipping update.
[        ] Artifact Instance of 'IosUsbArtifacts' is not required, skipping update.
[        ] Artifact Instance of 'IosUsbArtifacts' is not required, skipping update.
[        ] Artifact Instance of 'FontSubsetArtifacts' is not required, skipping update.
[        ] Artifact Instance of 'PubDependencies' is not required, skipping update.
[ +113 ms] Skipping pub get: version match.
[ +136 ms] Found plugin video_thumbnail_plus at /home/shivagsudhir198824/.pub-cache/hosted/pub.dev/video_thumbnail_plus-0.0.2/
[  +11 ms] Found plugin video_player at /home/shivagsudhir198824/.pub-cache/hosted/pub.dev/video_player-2.11.1/
[   +2 ms] Found plugin video_player_web at /home/shivagsudhir198824/.pub-cache/hosted/pub.dev/video_player_web-2.4.0/
[   +8 ms] Found plugin video_player_avfoundation at /home/shivagsudhir198824/.pub-cache/hosted/pub.dev/video_player_avfoundation-2.9.7/
[   +3 ms] Found plugin video_player_android at /home/shivagsudhir198824/.pub-cache/hosted/pub.dev/video_player_android-2.9.5/
[   +7 ms] Found plugin saf at /home/shivagsudhir198824/.pub-cache/hosted/pub.dev/saf-1.0.4/
[   +2 ms] Found plugin permission_handler at /home/shivagsudhir198824/.pub-cache/hosted/pub.dev/permission_handler-12.0.3/
[   +3 ms] Found plugin permission_handler_windows at /home/shivagsudhir198824/.pub-cache/hosted/pub.dev/permission_handler_windows-0.2.1/
[   +5 ms] Found plugin permission_handler_html at /home/shivagsudhir198824/.pub-cache/hosted/pub.dev/permission_handler_html-0.1.3+5/
[   +2 ms] Found plugin permission_handler_apple at /home/shivagsudhir198824/.pub-cache/hosted/pub.dev/permission_handler_apple-9.4.7/
[   +2 ms] Found plugin permission_handler_android at /home/shivagsudhir198824/.pub-cache/hosted/pub.dev/permission_handler_android-13.0.1/
[   +2 ms] Found plugin path_provider at /home/shivagsudhir198824/.pub-cache/hosted/pub.dev/path_provider-2.1.5/
[   +2 ms] Found plugin path_provider_windows at /home/shivagsudhir198824/.pub-cache/hosted/pub.dev/path_provider_windows-2.3.0/
[   +4 ms] Found plugin path_provider_linux at /home/shivagsudhir198824/.pub-cache/hosted/pub.dev/path_provider_linux-2.2.1/
[   +6 ms] Found plugin path_provider_foundation at /home/shivagsudhir198824/.pub-cache/hosted/pub.dev/path_provider_foundation-2.6.0/
[  +14 ms] Found plugin path_provider_android at /home/shivagsudhir198824/.pub-cache/hosted/pub.dev/path_provider_android-2.3.1/
[   +1 ms] Found plugin jni_flutter at /home/shivagsudhir198824/.pub-cache/hosted/pub.dev/jni_flutter-1.0.1/
[   +3 ms] Found plugin jni at /home/shivagsudhir198824/.pub-cache/hosted/pub.dev/jni-1.0.0/
[   +5 ms] Found plugin google_mobile_ads at /home/shivagsudhir198824/.pub-cache/hosted/pub.dev/google_mobile_ads-5.3.1/
[   +2 ms] Found plugin webview_flutter_wkwebview at /home/shivagsudhir198824/.pub-cache/hosted/pub.dev/webview_flutter_wkwebview-3.25.1/
[   +2 ms] Found plugin webview_flutter_android at /home/shivagsudhir198824/.pub-cache/hosted/pub.dev/webview_flutter_android-4.12.0/
[   +1 ms] Found plugin webview_flutter at /home/shivagsudhir198824/.pub-cache/hosted/pub.dev/webview_flutter-4.13.1/
[   +1 ms] Found plugin gallery_saver_plus at /home/shivagsudhir198824/.pub-cache/hosted/pub.dev/gallery_saver_plus-3.2.9/
[   +3 ms] Found plugin device_info_plus at /home/shivagsudhir198824/.pub-cache/hosted/pub.dev/device_info_plus-10.1.2/
[  +92 ms] Found plugin video_thumbnail_plus at /home/shivagsudhir198824/.pub-cache/hosted/pub.dev/video_thumbnail_plus-0.0.2/
[   +3 ms] Found plugin video_player at /home/shivagsudhir198824/.pub-cache/hosted/pub.dev/video_player-2.11.1/
[   +1 ms] Found plugin video_player_web at /home/shivagsudhir198824/.pub-cache/hosted/pub.dev/video_player_web-2.4.0/
[   +6 ms] Found plugin video_player_avfoundation at /home/shivagsudhir198824/.pub-cache/hosted/pub.dev/video_player_avfoundation-2.9.7/
[   +1 ms] Found plugin video_player_android at /home/shivagsudhir198824/.pub-cache/hosted/pub.dev/video_player_android-2.9.5/
[   +3 ms] Found plugin saf at /home/shivagsudhir198824/.pub-cache/hosted/pub.dev/saf-1.0.4/
[   +2 ms] Found plugin permission_handler at /home/shivagsudhir198824/.pub-cache/hosted/pub.dev/permission_handler-12.0.3/
[   +1 ms] Found plugin permission_handler_windows at /home/shivagsudhir198824/.pub-cache/hosted/pub.dev/permission_handler_windows-0.2.1/
[   +2 ms] Found plugin permission_handler_html at /home/shivagsudhir198824/.pub-cache/hosted/pub.dev/permission_handler_html-0.1.3+5/
[   +1 ms] Found plugin permission_handler_apple at /home/shivagsudhir198824/.pub-cache/hosted/pub.dev/permission_handler_apple-9.4.7/
[   +1 ms] Found plugin permission_handler_android at /home/shivagsudhir198824/.pub-cache/hosted/pub.dev/permission_handler_android-13.0.1/
[   +2 ms] Found plugin path_provider at /home/shivagsudhir198824/.pub-cache/hosted/pub.dev/path_provider-2.1.5/
[   +1 ms] Found plugin path_provider_windows at /home/shivagsudhir198824/.pub-cache/hosted/pub.dev/path_provider_windows-2.3.0/
[   +4 ms] Found plugin path_provider_linux at /home/shivagsudhir198824/.pub-cache/hosted/pub.dev/path_provider_linux-2.2.1/
[   +3 ms] Found plugin path_provider_foundation at /home/shivagsudhir198824/.pub-cache/hosted/pub.dev/path_provider_foundation-2.6.0/
[  +10 ms] Found plugin path_provider_android at /home/shivagsudhir198824/.pub-cache/hosted/pub.dev/path_provider_android-2.3.1/
[   +1 ms] Found plugin jni_flutter at /home/shivagsudhir198824/.pub-cache/hosted/pub.dev/jni_flutter-1.0.1/
[   +1 ms] Found plugin jni at /home/shivagsudhir198824/.pub-cache/hosted/pub.dev/jni-1.0.0/
[   +2 ms] Found plugin google_mobile_ads at /home/shivagsudhir198824/.pub-cache/hosted/pub.dev/google_mobile_ads-5.3.1/
[   +2 ms] Found plugin webview_flutter_wkwebview at /home/shivagsudhir198824/.pub-cache/hosted/pub.dev/webview_flutter_wkwebview-3.25.1/
[   +2 ms] Found plugin webview_flutter_android at /home/shivagsudhir198824/.pub-cache/hosted/pub.dev/webview_flutter_android-4.12.0/
[   +1 ms] Found plugin webview_flutter at /home/shivagsudhir198824/.pub-cache/hosted/pub.dev/webview_flutter-4.13.1/
[   +1 ms] Found plugin gallery_saver_plus at /home/shivagsudhir198824/.pub-cache/hosted/pub.dev/gallery_saver_plus-3.2.9/
[   +3 ms] Found plugin device_info_plus at /home/shivagsudhir198824/.pub-cache/hosted/pub.dev/device_info_plus-10.1.2/
[  +26 ms] Skipping generating web_plugin_registrant.dart because it is up-to-date.
[  +42 ms] Found plugin video_thumbnail_plus at /home/shivagsudhir198824/.pub-cache/hosted/pub.dev/video_thumbnail_plus-0.0.2/
[   +2 ms] Found plugin video_player at /home/shivagsudhir198824/.pub-cache/hosted/pub.dev/video_player-2.11.1/
[   +1 ms] Found plugin video_player_web at /home/shivagsudhir198824/.pub-cache/hosted/pub.dev/video_player_web-2.4.0/
[   +3 ms] Found plugin video_player_avfoundation at /home/shivagsudhir198824/.pub-cache/hosted/pub.dev/video_player_avfoundation-2.9.7/
[   +1 ms] Found plugin video_player_android at /home/shivagsudhir198824/.pub-cache/hosted/pub.dev/video_player_android-2.9.5/
[   +3 ms] Found plugin saf at /home/shivagsudhir198824/.pub-cache/hosted/pub.dev/saf-1.0.4/
[   +1 ms] Found plugin permission_handler at /home/shivagsudhir198824/.pub-cache/hosted/pub.dev/permission_handler-12.0.3/
[   +1 ms] Found plugin permission_handler_windows at /home/shivagsudhir198824/.pub-cache/hosted/pub.dev/permission_handler_windows-0.2.1/
[   +2 ms] Found plugin permission_handler_html at /home/shivagsudhir198824/.pub-cache/hosted/pub.dev/permission_handler_html-0.1.3+5/
[        ] Found plugin permission_handler_apple at /home/shivagsudhir198824/.pub-cache/hosted/pub.dev/permission_handler_apple-9.4.7/
[        ] Found plugin permission_handler_android at /home/shivagsudhir198824/.pub-cache/hosted/pub.dev/permission_handler_android-13.0.1/
[   +1 ms] Found plugin path_provider at /home/shivagsudhir198824/.pub-cache/hosted/pub.dev/path_provider-2.1.5/
[   +1 ms] Found plugin path_provider_windows at /home/shivagsudhir198824/.pub-cache/hosted/pub.dev/path_provider_windows-2.3.0/
[   +3 ms] Found plugin path_provider_linux at /home/shivagsudhir198824/.pub-cache/hosted/pub.dev/path_provider_linux-2.2.1/
[   +1 ms] Found plugin path_provider_foundation at /home/shivagsudhir198824/.pub-cache/hosted/pub.dev/path_provider_foundation-2.6.0/
[   +7 ms] Found plugin path_provider_android at /home/shivagsudhir198824/.pub-cache/hosted/pub.dev/path_provider_android-2.3.1/
[   +1 ms] Found plugin jni_flutter at /home/shivagsudhir198824/.pub-cache/hosted/pub.dev/jni_flutter-1.0.1/
[   +1 ms] Found plugin jni at /home/shivagsudhir198824/.pub-cache/hosted/pub.dev/jni-1.0.0/
[   +2 ms] Found plugin google_mobile_ads at /home/shivagsudhir198824/.pub-cache/hosted/pub.dev/google_mobile_ads-5.3.1/
[   +1 ms] Found plugin webview_flutter_wkwebview at /home/shivagsudhir198824/.pub-cache/hosted/pub.dev/webview_flutter_wkwebview-3.25.1/
[   +2 ms] Found plugin webview_flutter_android at /home/shivagsudhir198824/.pub-cache/hosted/pub.dev/webview_flutter_android-4.12.0/
[   +1 ms] Found plugin webview_flutter at /home/shivagsudhir198824/.pub-cache/hosted/pub.dev/webview_flutter-4.13.1/
[   +1 ms] Found plugin gallery_saver_plus at /home/shivagsudhir198824/.pub-cache/hosted/pub.dev/gallery_saver_plus-3.2.9/
[   +2 ms] Found plugin device_info_plus at /home/shivagsudhir198824/.pub-cache/hosted/pub.dev/device_info_plus-10.1.2/
[   +9 ms] Generating /home/shivagsudhir198824/myproject1/android/app/src/main/java/io/flutter/plugins/GeneratedPluginRegistrant.java
[   +2 ms] Skipping generating GeneratedPluginRegistrant.java because it is up-to-date.
[   +5 ms] Skipping generating generated_plugin_registrant.h because it is up-to-date.
[   +1 ms] Skipping generating generated_plugin_registrant.cc because it is up-to-date.
[   +2 ms] Skipping generating generated_plugins.cmake because it is up-to-date.
[   +2 ms] Skipping generating generated_plugin_registrant.h because it is up-to-date.
[   +1 ms] Skipping generating generated_plugin_registrant.cc because it is up-to-date.
[   +1 ms] Skipping generating generated_plugins.cmake because it is up-to-date.
[   +3 ms] Skipping generating GeneratedPluginRegistrant.h because it is up-to-date.
[   +1 ms] Skipping generating GeneratedPluginRegistrant.m because it is up-to-date.
[   +2 ms] Skipping generating GeneratedPluginRegistrant.swift because it is up-to-date.
[  +39 ms] Top-level Gradle build file not found, skipping migration of task "clean".
[        ] Android Studio version could not be detected, skipping Gradle-Java version compatibility check.
[   +2 ms] CMake project not found, skipping support Android 15 16k page size migration.
[   +1 ms] The developer has already configured the Built-In Kotlin flag, skipping migration.
[   +1 ms] The developer has already configured the new DSL flag, skipping migration.
[   +3 ms] Using gradle from /home/shivagsudhir198824/myproject1/android/gradlew.
[  +17 ms] LocalFile: '/home/shivagsudhir198824/myproject1/android/build.gradle.kts' doesn't provide an AGP version. Checking settings.
[   +1 ms] LocalFile: '/home/shivagsudhir198824/myproject1/android/settings.gradle.kts' provides AGP version: 8.11.1
[   +1 ms] Running Gradle task 'assembleRelease'...
[   +2 ms] executing: [/home/shivagsudhir198824/myproject1/android/] /home/shivagsudhir198824/myproject1/android/gradlew --full-stacktrace --info -Pverbose=true -Ptarget-platform=android-arm,android-arm64,android-x64 -Ptarget=lib/main.dart -Pbase-application-name=android.app.Application -Pdart-defines=RkxVVFRFUl9WRVJTSU9OPTMuNDQuMA==,RkxVVFRFUl9DSEFOTkVMPXN0YWJsZQ==,RkxVVFRFUl9HSVRfVVJMPWh0dHBzOi8vZ2l0aHViLmNvbS9mbHV0dGVyL2ZsdXR0ZXIuZ2l0,RkxVVFRFUl9GUkFNRVdPUktfUkVWSVNJT049NTU5ZmZhM2Y3NQ==,RkxVVFRFUl9FTkdJTkVfUkVWSVNJT049NGM1MjVkYWM1ZQ==,RkxVVFRFUl9EQVJUX1ZFUlNJT049My4xMi4w -Pdart-obfuscation=false -Ptrack-widget-creation=true -Ptree-shake-icons=true assembleRelease
[+1073 ms] Initialized native services in: /home/shivagsudhir198824/.gradle/native
[   +3 ms] Initialized jansi services in: /home/shivagsudhir198824/.gradle/native
[ +446 ms] The client will now receive all logging from the daemon (pid: 29546). The daemon log file: /home/shivagsudhir198824/.gradle/daemon/8.14/daemon-29546.out.log
[        ] Starting 2nd build in daemon [uptime: 16 mins 40.172 secs, performance: 98%, GC rate: 0.00/s, heap usage: 0% of 4 GiB]
[        ] Using 4 worker leases.
[   +2 ms] Now considering [/home/shivagsudhir198824/myproject1/android, /home/shivagsudhir198824/flutter/packages/flutter_tools/gradle] as hierarchies to watch
[        ] Watching the file system is configured to be enabled if available
[  +91 ms] File system watching is active
[   +2 ms] Starting Build
[        ] Now considering [/home/shivagsudhir198824/flutter/packages/flutter_tools/gradle, /home/shivagsudhir198824/myproject1/android] as hierarchies to watch
[ +399 ms] > Configure project :gradle
[        ] Evaluating project ':gradle' using build file '/home/shivagsudhir198824/flutter/packages/flutter_tools/gradle/build.gradle.kts'.
[        ] Resolved plugin [id: 'org.gradle.java-gradle-plugin']
[        ] Resolved plugin [id: 'org.gradle.groovy']
[   +2 ms] Resolved plugin [id: 'org.gradle.kotlin.kotlin-dsl', version: '5.2.0']
[        ] Resolved plugin [id: 'org.jetbrains.kotlin.jvm', version: '2.2.20']
[        ] Build d521cbac-7548-4771-ae14-319d1298fd0a is started
[        ] Using Kotlin Gradle Plugin gradle813 variant
[   +3 ms] kotlin scripting plugin: created the scripting discovery configuration: kotlinScriptDef
[        ] kotlin scripting plugin: created the scripting discovery configuration: testKotlinScriptDef
[        ] WARNING: Unsupported Kotlin plugin version.
[        ] The `embedded-kotlin` and `kotlin-dsl` plugins rely on features of Kotlin `2.0.21` that might work differently than in the requested version `2.2.20`.
[        ] file or directory '/home/shivagsudhir198824/flutter/packages/flutter_tools/gradle/src/main/java', not found
[        ] Resolved plugin [id: 'dev.flutter.flutter-plugin-loader', version: '1.0.0']
[        ] Resolved plugin [id: 'com.android.application', version: '8.11.1', apply: false]
[        ] Resolved plugin [id: 'org.jetbrains.kotlin.android', version: '2.2.20', apply: false]
[        ] Resolve mutations for :gradle:checkKotlinGradlePluginConfigurationErrors (Thread[Execution worker,5,main]) started.
[        ] :gradle:checkKotlinGradlePluginConfigurationErrors (Thread[Execution worker,5,main]) started.
[        ] > Task :gradle:checkKotlinGradlePluginConfigurationErrors SKIPPED
[        ] Skipping task ':gradle:checkKotlinGradlePluginConfigurationErrors' as task onlyIf 'errorDiagnostics are present' is false.
[        ] Resolve mutations for :gradle:compileKotlin (Thread[Execution worker,5,main]) started.
[        ] :gradle:compileKotlin (Thread[Execution worker,5,main]) started.
[ +187 ms] > Task :gradle:compileKotlin UP-TO-DATE
[        ] Caching disabled for task ':gradle:compileKotlin' because:
[        ]   Build cache is disabled
[   +4 ms] Skipping task ':gradle:compileKotlin' as it is up-to-date.
[        ] Resolve mutations for :gradle:compileJava (Thread[Execution worker Thread 2,5,main]) started.
[        ] :gradle:compileJava (Thread[Execution worker Thread 2,5,main]) started.
[        ] > Task :gradle:compileJava NO-SOURCE
[        ] Skipping task ':gradle:compileJava' as it has no source files and no previous output files.
[        ] Resolve mutations for :gradle:compileGroovy (Thread[included builds,5,main]) started.
[        ] :gradle:compileGroovy (Thread[included builds,5,main]) started.
[        ] > Task :gradle:compileGroovy NO-SOURCE
[        ] Skipping task ':gradle:compileGroovy' as it has no source files and no previous output files.
[        ] Resolve mutations for :gradle:pluginDescriptors (Thread[included builds,5,main]) started.
[        ] :gradle:pluginDescriptors (Thread[included builds,5,main]) started.
[        ] > Task :gradle:pluginDescriptors UP-TO-DATE
[        ] Caching disabled for task ':gradle:pluginDescriptors' because:
[        ]   Build cache is disabled
[        ]   Not worth caching
[        ] Skipping task ':gradle:pluginDescriptors' as it is up-to-date.
[        ] Resolve mutations for :gradle:processResources (Thread[Execution worker Thread 2,5,main]) started.
[        ] :gradle:processResources (Thread[Execution worker Thread 2,5,main]) started.
[        ] > Task :gradle:processResources UP-TO-DATE
[        ] Caching disabled for task ':gradle:processResources' because:
[        ]   Build cache is disabled
[        ]   Not worth caching
[        ] Skipping task ':gradle:processResources' as it is up-to-date.
[        ] Resolve mutations for :gradle:classes (Thread[Execution worker Thread 2,5,main]) started.
[        ] :gradle:classes (Thread[Execution worker Thread 2,5,main]) started.
[        ] > Task :gradle:classes UP-TO-DATE
[        ] Skipping task ':gradle:classes' as it has no actions.
[        ] Resolve mutations for :gradle:jar (Thread[Execution worker Thread 2,5,main]) started.
[        ] :gradle:jar (Thread[Execution worker Thread 2,5,main]) started.
[        ] > Task :gradle:jar UP-TO-DATE
[        ] Caching disabled for task ':gradle:jar' because:
[        ]   Build cache is disabled
[        ]   Not worth caching
[        ] Skipping task ':gradle:jar' as it is up-to-date.
[ +386 ms] Settings evaluated using settings file '/home/shivagsudhir198824/myproject1/android/settings.gradle.kts'.
[ +100 ms] Projects loaded. Root project using build file '/home/shivagsudhir198824/myproject1/android/build.gradle.kts'.
[   +2 ms] Included projects: [root project 'android', project ':app', project ':device_info_plus', project ':gallery_saver_plus', project ':google_mobile_ads', project ':jni', project ':jni_flutter', project ':permission_handler_android', project ':saf', project ':video_player_android', project ':video_thumbnail_plus', project ':webview_flutter_android']
[ +498 ms] > Configure project :app
[        ] Evaluating project ':app' using build file '/home/shivagsudhir198824/myproject1/android/app/build.gradle.kts'.
[        ] Resolved plugin [id: 'com.android.application']
[        ] Resolved plugin [id: 'kotlin-android']
[        ] Resolved plugin [id: 'dev.flutter.flutter-gradle-plugin']
[        ] Using default execution profile
[   +5 ms] Build 4cdd1897-5176-4d81-a3bc-5bb6c37fdd78 is started
[        ] Using Kotlin Gradle Plugin gradle813 variant
[        ] Using Kotlin Gradle Plugin gradle813 variant
[   +3 ms] Using Kotlin Gradle Plugin gradle813 variant
[        ] Using Kotlin Gradle Plugin gradle813 variant
[        ] Using Kotlin Gradle Plugin gradle813 variant
[        ] C/C++: android.ndkVersion from module build.gradle is [28.2.13676358]
[        ] C/C++: android.ndkPath from module build.gradle is not set
[        ] C/C++: ndk.dir in local.properties is not set
[        ] C/C++: Not considering ANDROID_NDK_HOME because support was removed after deprecation period.
[        ] C/C++: sdkFolder is /usr/lib/android-sdk
[        ] C/C++: android.ndkVersion from module build.gradle is [28.2.13676358]
[   +3 ms] C/C++: android.ndkPath from module build.gradle is not set
[        ] C/C++: ndk.dir in local.properties is not set
[        ] C/C++: Not considering ANDROID_NDK_HOME because support was removed after deprecation period.
[        ] C/C++: sdkFolder is /usr/lib/android-sdk
[        ] C/C++: android.ndkVersion from module build.gradle is [28.2.13676358]
[        ] C/C++: android.ndkPath from module build.gradle is not set
[        ] C/C++: ndk.dir in local.properties is not set
[        ] C/C++: Not considering ANDROID_NDK_HOME because support was removed after deprecation period.
[        ] C/C++: sdkFolder is /usr/lib/android-sdk
[        ] C/C++: android.ndkVersion from module build.gradle is [28.2.13676358]
[   +1 ms] C/C++: android.ndkPath from module build.gradle is not set
[        ] C/C++: ndk.dir in local.properties is not set
[        ] C/C++: Not considering ANDROID_NDK_HOME because support was removed after deprecation period.
[        ] C/C++: sdkFolder is /usr/lib/android-sdk
[        ] C/C++: android.ndkVersion from module build.gradle is [28.2.13676358]
[        ] C/C++: android.ndkPath from module build.gradle is not set
[        ] C/C++: ndk.dir in local.properties is not set
[        ] C/C++: Not considering ANDROID_NDK_HOME because support was removed after deprecation period.
[        ] C/C++: sdkFolder is /usr/lib/android-sdk
[        ] C/C++: android.ndkVersion from module build.gradle is [28.2.13676358]
[        ] C/C++: android.ndkPath from module build.gradle is not set
[   +3 ms] C/C++: ndk.dir in local.properties is not set
[        ] C/C++: Not considering ANDROID_NDK_HOME because support was removed after deprecation period.
[        ] C/C++: sdkFolder is /usr/lib/android-sdk
[        ] C/C++: android.ndkVersion from module build.gradle is [28.2.13676358]
[        ] C/C++: android.ndkPath from module build.gradle is not set
[        ] C/C++: ndk.dir in local.properties is not set
[        ] C/C++: Not considering ANDROID_NDK_HOME because support was removed after deprecation period.
[        ] C/C++: sdkFolder is /usr/lib/android-sdk
[        ] C/C++: android.ndkVersion from module build.gradle is [28.2.13676358]
[        ] C/C++: android.ndkPath from module build.gradle is not set
[   +3 ms] C/C++: ndk.dir in local.properties is not set
[        ] C/C++: Not considering ANDROID_NDK_HOME because support was removed after deprecation period.
[        ] C/C++: sdkFolder is /usr/lib/android-sdk
[        ] C/C++: android.ndkVersion from module build.gradle is [28.2.13676358]
[        ] C/C++: android.ndkPath from module build.gradle is not set
[        ] C/C++: ndk.dir in local.properties is not set
[        ] C/C++: Not considering ANDROID_NDK_HOME because support was removed after deprecation period.
[   +1 ms] C/C++: sdkFolder is /usr/lib/android-sdk
[        ] C/C++: android.ndkVersion from module build.gradle is [28.2.13676358]
[        ] C/C++: android.ndkPath from module build.gradle is not set
[        ] C/C++: ndk.dir in local.properties is not set
[        ] C/C++: Not considering ANDROID_NDK_HOME because support was removed after deprecation period.
[        ] C/C++: sdkFolder is /usr/lib/android-sdk
[   +4 ms] C/C++: android.ndkVersion from module build.gradle is [28.2.13676358]
[        ] C/C++: android.ndkPath from module build.gradle is not set
[        ] C/C++: ndk.dir in local.properties is not set
[        ] C/C++: Not considering ANDROID_NDK_HOME because support was removed after deprecation period.
[        ] C/C++: sdkFolder is /usr/lib/android-sdk
[   +2 ms] C/C++: android.ndkVersion from module build.gradle is [28.2.13676358]
[        ] C/C++: android.ndkPath from module build.gradle is not set
[        ] C/C++: ndk.dir in local.properties is not set
[        ] C/C++: Not considering ANDROID_NDK_HOME because support was removed after deprecation period.
[        ] C/C++: sdkFolder is /usr/lib/android-sdk
[        ] C/C++: android.ndkVersion from module build.gradle is [28.2.13676358]
[        ] C/C++: android.ndkPath from module build.gradle is not set
[        ] C/C++: ndk.dir in local.properties is not set
[        ] C/C++: Not considering ANDROID_NDK_HOME because support was removed after deprecation period.
[        ] C/C++: sdkFolder is /usr/lib/android-sdk
[        ] C/C++: android.ndkVersion from module build.gradle is [28.2.13676358]
[        ] C/C++: android.ndkPath from module build.gradle is not set
[        ] C/C++: ndk.dir in local.properties is not set
[        ] C/C++: Not considering ANDROID_NDK_HOME because support was removed after deprecation period.
[   +2 ms] C/C++: sdkFolder is /usr/lib/android-sdk
[        ] C/C++: android.ndkVersion from module build.gradle is [28.2.13676358]
[        ] C/C++: android.ndkPath from module build.gradle is not set
[        ] C/C++: ndk.dir in local.properties is not set
[        ] C/C++: Not considering ANDROID_NDK_HOME because support was removed after deprecation period.
[        ] C/C++: sdkFolder is /usr/lib/android-sdk
[   +1 ms] C/C++: android.ndkVersion from module build.gradle is [28.2.13676358]
[        ] C/C++: android.ndkPath from module build.gradle is not set
[        ] C/C++: ndk.dir in local.properties is not set
[        ] C/C++: Not considering ANDROID_NDK_HOME because support was removed after deprecation period.
[        ] C/C++: sdkFolder is /usr/lib/android-sdk
[        ] C/C++: android.ndkVersion from module build.gradle is [28.2.13676358]
[        ] C/C++: android.ndkPath from module build.gradle is not set
[        ] C/C++: ndk.dir in local.properties is not set
[        ] C/C++: Not considering ANDROID_NDK_HOME because support was removed after deprecation period.
[        ] C/C++: sdkFolder is /usr/lib/android-sdk
[        ] C/C++: android.ndkVersion from module build.gradle is [28.2.13676358]
[        ] C/C++: android.ndkPath from module build.gradle is not set
[        ] C/C++: ndk.dir in local.properties is not set
[        ] C/C++: Not considering ANDROID_NDK_HOME because support was removed after deprecation period.
[   +2 ms] C/C++: sdkFolder is /usr/lib/android-sdk
[        ] C/C++: android.ndkVersion from module build.gradle is [28.2.13676358]
[        ] C/C++: android.ndkPath from module build.gradle is not set
[        ] C/C++: ndk.dir in local.properties is not set
[        ] C/C++: Not considering ANDROID_NDK_HOME because support was removed after deprecation period.
[        ] C/C++: sdkFolder is /usr/lib/android-sdk
[        ] > Configure project :
[        ] Evaluating root project 'android' using build file '/home/shivagsudhir198824/myproject1/android/build.gradle.kts'.
[ +347 ms] > Configure project :device_info_plus
[        ] Evaluating project ':device_info_plus' using build file '/home/shivagsudhir198824/.pub-cache/hosted/pub.dev/device_info_plus-10.1.2/android/build.gradle'.
[        ] Using default execution profile
[        ] Using Kotlin Gradle Plugin gradle813 variant
[ +497 ms] > Configure project :gallery_saver_plus
[        ] Evaluating project ':gallery_saver_plus' using build file '/home/shivagsudhir198824/.pub-cache/hosted/pub.dev/gallery_saver_plus-3.2.9/android/build.gradle'.
[        ] Using default execution profile
[        ] Using Kotlin Gradle Plugin gradle813 variant
[ +199 ms] > Configure project :google_mobile_ads
[        ] Evaluating project ':google_mobile_ads' using build file '/home/shivagsudhir198824/.pub-cache/hosted/pub.dev/google_mobile_ads-5.3.1/android/build.gradle'.
[        ] Using default execution profile
[ +298 ms] > Configure project :jni
[   +5 ms] Evaluating project ':jni' using build file '/home/shivagsudhir198824/.pub-cache/hosted/pub.dev/jni-1.0.0/android/build.gradle'.
[        ] Using default execution profile
[        ] C/C++: android.ndkVersion from module build.gradle is [28.2.13676358]
[        ] C/C++: android.ndkPath from module build.gradle is not set
[        ] C/C++: ndk.dir in local.properties is not set
[        ] C/C++: Not considering ANDROID_NDK_HOME because support was removed after deprecation period.
[        ] C/C++: sdkFolder is /usr/lib/android-sdk
[        ] C/C++: android.ndkVersion from module build.gradle is [28.2.13676358]
[        ] C/C++: android.ndkPath from module build.gradle is not set
[        ] C/C++: ndk.dir in local.properties is not set
[        ] C/C++: Not considering ANDROID_NDK_HOME because support was removed after deprecation period.
[        ] C/C++: sdkFolder is /usr/lib/android-sdk
[   +4 ms] C/C++: android.ndkVersion from module build.gradle is [28.2.13676358]
[        ] C/C++: android.ndkPath from module build.gradle is not set
[        ] C/C++: ndk.dir in local.properties is not set
[        ] C/C++: Not considering ANDROID_NDK_HOME because support was removed after deprecation period.
[        ] C/C++: sdkFolder is /usr/lib/android-sdk
[        ] C/C++: android.ndkVersion from module build.gradle is [28.2.13676358]
[        ] C/C++: android.ndkPath from module build.gradle is not set
[        ] C/C++: ndk.dir in local.properties is not set
[        ] C/C++: Not considering ANDROID_NDK_HOME because support was removed after deprecation period.
[        ] C/C++: sdkFolder is /usr/lib/android-sdk
[        ] C/C++: android.ndkVersion from module build.gradle is [28.2.13676358]
[        ] C/C++: android.ndkPath from module build.gradle is not set
[        ] C/C++: ndk.dir in local.properties is not set
[        ] C/C++: Not considering ANDROID_NDK_HOME because support was removed after deprecation period.
[        ] C/C++: sdkFolder is /usr/lib/android-sdk
[        ] C/C++: android.ndkVersion from module build.gradle is [28.2.13676358]
[        ] C/C++: android.ndkPath from module build.gradle is not set
[        ] C/C++: ndk.dir in local.properties is not set
[        ] C/C++: Not considering ANDROID_NDK_HOME because support was removed after deprecation period.
[        ] C/C++: sdkFolder is /usr/lib/android-sdk
[        ] C/C++: android.ndkVersion from module build.gradle is [28.2.13676358]
[        ] C/C++: android.ndkPath from module build.gradle is not set
[        ] C/C++: ndk.dir in local.properties is not set
[        ] C/C++: Not considering ANDROID_NDK_HOME because support was removed after deprecation period.
[        ] C/C++: sdkFolder is /usr/lib/android-sdk
[        ] C/C++: android.ndkVersion from module build.gradle is [28.2.13676358]
[        ] C/C++: android.ndkPath from module build.gradle is not set
[        ] C/C++: ndk.dir in local.properties is not set
[        ] C/C++: Not considering ANDROID_NDK_HOME because support was removed after deprecation period.
[        ] C/C++: sdkFolder is /usr/lib/android-sdk
[        ] C/C++: android.ndkVersion from module build.gradle is [28.2.13676358]
[        ] C/C++: android.ndkPath from module build.gradle is not set
[        ] C/C++: ndk.dir in local.properties is not set
[        ] C/C++: Not considering ANDROID_NDK_HOME because support was removed after deprecation period.
[   +1 ms] C/C++: sdkFolder is /usr/lib/android-sdk
[        ] C/C++: android.ndkVersion from module build.gradle is [28.2.13676358]
[        ] C/C++: android.ndkPath from module build.gradle is not set
[        ] C/C++: ndk.dir in local.properties is not set
[        ] C/C++: Not considering ANDROID_NDK_HOME because support was removed after deprecation period.
[        ] C/C++: sdkFolder is /usr/lib/android-sdk
[        ] C/C++: android.ndkVersion from module build.gradle is [28.2.13676358]
[        ] C/C++: android.ndkPath from module build.gradle is not set
[        ] C/C++: ndk.dir in local.properties is not set
[        ] C/C++: Not considering ANDROID_NDK_HOME because support was removed after deprecation period.
[        ] C/C++: sdkFolder is /usr/lib/android-sdk
[        ] C/C++: android.ndkVersion from module build.gradle is [28.2.13676358]
[   +1 ms] C/C++: android.ndkPath from module build.gradle is not set
[        ] C/C++: ndk.dir in local.properties is not set
[        ] C/C++: Not considering ANDROID_NDK_HOME because support was removed after deprecation period.
[        ] C/C++: sdkFolder is /usr/lib/android-sdk
[        ] C/C++: android.ndkVersion from module build.gradle is [28.2.13676358]
[        ] C/C++: android.ndkPath from module build.gradle is not set
[        ] C/C++: ndk.dir in local.properties is not set
[        ] C/C++: Not considering ANDROID_NDK_HOME because support was removed after deprecation period.
[        ] C/C++: sdkFolder is /usr/lib/android-sdk
[        ] C/C++: android.ndkVersion from module build.gradle is [28.2.13676358]
[        ] C/C++: android.ndkPath from module build.gradle is not set
[        ] C/C++: ndk.dir in local.properties is not set
[        ] C/C++: Not considering ANDROID_NDK_HOME because support was removed after deprecation period.
[        ] C/C++: sdkFolder is /usr/lib/android-sdk
[        ] C/C++: android.ndkVersion from module build.gradle is [28.2.13676358]
[        ] C/C++: android.ndkPath from module build.gradle is not set
[        ] C/C++: ndk.dir in local.properties is not set
[        ] C/C++: Not considering ANDROID_NDK_HOME because support was removed after deprecation period.
[        ] C/C++: sdkFolder is /usr/lib/android-sdk
[        ] C/C++: android.ndkVersion from module build.gradle is [28.2.13676358]
[        ] C/C++: android.ndkPath from module build.gradle is not set
[        ] C/C++: ndk.dir in local.properties is not set
[        ] C/C++: Not considering ANDROID_NDK_HOME because support was removed after deprecation period.
[        ] C/C++: sdkFolder is /usr/lib/android-sdk
[        ] C/C++: android.ndkVersion from module build.gradle is [28.2.13676358]
[        ] C/C++: android.ndkPath from module build.gradle is not set
[        ] C/C++: ndk.dir in local.properties is not set
[        ] C/C++: Not considering ANDROID_NDK_HOME because support was removed after deprecation period.
[        ] C/C++: sdkFolder is /usr/lib/android-sdk
[        ] C/C++: android.ndkVersion from module build.gradle is [28.2.13676358]
[        ] C/C++: android.ndkPath from module build.gradle is not set
[        ] C/C++: ndk.dir in local.properties is not set
[        ] C/C++: Not considering ANDROID_NDK_HOME because support was removed after deprecation period.
[        ] C/C++: sdkFolder is /usr/lib/android-sdk
[        ] C/C++: android.ndkVersion from module build.gradle is [28.2.13676358]
[        ] C/C++: android.ndkPath from module build.gradle is not set
[        ] C/C++: ndk.dir in local.properties is not set
[        ] C/C++: Not considering ANDROID_NDK_HOME because support was removed after deprecation period.
[        ] C/C++: sdkFolder is /usr/lib/android-sdk
[  +74 ms] > Configure project :jni_flutter
[        ] Evaluating project ':jni_flutter' using build file '/home/shivagsudhir198824/.pub-cache/hosted/pub.dev/jni_flutter-1.0.1/android/build.gradle'.
[        ] Using default execution profile
[ +196 ms] > Configure project :permission_handler_android
[        ] Evaluating project ':permission_handler_android' using build file '/home/shivagsudhir198824/.pub-cache/hosted/pub.dev/permission_handler_android-13.0.1/android/build.gradle'.
[        ] Using default execution profile
[ +297 ms] > Configure project :saf
[        ] Evaluating project ':saf' using build file '/home/shivagsudhir198824/.pub-cache/hosted/pub.dev/saf-1.0.4/android/build.gradle'.
[        ] Using default execution profile
[        ] Using Kotlin Gradle Plugin gradle813 variant
[ +199 ms] > Configure project :video_player_android
[        ] Evaluating project ':video_player_android' using build file '/home/shivagsudhir198824/.pub-cache/hosted/pub.dev/video_player_android-2.9.5/android/build.gradle.kts'.
[        ] Resolved plugin [id: 'com.android.library']
[        ] Resolved plugin [id: 'kotlin-android']
[   +1 ms] Using default execution profile
[   +1 ms] Using Kotlin Gradle Plugin gradle813 variant
[ +197 ms] > Configure project :video_thumbnail_plus
[        ] Evaluating project ':video_thumbnail_plus' using build file '/home/shivagsudhir198824/.pub-cache/hosted/pub.dev/video_thumbnail_plus-0.0.2/android/build.gradle'.
[        ] Using default execution profile
[        ] Using Kotlin Gradle Plugin gradle813 variant
[ +197 ms] > Configure project :webview_flutter_android
[        ] Evaluating project ':webview_flutter_android' using build file '/home/shivagsudhir198824/.pub-cache/hosted/pub.dev/webview_flutter_android-4.12.0/android/build.gradle.kts'.
[        ] Resolved plugin [id: 'com.android.library']
[        ] Resolved plugin [id: 'kotlin-android']
[   +1 ms] Using default execution profile
[        ] Using Kotlin Gradle Plugin gradle813 variant
[        ] All projects evaluated.
[        ] Task name matched 'assembleRelease'
[        ] Selected primary task 'assembleRelease' from project :
[   +1 ms] WARNING: Your Android app project: app located at: /home/shivagsudhir198824/myproject1/android/app/build.gradle.kts
[   +2 ms] applies the Kotlin Gradle Plugin, which will cause build failures in future versions of Flutter. 
[        ] Please migrate your app to Built-in Kotlin using this guide: https://docs.flutter.dev/release/breaking-changes/migrate-to-built-in-kotlin/for-app-developers
[        ] WARNING: Your app uses the following plugins that apply Kotlin Gradle Plugin (KGP): device_info_plus, gallery_saver_plus, saf, video_player_android, video_thumbnail_plus, webview_flutter_android
[        ] Future versions of Flutter will fail to build if your app uses plugins that apply KGP.
[        ] Please check the changelogs of these plugins and upgrade to a version that supports Built-in Kotlin.
[        ] If no such version exists, report the issue to the plugin. If necessary, here is a guide on filing 
[        ] an issue against a plugin: https://docs.flutter.dev/release/breaking-changes/migrate-to-built-in-kotlin/for-app-developers#report-incompatible-kotlin-gradle-plugin-usage-to-plugin-authors
[        ] If you are a plugin author, please migrate your plugin to Built-in Kotlin using this guide: https://docs.flutter.dev/release/breaking-changes/migrate-to-built-in-kotlin/for-plugin-authors
[+1112 ms] Tasks to be executed: [task ':app:ReleaseMinSdkCheck', task ':app:preBuild', task ':app:preReleaseBuild', task ':app:configureCMakeRelease[arm64-v8a]', task ':app:buildCMakeRelease[arm64-v8a]', task ':app:configureCMakeRelease[armeabi-v7a]', task ':app:buildCMakeRelease[armeabi-v7a]', task ':app:configureCMakeRelease[x86_64]', task ':app:buildCMakeRelease[x86_64]', task ':app:compileFlutterBuildRelease', task ':app:copyJniLibsflutterBuildRelease', task ':app:mergeReleaseJniLibFolders', task ':device_info_plus:preBuild', task ':device_info_plus:preReleaseBuild', task ':device_info_plus:mergeReleaseJniLibFolders', task ':device_info_plus:mergeReleaseNativeLibs', task ':device_info_plus:copyReleaseJniLibsProjectOnly', task ':gallery_saver_plus:preBuild', task ':gallery_saver_plus:preReleaseBuild', task ':gallery_saver_plus:mergeReleaseJniLibFolders', task ':gallery_saver_plus:mergeReleaseNativeLibs', task ':gallery_saver_plus:copyReleaseJniLibsProjectOnly', task ':google_mobile_ads:preBuild', task ':google_mobile_ads:preReleaseBuild', task ':google_mobile_ads:mergeReleaseJniLibFolders', task ':google_mobile_ads:mergeReleaseNativeLibs', task ':google_mobile_ads:copyReleaseJniLibsProjectOnly', task ':jni:preBuild', task ':jni:preReleaseBuild', task ':jni:configureCMakeRelWithDebInfo[arm64-v8a]', task ':jni:buildCMakeRelWithDebInfo[arm64-v8a]', task ':jni:configureCMakeRelWithDebInfo[armeabi-v7a]', task ':jni:buildCMakeRelWithDebInfo[armeabi-v7a]', task ':jni:configureCMakeRelWithDebInfo[x86]', task ':jni:buildCMakeRelWithDebInfo[x86]', task ':jni:configureCMakeRelWithDebInfo[x86_64]', task ':jni:buildCMakeRelWithDebInfo[x86_64]', task ':jni:mergeReleaseJniLibFolders', task ':jni:mergeReleaseNativeLibs', task ':jni:copyReleaseJniLibsProjectOnly', task ':jni_flutter:preBuild', task ':jni_flutter:preReleaseBuild', task ':jni_flutter:mergeReleaseJniLibFolders', task ':jni_flutter:mergeReleaseNativeLibs', task ':jni_flutter:copyReleaseJniLibsProjectOnly', task ':permission_handler_android:preBuild', task ':permission_handler_android:preReleaseBuild', task ':permission_handler_android:mergeReleaseJniLibFolders', task ':permission_handler_android:mergeReleaseNativeLibs', task ':permission_handler_android:copyReleaseJniLibsProjectOnly', task ':saf:preBuild', task ':saf:preReleaseBuild', task ':saf:mergeReleaseJniLibFolders', task ':saf:mergeReleaseNativeLibs', task ':saf:copyReleaseJniLibsProjectOnly', task ':video_player_android:preBuild', task ':video_player_android:preReleaseBuild', task ':video_player_android:mergeReleaseJniLibFolders', task ':video_player_android:mergeReleaseNativeLibs', task ':video_player_android:copyReleaseJniLibsProjectOnly', task ':video_thumbnail_plus:preBuild', task ':video_thumbnail_plus:preReleaseBuild', task ':video_thumbnail_plus:mergeReleaseJniLibFolders', task ':video_thumbnail_plus:mergeReleaseNativeLibs', task ':video_thumbnail_plus:copyReleaseJniLibsProjectOnly', task ':webview_flutter_android:preBuild', task ':webview_flutter_android:preReleaseBuild', task ':webview_flutter_android:mergeReleaseJniLibFolders', task ':webview_flutter_android:mergeReleaseNativeLibs', task ':webview_flutter_android:copyReleaseJniLibsProjectOnly', task ':app:mergeReleaseNativeLibs', task ':app:stripReleaseDebugSymbols', task ':app:extractReleaseNativeSymbolTables', task ':app:mergeReleaseNativeDebugMetadata', task ':device_info_plus:checkKotlinGradlePluginConfigurationErrors', task ':device_info_plus:generateReleaseResValues', task ':device_info_plus:generateReleaseResources', task ':device_info_plus:packageReleaseResources', task ':device_info_plus:parseReleaseLocalResources', task ':device_info_plus:generateReleaseRFile', task ':device_info_plus:compileReleaseKotlin', task ':device_info_plus:javaPreCompileRelease', task ':device_info_plus:compileReleaseJavaWithJavac', task ':device_info_plus:mergeReleaseGeneratedProguardFiles', task ':device_info_plus:exportReleaseConsumerProguardFiles', task ':gallery_saver_plus:checkKotlinGradlePluginConfigurationErrors', task ':gallery_saver_plus:generateReleaseResValues', task ':gallery_saver_plus:generateReleaseResources', task ':gallery_saver_plus:packageReleaseResources', task ':gallery_saver_plus:parseReleaseLocalResources', task ':gallery_saver_plus:generateReleaseRFile', task ':gallery_saver_plus:compileReleaseKotlin', task ':gallery_saver_plus:javaPreCompileRelease', task ':gallery_saver_plus:compileReleaseJavaWithJavac', task ':gallery_saver_plus:mergeReleaseGeneratedProguardFiles', task ':gallery_saver_plus:exportReleaseConsumerProguardFiles', task ':google_mobile_ads:checkKotlinGradlePluginConfigurationErrors', task ':google_mobile_ads:generateReleaseResValues', task ':google_mobile_ads:generateReleaseResources', task ':google_mobile_ads:packageReleaseResources', task ':google_mobile_ads:parseReleaseLocalResources', task ':google_mobile_ads:generateReleaseRFile', task ':webview_flutter_android:checkKotlinGradlePluginConfigurationErrors', task ':webview_flutter_android:generateReleaseResValues', task ':webview_flutter_android:generateReleaseResources', task ':webview_flutter_android:packageReleaseResources', task ':webview_flutter_android:parseReleaseLocalResources', task ':webview_flutter_android:generateReleaseRFile', task ':webview_flutter_android:compileReleaseKotlin', task ':webview_flutter_android:javaPreCompileRelease', task ':webview_flutter_android:compileReleaseJavaWithJavac', task ':webview_flutter_android:bundleLibCompileToJarRelease', task ':google_mobile_ads:compileReleaseKotlin', task ':google_mobile_ads:javaPreCompileRelease', task ':google_mobile_ads:compileReleaseJavaWithJavac', task ':google_mobile_ads:mergeReleaseGeneratedProguardFiles', task ':google_mobile_ads:exportReleaseConsumerProguardFiles', task ':jni:checkKotlinGradlePluginConfigurationErrors', task ':jni:generateReleaseResValues', task ':jni:generateReleaseResources', task ':jni:packageReleaseResources', task ':jni:parseReleaseLocalResources', task ':jni:generateReleaseRFile', task ':jni:compileReleaseKotlin', task ':jni:javaPreCompileRelease', task ':jni:compileReleaseJavaWithJavac', task ':jni:bundleLibCompileToJarRelease', task ':jni_flutter:checkKotlinGradlePluginConfigurationErrors', task ':jni_flutter:generateReleaseResValues', task ':jni_flutter:generateReleaseResources', task ':jni_flutter:packageReleaseResources', task ':jni_flutter:parseReleaseLocalResources', task ':jni_flutter:generateReleaseRFile', task ':jni_flutter:compileReleaseKotlin', task ':jni_flutter:javaPreCompileRelease', task ':jni_flutter:compileReleaseJavaWithJavac', task ':jni_flutter:mergeReleaseGeneratedProguardFiles', task ':jni_flutter:exportReleaseConsumerProguardFiles', task ':jni:mergeReleaseGeneratedProguardFiles', task ':jni:exportReleaseConsumerProguardFiles', task ':permission_handler_android:checkKotlinGradlePluginConfigurationErrors', task ':permission_handler_android:generateReleaseResValues', task ':permission_handler_android:generateReleaseResources', task ':permission_handler_android:packageReleaseResources', task ':permission_handler_android:parseReleaseLocalResources', task ':permission_handler_android:generateReleaseRFile', task ':permission_handler_android:compileReleaseKotlin', task ':permission_handler_android:javaPreCompileRelease', task ':permission_handler_android:compileReleaseJavaWithJavac', task ':permission_handler_android:mergeReleaseGeneratedProguardFiles', task ':permission_handler_android:exportReleaseConsumerProguardFiles', task ':saf:checkKotlinGradlePluginConfigurationErrors', task ':saf:generateReleaseResValues', task ':saf:generateReleaseResources', task ':saf:packageReleaseResources', task ':saf:parseReleaseLocalResources', task ':saf:generateReleaseRFile', task ':saf:compileReleaseKotlin', task ':saf:javaPreCompileRelease', task ':saf:compileReleaseJavaWithJavac', task ':saf:mergeReleaseGeneratedProguardFiles', task ':saf:exportReleaseConsumerProguardFiles', task ':video_player_android:checkKotlinGradlePluginConfigurationErrors', task ':video_player_android:generateReleaseResValues', task ':video_player_android:generateReleaseResources', task ':video_player_android:packageReleaseResources', task ':video_player_android:parseReleaseLocalResources', task ':video_player_android:generateReleaseRFile', task ':video_player_android:compileReleaseKotlin', task ':video_player_android:javaPreCompileRelease', task ':video_player_android:compileReleaseJavaWithJavac', task ':video_player_android:mergeReleaseGeneratedProguardFiles', task ':video_player_android:exportReleaseConsumerProguardFiles', task ':video_thumbnail_plus:checkKotlinGradlePluginConfigurationErrors', task ':video_thumbnail_plus:generateReleaseResValues', task ':video_thumbnail_plus:generateReleaseResources', task ':video_thumbnail_plus:packageReleaseResources', task ':video_thumbnail_plus:parseReleaseLocalResources', task ':video_thumbnail_plus:generateReleaseRFile', task ':video_thumbnail_plus:compileReleaseKotlin', task ':video_thumbnail_plus:javaPreCompileRelease', task ':video_thumbnail_plus:compileReleaseJavaWithJavac', task ':video_thumbnail_plus:mergeReleaseGeneratedProguardFiles', task ':video_thumbnail_plus:exportReleaseConsumerProguardFiles', task ':webview_flutter_android:mergeReleaseGeneratedProguardFiles', task ':webview_flutter_android:exportReleaseConsumerProguardFiles', task ':app:buildKotlinToolingMetadata', task ':app:checkReleaseDuplicateClasses', task ':app:checkKotlinGradlePluginConfigurationErrors', task ':device_info_plus:writeReleaseAarMetadata', task ':gallery_saver_plus:writeReleaseAarMetadata', task ':google_mobile_ads:writeReleaseAarMetadata', task ':jni:writeReleaseAarMetadata', task ':jni_flutter:writeReleaseAarMetadata', task ':permission_handler_android:writeReleaseAarMetadata', task ':saf:writeReleaseAarMetadata', task ':video_player_android:writeReleaseAarMetadata', task ':video_thumbnail_plus:writeReleaseAarMetadata', task ':webview_flutter_android:writeReleaseAarMetadata', task ':app:checkReleaseAarMetadata', task ':app:cleanMergeReleaseAssets', task ':app:mergeReleaseShaders', task ':app:compileReleaseShaders', task ':app:generateReleaseAssets', task ':device_info_plus:mergeReleaseShaders', task ':device_info_plus:compileReleaseShaders', task ':device_info_plus:generateReleaseAssets', task ':device_info_plus:mergeReleaseAssets', task ':gallery_saver_plus:mergeReleaseShaders', task ':gallery_saver_plus:compileReleaseShaders', task ':gallery_saver_plus:generateReleaseAssets', task ':gallery_saver_plus:mergeReleaseAssets', task ':google_mobile_ads:mergeReleaseShaders', task ':google_mobile_ads:compileReleaseShaders', task ':google_mobile_ads:generateReleaseAssets', task ':google_mobile_ads:mergeReleaseAssets', task ':jni:mergeReleaseShaders', task ':jni:compileReleaseShaders', task ':jni:generateReleaseAssets', task ':jni:mergeReleaseAssets', task ':jni_flutter:mergeReleaseShaders', task ':jni_flutter:compileReleaseShaders', task ':jni_flutter:generateReleaseAssets', task ':jni_flutter:mergeReleaseAssets', task ':permission_handler_android:mergeReleaseShaders', task ':permission_handler_android:compileReleaseShaders', task ':permission_handler_android:generateReleaseAssets', task ':permission_handler_android:mergeReleaseAssets', task ':saf:mergeReleaseShaders', task ':saf:compileReleaseShaders', task ':saf:generateReleaseAssets', task ':saf:mergeReleaseAssets', task ':video_player_android:mergeReleaseShaders', task ':video_player_android:compileReleaseShaders', task ':video_player_android:generateReleaseAssets', task ':video_player_android:mergeReleaseAssets', task ':video_thumbnail_plus:mergeReleaseShaders', task ':video_thumbnail_plus:compileReleaseShaders', task ':video_thumbnail_plus:generateReleaseAssets', task ':video_thumbnail_plus:mergeReleaseAssets', task ':webview_flutter_android:mergeReleaseShaders', task ':webview_flutter_android:compileReleaseShaders', task ':webview_flutter_android:generateReleaseAssets', task ':webview_flutter_android:mergeReleaseAssets', task ':app:mergeReleaseAssets', task ':app:copyFlutterAssetsRelease', task ':app:generateReleaseResValues', task ':app:mapReleaseSourceSetPaths', task ':app:generateReleaseResources', task ':app:mergeReleaseResources', task ':app:packageReleaseResources', task ':app:parseReleaseLocalResources', task ':app:createReleaseCompatibleScreenManifests', task ':app:extractDeepLinksRelease', task ':device_info_plus:extractDeepLinksRelease', task ':device_info_plus:processReleaseManifest', task ':gallery_saver_plus:extractDeepLinksRelease', task ':gallery_saver_plus:processReleaseManifest', task ':google_mobile_ads:extractDeepLinksRelease', task ':google_mobile_ads:processReleaseManifest', task ':jni:extractDeepLinksRelease', task ':jni:processReleaseManifest', task ':jni_flutter:extractDeepLinksRelease', task ':jni_flutter:processReleaseManifest', task ':permission_handler_android:extractDeepLinksRelease', task ':permission_handler_android:processReleaseManifest', task ':saf:extractDeepLinksRelease', task ':saf:processReleaseManifest', task ':video_player_android:extractDeepLinksRelease', task ':video_player_android:processReleaseManifest', task ':video_thumbnail_plus:extractDeepLinksRelease', task ':video_thumbnail_plus:processReleaseManifest', task ':webview_flutter_android:extractDeepLinksRelease', task ':webview_flutter_android:processReleaseManifest', task ':app:processReleaseMainManifest', task ':app:outputReleaseAppLinkSettings', task ':app:processReleaseManifest', task ':app:processReleaseManifestForPackage', task ':app:processReleaseResources', task ':device_info_plus:bundleLibCompileToJarRelease', task ':gallery_saver_plus:bundleLibCompileToJarRelease', task ':google_mobile_ads:bundleLibCompileToJarRelease', task ':jni_flutter:bundleLibCompileToJarRelease', task ':permission_handler_android:bundleLibCompileToJarRelease', task ':saf:bundleLibCompileToJarRelease', task ':video_player_android:bundleLibCompileToJarRelease', task ':video_thumbnail_plus:bundleLibCompileToJarRelease', task ':app:compileReleaseKotlin', task ':app:javaPreCompileRelease', task ':app:compileReleaseJavaWithJavac', task ':device_info_plus:prepareReleaseArtProfile', task ':gallery_saver_plus:prepareReleaseArtProfile', task ':google_mobile_ads:prepareReleaseArtProfile', task ':jni:prepareReleaseArtProfile', task ':jni_flutter:prepareReleaseArtProfile', task ':permission_handler_android:prepareReleaseArtProfile', task ':saf:prepareReleaseArtProfile', task ':video_player_android:prepareReleaseArtProfile', task ':video_thumbnail_plus:prepareReleaseArtProfile', task ':webview_flutter_android:prepareReleaseArtProfile', task ':app:mergeReleaseArtProfile', task ':device_info_plus:bundleLibRuntimeToJarRelease', task ':gallery_saver_plus:bundleLibRuntimeToJarRelease', task ':google_mobile_ads:bundleLibRuntimeToJarRelease', task ':jni:bundleLibRuntimeToJarRelease', task ':jni_flutter:bundleLibRuntimeToJarRelease', task ':permission_handler_android:bundleLibRuntimeToJarRelease', task ':saf:bundleLibRuntimeToJarRelease', task ':video_player_android:bundleLibRuntimeToJarRelease', task ':video_thumbnail_plus:bundleLibRuntimeToJarRelease', task ':webview_flutter_android:bundleLibRuntimeToJarRelease', task ':app:expandReleaseArtProfileWildcards', task ':app:extractProguardFiles', task ':app:mergeReleaseGeneratedProguardFiles', task ':app:processReleaseJavaRes', task ':device_info_plus:processReleaseJavaRes', task ':gallery_saver_plus:processReleaseJavaRes', task ':google_mobile_ads:processReleaseJavaRes', task ':jni:processReleaseJavaRes', task ':jni_flutter:processReleaseJavaRes', task ':permission_handler_android:processReleaseJavaRes', task ':saf:processReleaseJavaRes', task ':video_player_android:processReleaseJavaRes', task ':video_thumbnail_plus:processReleaseJavaRes', task ':webview_flutter_android:processReleaseJavaRes', task ':app:mergeReleaseJavaResource', task ':app:mergeReleaseStartupProfile', task ':app:minifyReleaseWithR8', task ':app:compileReleaseArtProfile', task ':app:compressReleaseAssets', task ':app:extractReleaseVersionControlInfo', task ':device_info_plus:createFullJarRelease', task ':device_info_plus:extractProguardFiles', task ':device_info_plus:generateReleaseLintModel', task ':device_info_plus:prepareLintJarForPublish', task ':gallery_saver_plus:createFullJarRelease', task ':gallery_saver_plus:extractProguardFiles', task ':gallery_saver_plus:generateReleaseLintModel', task ':gallery_saver_plus:prepareLintJarForPublish', task ':google_mobile_ads:createFullJarRelease', task ':google_mobile_ads:extractProguardFiles', task ':webview_flutter_android:createFullJarRelease', task ':webview_flutter_android:extractProguardFiles', task ':webview_flutter_android:generateReleaseLintModel', task ':webview_flutter_android:prepareLintJarForPublish', task ':google_mobile_ads:generateReleaseLintModel', task ':google_mobile_ads:prepareLintJarForPublish', task ':jni:createFullJarRelease', task ':jni:extractProguardFiles', task ':jni:generateReleaseLintModel', task ':jni:prepareLintJarForPublish', task ':jni_flutter:createFullJarRelease', task ':jni_flutter:extractProguardFiles', task ':jni_flutter:generateReleaseLintModel', task ':jni_flutter:prepareLintJarForPublish', task ':permission_handler_android:createFullJarRelease', task ':permission_handler_android:extractProguardFiles', task ':permission_handler_android:generateReleaseLintModel', task ':permission_handler_android:prepareLintJarForPublish', task ':saf:createFullJarRelease', task ':saf:extractProguardFiles', task ':saf:generateReleaseLintModel', task ':saf:prepareLintJarForPublish', task ':video_player_android:createFullJarRelease', task ':video_player_android:extractProguardFiles', task ':video_player_android:generateReleaseLintModel', task ':video_player_android:prepareLintJarForPublish', task ':video_thumbnail_plus:createFullJarRelease', task ':video_thumbnail_plus:extractProguardFiles', task ':video_thumbnail_plus:generateReleaseLintModel', task ':video_thumbnail_plus:prepareLintJarForPublish', task ':app:generateReleaseLintVitalReportModel', task ':device_info_plus:stripReleaseDebugSymbols', task ':device_info_plus:copyReleaseJniLibsProjectAndLocalJars', task ':device_info_plus:extractDeepLinksForAarRelease', task ':device_info_plus:extractReleaseAnnotations', task ':device_info_plus:mergeReleaseConsumerProguardFiles', task ':device_info_plus:mergeReleaseJavaResource', task ':device_info_plus:syncReleaseLibJars', task ':device_info_plus:bundleReleaseLocalLintAar', task ':gallery_saver_plus:stripReleaseDebugSymbols', task ':gallery_saver_plus:copyReleaseJniLibsProjectAndLocalJars', task ':gallery_saver_plus:extractDeepLinksForAarRelease', task ':gallery_saver_plus:extractReleaseAnnotations', task ':gallery_saver_plus:mergeReleaseConsumerProguardFiles', task ':gallery_saver_plus:mergeReleaseJavaResource', task ':gallery_saver_plus:syncReleaseLibJars', task ':gallery_saver_plus:bundleReleaseLocalLintAar', task ':google_mobile_ads:stripReleaseDebugSymbols', task ':google_mobile_ads:copyReleaseJniLibsProjectAndLocalJars', task ':google_mobile_ads:extractDeepLinksForAarRelease', task ':google_mobile_ads:extractReleaseAnnotations', task ':google_mobile_ads:mergeReleaseConsumerProguardFiles', task ':google_mobile_ads:mergeReleaseJavaResource', task ':google_mobile_ads:syncReleaseLibJars', task ':google_mobile_ads:bundleReleaseLocalLintAar', task ':jni_flutter:stripReleaseDebugSymbols', task ':jni_flutter:copyReleaseJniLibsProjectAndLocalJars', task ':jni_flutter:extractDeepLinksForAarRelease', task ':jni_flutter:extractReleaseAnnotations', task ':jni_flutter:mergeReleaseConsumerProguardFiles', task ':jni_flutter:mergeReleaseJavaResource', task ':jni_flutter:syncReleaseLibJars', task ':jni_flutter:bundleReleaseLocalLintAar', task ':jni:stripReleaseDebugSymbols', task ':jni:copyReleaseJniLibsProjectAndLocalJars', task ':jni:extractDeepLinksForAarRelease', task ':jni:extractReleaseAnnotations', task ':jni:mergeReleaseConsumerProguardFiles', task ':jni:mergeReleaseJavaResource', task ':jni:syncReleaseLibJars', task ':jni:bundleReleaseLocalLintAar', task ':permission_handler_android:stripReleaseDebugSymbols', task ':permission_handler_android:copyReleaseJniLibsProjectAndLocalJars', task ':permission_handler_android:extractDeepLinksForAarRelease', task ':permission_handler_android:extractReleaseAnnotations', task ':permission_handler_android:mergeReleaseConsumerProguardFiles', task ':permission_handler_android:mergeReleaseJavaResource', task ':permission_handler_android:syncReleaseLibJars', task ':permission_handler_android:bundleReleaseLocalLintAar', task ':saf:stripReleaseDebugSymbols', task ':saf:copyReleaseJniLibsProjectAndLocalJars', task ':saf:extractDeepLinksForAarRelease', task ':saf:extractReleaseAnnotations', task ':saf:mergeReleaseConsumerProguardFiles', task ':saf:mergeReleaseJavaResource', task ':saf:syncReleaseLibJars', task ':saf:bundleReleaseLocalLintAar', task ':video_player_android:stripReleaseDebugSymbols', task ':video_player_android:copyReleaseJniLibsProjectAndLocalJars', task ':video_player_android:extractDeepLinksForAarRelease', task ':video_player_android:extractReleaseAnnotations', task ':video_player_android:mergeReleaseConsumerProguardFiles', task ':video_player_android:mergeReleaseJavaResource', task ':video_player_android:syncReleaseLibJars', task ':video_player_android:bundleReleaseLocalLintAar', task ':video_thumbnail_plus:stripReleaseDebugSymbols', task ':video_thumbnail_plus:copyReleaseJniLibsProjectAndLocalJars', task ':video_thumbnail_plus:extractDeepLinksForAarRelease', task ':video_thumbnail_plus:extractReleaseAnnotations', task ':video_thumbnail_plus:mergeReleaseConsumerProguardFiles', task ':video_thumbnail_plus:mergeReleaseJavaResource', task ':video_thumbnail_plus:syncReleaseLibJars', task ':video_thumbnail_plus:bundleReleaseLocalLintAar', task ':webview_flutter_android:stripReleaseDebugSymbols', task ':webview_flutter_android:copyReleaseJniLibsProjectAndLocalJars', task ':webview_flutter_android:extractDeepLinksForAarRelease', task ':webview_flutter_android:extractReleaseAnnotations', task ':webview_flutter_android:mergeReleaseConsumerProguardFiles', task ':webview_flutter_android:mergeReleaseJavaResource', task ':webview_flutter_android:syncReleaseLibJars', task ':webview_flutter_android:bundleReleaseLocalLintAar', task ':device_info_plus:lintVitalAnalyzeRelease', task ':device_info_plus:writeReleaseLintModelMetadata', task ':gallery_saver_plus:lintVitalAnalyzeRelease', task ':gallery_saver_plus:writeReleaseLintModelMetadata', task ':webview_flutter_android:writeReleaseLintModelMetadata', task ':google_mobile_ads:lintVitalAnalyzeRelease', task ':google_mobile_ads:writeReleaseLintModelMetadata', task ':jni:lintVitalAnalyzeRelease', task ':jni:writeReleaseLintModelMetadata', task ':jni_flutter:lintVitalAnalyzeRelease', task ':jni_flutter:writeReleaseLintModelMetadata', task ':permission_handler_android:lintVitalAnalyzeRelease', task ':permission_handler_android:writeReleaseLintModelMetadata', task ':saf:lintVitalAnalyzeRelease', task ':saf:writeReleaseLintModelMetadata', task ':video_player_android:lintVitalAnalyzeRelease', task ':video_player_android:writeReleaseLintModelMetadata', task ':video_thumbnail_plus:lintVitalAnalyzeRelease', task ':video_thumbnail_plus:writeReleaseLintModelMetadata', task ':webview_flutter_android:lintVitalAnalyzeRelease', task ':app:lintVitalAnalyzeRelease', task ':device_info_plus:generateReleaseLintVitalModel', task ':gallery_saver_plus:generateReleaseLintVitalModel', task ':google_mobile_ads:generateReleaseLintVitalModel', task ':jni:generateReleaseLintVitalModel', task ':jni_flutter:generateReleaseLintVitalModel', task ':permission_handler_android:generateReleaseLintVitalModel', task ':saf:generateReleaseLintVitalModel', task ':video_player_android:generateReleaseLintVitalModel', task ':video_thumbnail_plus:generateReleaseLintVitalModel', task ':webview_flutter_android:generateReleaseLintVitalModel', task ':app:lintVitalReportRelease', task ':app:lintVitalRelease', task ':app:convertShrunkResourcesToBinaryRelease', task ':app:optimizeReleaseResources', task ':app:collectReleaseDependencies', task ':app:sdkReleaseDependencyData', task ':app:validateSigningRelease', task ':app:writeReleaseAppMetadata', task ':app:writeReleaseSigningConfigVersions', task ':app:packageRelease', task ':app:createReleaseApkListingFileRedirect', task ':app:assembleRelease', task ':device_info_plus:bundleReleaseAar', task ':device_info_plus:mapReleaseSourceSetPaths', task ':device_info_plus:mergeReleaseResources', task ':device_info_plus:verifyReleaseResources', task ':device_info_plus:assembleRelease', task ':gallery_saver_plus:bundleReleaseAar', task ':gallery_saver_plus:mapReleaseSourceSetPaths', task ':gallery_saver_plus:mergeReleaseResources', task ':gallery_saver_plus:verifyReleaseResources', task ':gallery_saver_plus:assembleRelease', task ':google_mobile_ads:bundleReleaseAar', task ':google_mobile_ads:mapReleaseSourceSetPaths', task ':google_mobile_ads:mergeReleaseResources', task ':webview_flutter_android:compileReleaseLibraryResources', task ':google_mobile_ads:verifyReleaseResources', task ':google_mobile_ads:assembleRelease', task ':jni:bundleReleaseAar', task ':jni:mapReleaseSourceSetPaths', task ':jni:mergeReleaseResources', task ':jni:verifyReleaseResources', task ':jni:assembleRelease', task ':jni_flutter:bundleReleaseAar', task ':jni:compileReleaseLibraryResources', task ':jni_flutter:mapReleaseSourceSetPaths', task ':jni_flutter:mergeReleaseResources', task ':jni_flutter:verifyReleaseResources', task ':jni_flutter:assembleRelease', task ':permission_handler_android:bundleReleaseAar', task ':permission_handler_android:mapReleaseSourceSetPaths', task ':permission_handler_android:mergeReleaseResources', task ':permission_handler_android:verifyReleaseResources', task ':permission_handler_android:assembleRelease', task ':saf:bundleReleaseAar', task ':saf:mapReleaseSourceSetPaths', task ':saf:mergeReleaseResources', task ':saf:verifyReleaseResources', task ':saf:assembleRelease', task ':video_player_android:bundleReleaseAar', task ':video_player_android:mapReleaseSourceSetPaths', task ':video_player_android:mergeReleaseResources', task ':video_player_android:verifyReleaseResources', task ':video_player_android:assembleRelease', task ':video_thumbnail_plus:bundleReleaseAar', task ':video_thumbnail_plus:mapReleaseSourceSetPaths', task ':video_thumbnail_plus:mergeReleaseResources', task ':video_thumbnail_plus:verifyReleaseResources', task ':video_thumbnail_plus:assembleRelease', task ':webview_flutter_android:bundleReleaseAar', task ':webview_flutter_android:mapReleaseSourceSetPaths', task ':webview_flutter_android:mergeReleaseResources', task ':webview_flutter_android:verifyReleaseResources', task ':webview_flutter_android:assembleRelease']
[   +1 ms] Tasks that were excluded: []
[        ] work action Parameters of FilterShrinkerRulesTransform (Thread[included builds,5,main]) started.
[        ] work action Parameters of ExtractAarTransform (Thread[Execution worker,5,main]) started.
[        ] work action Parameters of ExtractAarTransform (Thread[Execution worker,5,main]) started.
[        ] work action Parameters of ExtractAarTransform (Thread[Execution worker,5,main]) started.
[        ] Resolve mutations for :app:ReleaseMinSdkCheck (Thread[included builds,5,main]) started.
[        ] :app:ReleaseMinSdkCheck (Thread[Execution worker Thread 2,5,main]) started.
[        ] > Task :app:ReleaseMinSdkCheck
[        ] Caching disabled for task ':app:ReleaseMinSdkCheck' because:
[        ]   Build cache is disabled
[        ] Task ':app:ReleaseMinSdkCheck' is not up-to-date because:
[   +1 ms]   Task has not declared any outputs despite executing actions.
[   +1 ms] Resolve mutations for :app:preBuild (Thread[included builds,5,main]) started.
[        ] :app:preBuild (Thread[Execution worker Thread 2,5,main]) started.
[        ] > Task :app:preBuild UP-TO-DATE
[        ] Skipping task ':app:preBuild' as it has no actions.
[        ] Resolve mutations for :app:preReleaseBuild (Thread[Execution worker Thread 2,5,main]) started.
[        ] :app:preReleaseBuild (Thread[included builds,5,main]) started.
[        ] > Task :app:preReleaseBuild UP-TO-DATE
[        ] Skipping task ':app:preReleaseBuild' as it has no actions.
[        ] Resolve mutations for :app:configureCMakeRelease[arm64-v8a] (Thread[Execution worker Thread 2,5,main]) started.
[        ] :app:configureCMakeRelease[arm64-v8a] (Thread[Execution worker Thread 2,5,main]) started.
[  +72 ms] > Task :app:configureCMakeRelease[arm64-v8a]
[        ] Caching disabled for task ':app:configureCMakeRelease[arm64-v8a]' because:
[        ]   Build cache is disabled
[        ]   Caching has been disabled for the task
[        ] Task ':app:configureCMakeRelease[arm64-v8a]' is not up-to-date because:
[        ]   Task.upToDateWhen is false.
[        ] C/C++: SDK Manager found the following installed packages: build-tools;34.0.0 build-tools;35.0.0 cmake;3.22.1 cmdline-tools;11.0 ndk;26.1.10909125 ndk;27.0.12077973 ndk;28.2.13676358 platform-tools platforms;android-31 platforms;android-33 platforms;android-34 platforms;android-35 platforms;android-36
[   +2 ms] C/C++: /home/shivagsudhir198824/flutter/packages/flutter_tools/gradle/src/main/scripts/CMakeLists.txt release|arm64-v8a : Start JSON generation. Platform version: 24 min SDK version: arm64-v8a
[        ] C/C++: /home/shivagsudhir198824/flutter/packages/flutter_tools/gradle/src/main/scripts/CMakeLists.txt release|arm64-v8a : JSON '/home/shivagsudhir198824/myproject1/build/.cxx/release/v3iw5k1b/arm64-v8a/android_gradle_build.json' was up-to-date
[        ] C/C++: /home/shivagsudhir198824/flutter/packages/flutter_tools/gradle/src/main/scripts/CMakeLists.txt release|arm64-v8a : JSON generation completed without problems
[        ] C/C++: /home/shivagsudhir198824/flutter/packages/flutter_tools/gradle/src/main/scripts/CMakeLists.txt release|arm64-v8a : Writing build model to /home/shivagsudhir198824/myproject1/build/app/intermediates/cxx/release/v3iw5k1b/logs/arm64-v8a/build_model.json
[        ] Resolve mutations for :app:buildCMakeRelease[arm64-v8a] (Thread[Execution worker Thread 2,5,main]) started.
[        ] :app:buildCMakeRelease[arm64-v8a] (Thread[Execution worker Thread 2,5,main]) started.
[        ] > Task :app:buildCMakeRelease[arm64-v8a]
[        ] Caching disabled for task ':app:buildCMakeRelease[arm64-v8a]' because:
[        ]   Build cache is disabled
[        ]   Caching has been disabled for the task
[   +2 ms] Task ':app:buildCMakeRelease[arm64-v8a]' is not up-to-date because:
[        ]   Task.upToDateWhen is false.
[        ] C/C++: starting build
[        ] C/C++: reading expected JSONs
[        ] C/C++: done reading expected JSONs
[        ] C/C++: executing build commands for targets that produce .so files or executables
[        ] C/C++: evaluate miniconfig
[        ] C/C++: no libraries
[        ] Resolve mutations for :app:configureCMakeRelease[armeabi-v7a] (Thread[Execution worker Thread 2,5,main]) started.
[        ] :app:configureCMakeRelease[armeabi-v7a] (Thread[included builds,5,main]) started.
[        ] > Task :app:configureCMakeRelease[armeabi-v7a]
[        ] Caching disabled for task ':app:configureCMakeRelease[armeabi-v7a]' because:
[   +3 ms]   Build cache is disabled
[        ]   Caching has been disabled for the task
[        ] Task ':app:configureCMakeRelease[armeabi-v7a]' is not up-to-date because:
[        ]   Task.upToDateWhen is false.
[        ] C/C++: /home/shivagsudhir198824/flutter/packages/flutter_tools/gradle/src/main/scripts/CMakeLists.txt release|armeabi-v7a : Start JSON generation. Platform version: 24 min SDK version: armeabi-v7a
[        ] C/C++: /home/shivagsudhir198824/flutter/packages/flutter_tools/gradle/src/main/scripts/CMakeLists.txt release|armeabi-v7a : JSON '/home/shivagsudhir198824/myproject1/build/.cxx/release/v3iw5k1b/armeabi-v7a/android_gradle_build.json' was up-to-date
[        ] C/C++: /home/shivagsudhir198824/flutter/packages/flutter_tools/gradle/src/main/scripts/CMakeLists.txt release|armeabi-v7a : JSON generation completed without problems
[        ] C/C++: /home/shivagsudhir198824/flutter/packages/flutter_tools/gradle/src/main/scripts/CMakeLists.txt release|armeabi-v7a : Writing build model to /home/shivagsudhir198824/myproject1/build/app/intermediates/cxx/release/v3iw5k1b/logs/armeabi-v7a/build_model.json
[        ] Resolve mutations for :app:buildCMakeRelease[armeabi-v7a] (Thread[included builds,5,main]) started.
[        ] :app:buildCMakeRelease[armeabi-v7a] (Thread[included builds,5,main]) started.
[        ] > Task :app:buildCMakeRelease[armeabi-v7a]
[        ] Caching disabled for task ':app:buildCMakeRelease[armeabi-v7a]' because:
[   +3 ms]   Build cache is disabled
[        ]   Caching has been disabled for the task
[        ] Task ':app:buildCMakeRelease[armeabi-v7a]' is not up-to-date because:
[        ]   Task.upToDateWhen is false.
[        ] C/C++: starting build
[        ] C/C++: reading expected JSONs
[        ] C/C++: done reading expected JSONs
[        ] C/C++: executing build commands for targets that produce .so files or executables
[        ] C/C++: evaluate miniconfig
[        ] C/C++: no libraries
[        ] Resolve mutations for :app:configureCMakeRelease[x86_64] (Thread[included builds,5,main]) started.
[        ] :app:configureCMakeRelease[x86_64] (Thread[included builds,5,main]) started.
[        ] > Task :app:configureCMakeRelease[x86_64]
[        ] Caching disabled for task ':app:configureCMakeRelease[x86_64]' because:
[        ]   Build cache is disabled
[        ]   Caching has been disabled for the task
[   +3 ms] Task ':app:configureCMakeRelease[x86_64]' is not up-to-date because:
[        ]   Task.upToDateWhen is false.
[        ] C/C++: /home/shivagsudhir198824/flutter/packages/flutter_tools/gradle/src/main/scripts/CMakeLists.txt release|x86_64 : Start JSON generation. Platform version: 24 min SDK version: x86_64
[   +3 ms] C/C++: /home/shivagsudhir198824/flutter/packages/flutter_tools/gradle/src/main/scripts/CMakeLists.txt release|x86_64 : JSON '/home/shivagsudhir198824/myproject1/build/.cxx/release/v3iw5k1b/x86_64/android_gradle_build.json' was up-to-date
[        ] C/C++: /home/shivagsudhir198824/flutter/packages/flutter_tools/gradle/src/main/scripts/CMakeLists.txt release|x86_64 : JSON generation completed without problems
[        ] C/C++: /home/shivagsudhir198824/flutter/packages/flutter_tools/gradle/src/main/scripts/CMakeLists.txt release|x86_64 : Writing build model to /home/shivagsudhir198824/myproject1/build/app/intermediates/cxx/release/v3iw5k1b/logs/x86_64/build_model.json
[        ] Resolve mutations for :app:buildCMakeRelease[x86_64] (Thread[included builds,5,main]) started.
[        ] :app:buildCMakeRelease[x86_64] (Thread[included builds,5,main]) started.
[        ] > Task :app:buildCMakeRelease[x86_64]
[        ] Caching disabled for task ':app:buildCMakeRelease[x86_64]' because:
[        ]   Build cache is disabled
[        ]   Caching has been disabled for the task
[        ] Task ':app:buildCMakeRelease[x86_64]' is not up-to-date because:
[        ]   Task.upToDateWhen is false.
[   +1 ms] C/C++: starting build
[        ] C/C++: reading expected JSONs
[        ] C/C++: done reading expected JSONs
[        ] C/C++: executing build commands for targets that produce .so files or executables
[   +1 ms] C/C++: evaluate miniconfig
[        ] C/C++: no libraries
[        ] Resolve mutations for :app:compileFlutterBuildRelease (Thread[included builds,5,main]) started.
[        ] :app:compileFlutterBuildRelease (Thread[included builds,5,main]) started.
[+1958 ms] > Task :app:compileFlutterBuildRelease
[        ] Caching disabled for task ':app:compileFlutterBuildRelease' because:
[        ]   Build cache is disabled
[        ]   Caching has not been enabled for the task
[        ] Task ':app:compileFlutterBuildRelease' is not up-to-date because:
[        ]   Value of input property 'verbose' has changed for task ':app:compileFlutterBuildRelease'
[        ] Starting process 'command '/home/shivagsudhir198824/flutter/bin/flutter''. Working directory: /home/shivagsudhir198824/myproject1 Command: /home/shivagsudhir198824/flutter/bin/flutter --verbose assemble --no-version-check --depfile /home/shivagsudhir198824/myproject1/build/app/intermediates/flutter/release/flutter_build.d --output /home/shivagsudhir198824/myproject1/build/app/intermediates/flutter/release -dTargetFile=lib/main.dart -dTargetPlatform=android -dBuildMode=release -dTrackWidgetCreation=true -dTreeShakeIcons=true --DartDefines=RkxVVFRFUl9WRVJTSU9OPTMuNDQuMA==,RkxVVFRFUl9DSEFOTkVMPXN0YWJsZQ==,RkxVVFRFUl9HSVRfVVJMPWh0dHBzOi8vZ2l0aHViLmNvbS9mbHV0dGVyL2ZsdXR0ZXIuZ2l0,RkxVVFRFUl9GUkFNRVdPUktfUkVWSVNJT049NTU5ZmZhM2Y3NQ==,RkxVVFRFUl9FTkdJTkVfUkVWSVNJT049NGM1MjVkYWM1ZQ==,RkxVVFRFUl9EQVJUX1ZFUlNJT049My4xMi4w -dFlavor= -dAndroidArchs=android-arm android-arm64 android-x64 -dMinSdkVersion=24 android_aot_bundle_release_android-arm android_aot_bundle_release_android-arm64 android_aot_bundle_release_android-x64
[        ] Successfully started process 'command '/home/shivagsudhir198824/flutter/bin/flutter''
[        ] [ +109 ms] executing: uname -m
[        ] [   +9 ms] Exit code 0 from: uname -m
[        ] [        ] x86_64
[        ] [  +16 ms] Artifact Instance of 'MaterialFonts' is not required, skipping update.
[        ] [        ] Artifact Instance of 'GradleWrapper' is not required, skipping update.
[   +2 ms] [        ] Artifact Instance of 'AndroidGenSnapshotArtifacts' is not required, skipping update.
[        ] [        ] Artifact Instance of 'AndroidInternalBuildArtifacts' is not required, skipping update.
[        ] [        ] Artifact Instance of 'IOSEngineArtifacts' is not required, skipping update.
[        ] [        ] Artifact Instance of 'FlutterWebSdk' is not required, skipping update.
[        ] [   +1 ms] Artifact Instance of 'LegacyCanvasKitRemover' is not required, skipping update.
[        ] [        ] Artifact Instance of 'FlutterSdk' is not required, skipping update.
[        ] [        ] Artifact Instance of 'WindowsEngineArtifacts' is not required, skipping update.
[        ] [        ] Artifact Instance of 'MacOSEngineArtifacts' is not required, skipping update.
[        ] [        ] Artifact Instance of 'LinuxEngineArtifacts' is not required, skipping update.
[        ] [        ] Artifact Instance of 'LinuxFuchsiaSDKArtifacts' is not required, skipping update.
[        ] [        ] Artifact Instance of 'MacOSFuchsiaSDKArtifacts' is not required, skipping update.
[        ] [        ] Artifact Instance of 'FlutterRunnerSDKArtifacts' is not required, skipping update.
[        ] [        ] Artifact Instance of 'FlutterRunnerDebugSymbols' is not required, skipping update.
[        ] [        ] Artifact Instance of 'IosUsbArtifacts' is not required, skipping update.
[        ] [        ] Artifact Instance of 'IosUsbArtifacts' is not required, skipping update.
[        ] [        ] Artifact Instance of 'IosUsbArtifacts' is not required, skipping update.
[        ] [        ] Artifact Instance of 'IosUsbArtifacts' is not required, skipping update.
[        ] [        ] Artifact Instance of 'IosUsbArtifacts' is not required, skipping update.
[        ] [        ] Artifact Instance of 'IosUsbArtifacts' is not required, skipping update.
[        ] [        ] Artifact Instance of 'FontSubsetArtifacts' is not required, skipping update.
[        ] [        ] Artifact Instance of 'PubDependencies' is not required, skipping update.
[        ] [  +19 ms] Artifact Instance of 'AndroidGenSnapshotArtifacts' is not required, skipping update.
[        ] [        ] Artifact Instance of 'AndroidInternalBuildArtifacts' is not required, skipping update.
[        ] [        ] Artifact Instance of 'IOSEngineArtifacts' is not required, skipping update.
[        ] [        ] Artifact Instance of 'FlutterWebSdk' is not required, skipping update.
[        ] [        ] Artifact Instance of 'FlutterEngineStamp' is not required, skipping update.
[        ] [        ] Artifact Instance of 'LegacyCanvasKitRemover' is not required, skipping update.
[        ] [   +3 ms] Artifact Instance of 'WindowsEngineArtifacts' is not required, skipping update.
[        ] [        ] Artifact Instance of 'MacOSEngineArtifacts' is not required, skipping update.
[        ] [        ] Artifact Instance of 'LinuxEngineArtifacts' is not required, skipping update.
[        ] [        ] Artifact Instance of 'LinuxFuchsiaSDKArtifacts' is not required, skipping update.
[        ] [        ] Artifact Instance of 'MacOSFuchsiaSDKArtifacts' is not required, skipping update.
[        ] [        ] Artifact Instance of 'FlutterRunnerSDKArtifacts' is not required, skipping update.
[        ] [        ] Artifact Instance of 'FlutterRunnerDebugSymbols' is not required, skipping update.
[        ] [  +87 ms] Artifact Instance of 'MaterialFonts' is not required, skipping update.
[        ] [        ] Artifact Instance of 'GradleWrapper' is not required, skipping update.
[        ] [   +2 ms] Artifact Instance of 'AndroidInternalBuildArtifacts' is not required, skipping update.
[        ] [        ] Artifact Instance of 'IOSEngineArtifacts' is not required, skipping update.
[        ] [        ] Artifact Instance of 'FlutterWebSdk' is not required, skipping update.
[        ] [        ] Artifact Instance of 'FlutterEngineStamp' is not required, skipping update.
[        ] [        ] Artifact Instance of 'LegacyCanvasKitRemover' is not required, skipping update.
[        ] [        ] Artifact Instance of 'FlutterSdk' is not required, skipping update.
[        ] [        ] Artifact Instance of 'WindowsEngineArtifacts' is not required, skipping update.
[        ] [        ] Artifact Instance of 'MacOSEngineArtifacts' is not required, skipping update.
[        ] [        ] Artifact Instance of 'LinuxEngineArtifacts' is not required, skipping update.
[        ] [        ] Artifact Instance of 'LinuxFuchsiaSDKArtifacts' is not required, skipping update.
[        ] [        ] Artifact Instance of 'MacOSFuchsiaSDKArtifacts' is not required, skipping update.
[        ] [        ] Artifact Instance of 'FlutterRunnerSDKArtifacts' is not required, skipping update.
[        ] [        ] Artifact Instance of 'FlutterRunnerDebugSymbols' is not required, skipping update.
[        ] [        ] Artifact Instance of 'IosUsbArtifacts' is not required, skipping update.
[        ] [        ] Artifact Instance of 'IosUsbArtifacts' is not required, skipping update.
[        ] [        ] Artifact Instance of 'IosUsbArtifacts' is not required, skipping update.
[        ] [        ] Artifact Instance of 'IosUsbArtifacts' is not required, skipping update.
[        ] [        ] Artifact Instance of 'IosUsbArtifacts' is not required, skipping update.
[        ] [        ] Artifact Instance of 'IosUsbArtifacts' is not required, skipping update.
[        ] [        ] Artifact Instance of 'FontSubsetArtifacts' is not required, skipping update.
[        ] [        ] Artifact Instance of 'PubDependencies' is not required, skipping update.
[        ] [  +17 ms] Initializing file store
[        ] [  +18 ms] Done initializing file store
[        ] [ +270 ms] Skipping target: gen_dart_plugin_registrant
[        ] [   +3 ms] Skipping target: dart_build
[        ] [        ] Skipping target: gen_localizations
[        ] [   +2 ms] Skipping target: install_code_assets
[        ] [ +760 ms] Skipping target: kernel_snapshot_program
[        ] [  +70 ms] Skipping target: android_aot_release_android-arm
[        ] [  +46 ms] Skipping target: aot_android_asset_bundle
[        ] [  +59 ms] Skipping target: android_aot_release_android-arm64
[  +85 ms] [  +69 ms] Skipping target: android_aot_release_android-x64
[ +100 ms] [  +59 ms] Skipping target: android_aot_bundle_release_android-arm
[        ] [  +55 ms] Skipping target: android_aot_bundle_release_android-arm64
[ +100 ms] [  +58 ms] Skipping target: android_aot_bundle_release_android-x64
[        ] [        ] Skipping target: _composite
[        ] [        ] Persisting file store
[        ] [  +23 ms] Done persisting file store
[  +98 ms] [  +55 ms] build succeeded.
[   +7 ms] [  +30 ms] "flutter assemble" took 1,713ms.
[        ] [  +12 ms] Running 1 shutdown hook
[        ] [        ] Shutdown hooks complete
[        ] [        ] exiting with code 0
[        ] Resolve mutations for :app:copyJniLibsflutterBuildRelease (Thread[included builds,5,main]) started.
[        ] :app:copyJniLibsflutterBuildRelease (Thread[included builds,5,main]) started.
[        ] > Task :app:copyJniLibsflutterBuildRelease UP-TO-DATE
[        ] Caching disabled for task ':app:copyJniLibsflutterBuildRelease' because:
[        ]   Build cache is disabled
[        ]   Not worth caching
[        ] Skipping task ':app:copyJniLibsflutterBuildRelease' as it is up-to-date.
[        ] Resolve mutations for :app:mergeReleaseJniLibFolders (Thread[included builds,5,main]) started.
[        ] :app:mergeReleaseJniLibFolders (Thread[included builds,5,main]) started.
[        ] > Task :app:mergeReleaseJniLibFolders UP-TO-DATE
[   +3 ms] Caching disabled for task ':app:mergeReleaseJniLibFolders' because:
[        ]   Build cache is disabled
[        ]   Simple merging task
[        ] Skipping task ':app:mergeReleaseJniLibFolders' as it is up-to-date.
[        ] Resolve mutations for :device_info_plus:preBuild (Thread[included builds,5,main]) started.
[        ] :device_info_plus:preBuild (Thread[included builds,5,main]) started.
[        ] > Task :device_info_plus:preBuild UP-TO-DATE
[        ] Skipping task ':device_info_plus:preBuild' as it has no actions.
[        ] Resolve mutations for :device_info_plus:preReleaseBuild (Thread[included builds,5,main]) started.
[        ] :device_info_plus:preReleaseBuild (Thread[included builds,5,main]) started.
[        ] > Task :device_info_plus:preReleaseBuild UP-TO-DATE
[        ] Skipping task ':device_info_plus:preReleaseBuild' as it has no actions.
[        ] Resolve mutations for :device_info_plus:mergeReleaseJniLibFolders (Thread[included builds,5,main]) started.
[        ] :device_info_plus:mergeReleaseJniLibFolders (Thread[included builds,5,main]) started.
[        ] > Task :device_info_plus:mergeReleaseJniLibFolders UP-TO-DATE
[   +4 ms] Caching disabled for task ':device_info_plus:mergeReleaseJniLibFolders' because:
[        ]   Build cache is disabled
[        ]   Simple merging task
[        ] Skipping task ':device_info_plus:mergeReleaseJniLibFolders' as it is up-to-date.
[        ] Resolve mutations for :device_info_plus:mergeReleaseNativeLibs (Thread[included builds,5,main]) started.
[        ] :device_info_plus:mergeReleaseNativeLibs (Thread[included builds,5,main]) started.
[        ] > Task :device_info_plus:mergeReleaseNativeLibs NO-SOURCE
[        ] Skipping task ':device_info_plus:mergeReleaseNativeLibs' as it has no source files and no previous output files.
[        ] Resolve mutations for :device_info_plus:copyReleaseJniLibsProjectOnly (Thread[included builds,5,main]) started.
[        ] :device_info_plus:copyReleaseJniLibsProjectOnly (Thread[included builds,5,main]) started.
[        ] > Task :device_info_plus:copyReleaseJniLibsProjectOnly UP-TO-DATE
[        ] Caching disabled for task ':device_info_plus:copyReleaseJniLibsProjectOnly' because:
[        ]   Build cache is disabled
[        ]   Caching has been disabled for the task
[        ] Skipping task ':device_info_plus:copyReleaseJniLibsProjectOnly' as it is up-to-date.
[   +1 ms] work action resolve jni (project :device_info_plus) (Thread[included builds,5,main]) started.
[        ] Resolve mutations for :gallery_saver_plus:preBuild (Thread[included builds,5,main]) started.
[        ] :gallery_saver_plus:preBuild (Thread[included builds,5,main]) started.
[        ] > Task :gallery_saver_plus:preBuild UP-TO-DATE
[        ] Skipping task ':gallery_saver_plus:preBuild' as it has no actions.
[        ] Resolve mutations for :gallery_saver_plus:preReleaseBuild (Thread[included builds,5,main]) started.
[        ] :gallery_saver_plus:preReleaseBuild (Thread[included builds,5,main]) started.
[        ] > Task :gallery_saver_plus:preReleaseBuild UP-TO-DATE
[        ] Skipping task ':gallery_saver_plus:preReleaseBuild' as it has no actions.
[        ] Resolve mutations for :gallery_saver_plus:mergeReleaseJniLibFolders (Thread[included builds,5,main]) started.
[        ] :gallery_saver_plus:mergeReleaseJniLibFolders (Thread[included builds,5,main]) started.
[        ] > Task :gallery_saver_plus:mergeReleaseJniLibFolders UP-TO-DATE
[        ] Caching disabled for task ':gallery_saver_plus:mergeReleaseJniLibFolders' because:
[        ]   Build cache is disabled
[        ]   Simple merging task
[        ] Skipping task ':gallery_saver_plus:mergeReleaseJniLibFolders' as it is up-to-date.
[        ] Resolve mutations for :gallery_saver_plus:mergeReleaseNativeLibs (Thread[included builds,5,main]) started.
[        ] :gallery_saver_plus:mergeReleaseNativeLibs (Thread[included builds,5,main]) started.
[        ] > Task :gallery_saver_plus:mergeReleaseNativeLibs NO-SOURCE
[        ] Skipping task ':gallery_saver_plus:mergeReleaseNativeLibs' as it has no source files and no previous output files.
[        ] Resolve mutations for :gallery_saver_plus:copyReleaseJniLibsProjectOnly (Thread[included builds,5,main]) started.
[        ] :gallery_saver_plus:copyReleaseJniLibsProjectOnly (Thread[included builds,5,main]) started.
[        ] > Task :gallery_saver_plus:copyReleaseJniLibsProjectOnly UP-TO-DATE
[        ] Caching disabled for task ':gallery_saver_plus:copyReleaseJniLibsProjectOnly' because:
[        ]   Build cache is disabled
[        ]   Caching has been disabled for the task
[        ] Skipping task ':gallery_saver_plus:copyReleaseJniLibsProjectOnly' as it is up-to-date.
[        ] work action resolve jni (project :gallery_saver_plus) (Thread[included builds,5,main]) started.
[        ] Resolve mutations for :google_mobile_ads:preBuild (Thread[included builds,5,main]) started.
[        ] :google_mobile_ads:preBuild (Thread[included builds,5,main]) started.
[        ] > Task :google_mobile_ads:preBuild UP-TO-DATE
[        ] Skipping task ':google_mobile_ads:preBuild' as it has no actions.
[        ] Resolve mutations for :google_mobile_ads:preReleaseBuild (Thread[included builds,5,main]) started.
[        ] :google_mobile_ads:preReleaseBuild (Thread[included builds,5,main]) started.
[        ] > Task :google_mobile_ads:preReleaseBuild UP-TO-DATE
[        ] Skipping task ':google_mobile_ads:preReleaseBuild' as it has no actions.
[        ] Resolve mutations for :google_mobile_ads:mergeReleaseJniLibFolders (Thread[included builds,5,main]) started.
[        ] :google_mobile_ads:mergeReleaseJniLibFolders (Thread[included builds,5,main]) started.
[        ] > Task :google_mobile_ads:mergeReleaseJniLibFolders UP-TO-DATE
[        ] Caching disabled for task ':google_mobile_ads:mergeReleaseJniLibFolders' because:
[        ]   Build cache is disabled
[        ]   Simple merging task
[        ] Skipping task ':google_mobile_ads:mergeReleaseJniLibFolders' as it is up-to-date.
[        ] Resolve mutations for :google_mobile_ads:mergeReleaseNativeLibs (Thread[included builds,5,main]) started.
[  +69 ms] :google_mobile_ads:mergeReleaseNativeLibs (Thread[included builds,5,main]) started.
[   +4 ms] > Task :google_mobile_ads:mergeReleaseNativeLibs NO-SOURCE
[        ] Skipping task ':google_mobile_ads:mergeReleaseNativeLibs' as it has no source files and no previous output files.
[        ] Resolve mutations for :google_mobile_ads:copyReleaseJniLibsProjectOnly (Thread[included builds,5,main]) started.
[        ] :google_mobile_ads:copyReleaseJniLibsProjectOnly (Thread[included builds,5,main]) started.
[        ] > Task :google_mobile_ads:copyReleaseJniLibsProjectOnly UP-TO-DATE
[        ] Caching disabled for task ':google_mobile_ads:copyReleaseJniLibsProjectOnly' because:
[        ]   Build cache is disabled
[        ]   Caching has been disabled for the task
[        ] Skipping task ':google_mobile_ads:copyReleaseJniLibsProjectOnly' as it is up-to-date.
[        ] work action resolve jni (project :google_mobile_ads) (Thread[included builds,5,main]) started.
[        ] Resolve mutations for :jni:preBuild (Thread[included builds,5,main]) started.
[        ] :jni:preBuild (Thread[included builds,5,main]) started.
[        ] > Task :jni:preBuild UP-TO-DATE
[        ] Skipping task ':jni:preBuild' as it has no actions.
[        ] Resolve mutations for :jni:preReleaseBuild (Thread[included builds,5,main]) started.
[        ] :jni:preReleaseBuild (Thread[included builds,5,main]) started.
[        ] > Task :jni:preReleaseBuild UP-TO-DATE
[        ] Skipping task ':jni:preReleaseBuild' as it has no actions.
[        ] Resolve mutations for :jni:configureCMakeRelWithDebInfo[arm64-v8a] (Thread[included builds,5,main]) started.
[        ] :jni:configureCMakeRelWithDebInfo[arm64-v8a] (Thread[included builds,5,main]) started.
[        ] > Task :jni:configureCMakeRelWithDebInfo[arm64-v8a]
[        ] Caching disabled for task ':jni:configureCMakeRelWithDebInfo[arm64-v8a]' because:
[        ]   Build cache is disabled
[        ]   Caching has been disabled for the task
[        ] Task ':jni:configureCMakeRelWithDebInfo[arm64-v8a]' is not up-to-date because:
[        ]   Task.upToDateWhen is false.
[        ] C/C++: /home/shivagsudhir198824/.pub-cache/hosted/pub.dev/jni-1.0.0/src/CMakeLists.txt release|arm64-v8a : Start JSON generation. Platform version: 21 min SDK version: arm64-v8a
[        ] C/C++: /home/shivagsudhir198824/.pub-cache/hosted/pub.dev/jni-1.0.0/src/CMakeLists.txt release|arm64-v8a : JSON '/home/shivagsudhir198824/.pub-cache/hosted/pub.dev/jni-1.0.0/android/.cxx/RelWithDebInfo/2g4f6e4d/arm64-v8a/android_gradle_build.json' was up-to-date
[        ] C/C++: /home/shivagsudhir198824/.pub-cache/hosted/pub.dev/jni-1.0.0/src/CMakeLists.txt release|arm64-v8a : JSON generation completed without problems
[        ] C/C++: /home/shivagsudhir198824/.pub-cache/hosted/pub.dev/jni-1.0.0/src/CMakeLists.txt release|arm64-v8a : Writing build model to /home/shivagsudhir198824/myproject1/build/jni/intermediates/cxx/RelWithDebInfo/2g4f6e4d/logs/arm64-v8a/build_model.json
[        ] Resolve mutations for :jni:buildCMakeRelWithDebInfo[arm64-v8a] (Thread[included builds,5,main]) started.
[        ] :jni:buildCMakeRelWithDebInfo[arm64-v8a] (Thread[included builds,5,main]) started.
[        ] > Task :jni:buildCMakeRelWithDebInfo[arm64-v8a]
[        ] Caching disabled for task ':jni:buildCMakeRelWithDebInfo[arm64-v8a]' because:
[        ]   Build cache is disabled
[        ]   Caching has been disabled for the task
[        ] Task ':jni:buildCMakeRelWithDebInfo[arm64-v8a]' is not up-to-date because:
[        ]   Task.upToDateWhen is false.
[        ] C/C++: starting build
[        ] C/C++: reading expected JSONs
[        ] C/C++: done reading expected JSONs
[        ] C/C++: executing build commands for targets that produce .so files or executables
[        ] C/C++: evaluate miniconfig
[        ] C/C++: evaluate library jni (arm64-v8a)
[        ] C/C++: building target library jni because no targets are specified.
[        ] C/C++: about to build targets jni
[        ] C/C++: Build jni
[        ] C/C++: /usr/lib/android-sdk/cmake/3.22.1/bin/ninja \
[        ]   -C \
[        ]   /home/shivagsudhir198824/.pub-cache/hosted/pub.dev/jni-1.0.0/android/.cxx/RelWithDebInfo/2g4f6e4d/arm64-v8a \
[        ]   jni
[        ] Starting process 'command '/usr/lib/android-sdk/cmake/3.22.1/bin/ninja''. Working directory: /home/shivagsudhir198824/.pub-cache/hosted/pub.dev/jni-1.0.0/android Command: /usr/lib/android-sdk/cmake/3.22.1/bin/ninja -C /home/shivagsudhir198824/.pub-cache/hosted/pub.dev/jni-1.0.0/android/.cxx/RelWithDebInfo/2g4f6e4d/arm64-v8a jni
[        ] Successfully started process 'command '/usr/lib/android-sdk/cmake/3.22.1/bin/ninja''
[        ] C/C++: Received process result: 0
[        ] C/C++: check expected build outputs
[        ] C/C++: build complete
[        ] Resolve mutations for :jni:configureCMakeRelWithDebInfo[armeabi-v7a] (Thread[Execution worker Thread 2,5,main]) started.
[        ] :jni:configureCMakeRelWithDebInfo[armeabi-v7a] (Thread[Execution worker Thread 2,5,main]) started.
[        ] > Task :jni:configureCMakeRelWithDebInfo[armeabi-v7a]
[        ] Caching disabled for task ':jni:configureCMakeRelWithDebInfo[armeabi-v7a]' because:
[        ]   Build cache is disabled
[        ]   Caching has been disabled for the task
[        ] Task ':jni:configureCMakeRelWithDebInfo[armeabi-v7a]' is not up-to-date because:
[        ]   Task.upToDateWhen is false.
[        ] C/C++: /home/shivagsudhir198824/.pub-cache/hosted/pub.dev/jni-1.0.0/src/CMakeLists.txt release|armeabi-v7a : Start JSON generation. Platform version: 21 min SDK version: armeabi-v7a
[        ] C/C++: /home/shivagsudhir198824/.pub-cache/hosted/pub.dev/jni-1.0.0/src/CMakeLists.txt release|armeabi-v7a : JSON '/home/shivagsudhir198824/.pub-cache/hosted/pub.dev/jni-1.0.0/android/.cxx/RelWithDebInfo/2g4f6e4d/armeabi-v7a/android_gradle_build.json' was up-to-date
[        ] C/C++: /home/shivagsudhir198824/.pub-cache/hosted/pub.dev/jni-1.0.0/src/CMakeLists.txt release|armeabi-v7a : JSON generation completed without problems
[        ] C/C++: /home/shivagsudhir198824/.pub-cache/hosted/pub.dev/jni-1.0.0/src/CMakeLists.txt release|armeabi-v7a : Writing build model to /home/shivagsudhir198824/myproject1/build/jni/intermediates/cxx/RelWithDebInfo/2g4f6e4d/logs/armeabi-v7a/build_model.json
[        ] Resolve mutations for :jni:buildCMakeRelWithDebInfo[armeabi-v7a] (Thread[Execution worker Thread 2,5,main]) started.
[        ] :jni:buildCMakeRelWithDebInfo[armeabi-v7a] (Thread[Execution worker Thread 2,5,main]) started.
[        ] > Task :jni:buildCMakeRelWithDebInfo[armeabi-v7a]
[        ] Caching disabled for task ':jni:buildCMakeRelWithDebInfo[armeabi-v7a]' because:
[        ]   Build cache is disabled
[        ]   Caching has been disabled for the task
[        ] Task ':jni:buildCMakeRelWithDebInfo[armeabi-v7a]' is not up-to-date because:
[        ]   Task.upToDateWhen is false.
[        ] C/C++: starting build
[        ] C/C++: reading expected JSONs
[        ] C/C++: done reading expected JSONs
[        ] C/C++: executing build commands for targets that produce .so files or executables
[        ] C/C++: evaluate miniconfig
[        ] C/C++: evaluate library jni (armeabi-v7a)
[        ] C/C++: building target library jni because no targets are specified.
[        ] C/C++: about to build targets jni
[        ] C/C++: Build jni
[        ] C/C++: /usr/lib/android-sdk/cmake/3.22.1/bin/ninja \
[        ]   -C \
[        ]   /home/shivagsudhir198824/.pub-cache/hosted/pub.dev/jni-1.0.0/android/.cxx/RelWithDebInfo/2g4f6e4d/armeabi-v7a \
[        ]   jni
[        ] Starting process 'command '/usr/lib/android-sdk/cmake/3.22.1/bin/ninja''. Working directory: /home/shivagsudhir198824/.pub-cache/hosted/pub.dev/jni-1.0.0/android Command: /usr/lib/android-sdk/cmake/3.22.1/bin/ninja -C /home/shivagsudhir198824/.pub-cache/hosted/pub.dev/jni-1.0.0/android/.cxx/RelWithDebInfo/2g4f6e4d/armeabi-v7a jni
[        ] Successfully started process 'command '/usr/lib/android-sdk/cmake/3.22.1/bin/ninja''
[        ] C/C++: Received process result: 0
[        ] C/C++: check expected build outputs
[        ] C/C++: build complete
[        ] Resolve mutations for :jni:configureCMakeRelWithDebInfo[x86] (Thread[Execution worker Thread 2,5,main]) started.
[        ] :jni:configureCMakeRelWithDebInfo[x86] (Thread[Execution worker Thread 2,5,main]) started.
[  +78 ms] > Task :jni:configureCMakeRelWithDebInfo[x86]
[   +2 ms] Caching disabled for task ':jni:configureCMakeRelWithDebInfo[x86]' because:
[        ]   Build cache is disabled
[        ]   Caching has been disabled for the task
[        ] Task ':jni:configureCMakeRelWithDebInfo[x86]' is not up-to-date because:
[        ]   Task.upToDateWhen is false.
[        ] C/C++: /home/shivagsudhir198824/.pub-cache/hosted/pub.dev/jni-1.0.0/src/CMakeLists.txt release|x86 : Start JSON generation. Platform version: 21 min SDK version: x86
[        ] C/C++: /home/shivagsudhir198824/.pub-cache/hosted/pub.dev/jni-1.0.0/src/CMakeLists.txt release|x86 : JSON '/home/shivagsudhir198824/.pub-cache/hosted/pub.dev/jni-1.0.0/android/.cxx/RelWithDebInfo/2g4f6e4d/x86/android_gradle_build.json' was up-to-date
[        ] C/C++: /home/shivagsudhir198824/.pub-cache/hosted/pub.dev/jni-1.0.0/src/CMakeLists.txt release|x86 : JSON generation completed without problems
[        ] C/C++: /home/shivagsudhir198824/.pub-cache/hosted/pub.dev/jni-1.0.0/src/CMakeLists.txt release|x86 : Writing build model to /home/shivagsudhir198824/myproject1/build/jni/intermediates/cxx/RelWithDebInfo/2g4f6e4d/logs/x86/build_model.json
[        ] Resolve mutations for :jni:buildCMakeRelWithDebInfo[x86] (Thread[Execution worker Thread 2,5,main]) started.
[        ] :jni:buildCMakeRelWithDebInfo[x86] (Thread[Execution worker Thread 2,5,main]) started.
[        ] > Task :jni:buildCMakeRelWithDebInfo[x86]
[   +2 ms] Caching disabled for task ':jni:buildCMakeRelWithDebInfo[x86]' because:
[        ]   Build cache is disabled
[        ]   Caching has been disabled for the task
[        ] Task ':jni:buildCMakeRelWithDebInfo[x86]' is not up-to-date because:
[        ]   Task.upToDateWhen is false.
[        ] C/C++: starting build
[        ] C/C++: reading expected JSONs
[        ] C/C++: done reading expected JSONs
[        ] C/C++: executing build commands for targets that produce .so files or executables
[        ] C/C++: evaluate miniconfig
[        ] C/C++: evaluate library jni (x86)
[        ] C/C++: building target library jni because no targets are specified.
[        ] C/C++: about to build targets jni
[        ] C/C++: Build jni
[        ] C/C++: /usr/lib/android-sdk/cmake/3.22.1/bin/ninja \
[        ]   -C \
[        ]   /home/shivagsudhir198824/.pub-cache/hosted/pub.dev/jni-1.0.0/android/.cxx/RelWithDebInfo/2g4f6e4d/x86 \
[        ]   jni
[        ] Starting process 'command '/usr/lib/android-sdk/cmake/3.22.1/bin/ninja''. Working directory: /home/shivagsudhir198824/.pub-cache/hosted/pub.dev/jni-1.0.0/android Command: /usr/lib/android-sdk/cmake/3.22.1/bin/ninja -C /home/shivagsudhir198824/.pub-cache/hosted/pub.dev/jni-1.0.0/android/.cxx/RelWithDebInfo/2g4f6e4d/x86 jni
[        ] Successfully started process 'command '/usr/lib/android-sdk/cmake/3.22.1/bin/ninja''
[        ] C/C++: Received process result: 0
[        ] C/C++: check expected build outputs
[        ] C/C++: build complete
[        ] Resolve mutations for :jni:configureCMakeRelWithDebInfo[x86_64] (Thread[Execution worker Thread 2,5,main]) started.
[        ] :jni:configureCMakeRelWithDebInfo[x86_64] (Thread[Execution worker Thread 2,5,main]) started.
[        ] > Task :jni:configureCMakeRelWithDebInfo[x86_64]
[        ] Caching disabled for task ':jni:configureCMakeRelWithDebInfo[x86_64]' because:
[        ]   Build cache is disabled
[        ]   Caching has been disabled for the task
[        ] Task ':jni:configureCMakeRelWithDebInfo[x86_64]' is not up-to-date because:
[        ]   Task.upToDateWhen is false.
[   +1 ms] C/C++: /home/shivagsudhir198824/.pub-cache/hosted/pub.dev/jni-1.0.0/src/CMakeLists.txt release|x86_64 : Start JSON generation. Platform version: 21 min SDK version: x86_64
[        ] C/C++: /home/shivagsudhir198824/.pub-cache/hosted/pub.dev/jni-1.0.0/src/CMakeLists.txt release|x86_64 : JSON '/home/shivagsudhir198824/.pub-cache/hosted/pub.dev/jni-1.0.0/android/.cxx/RelWithDebInfo/2g4f6e4d/x86_64/android_gradle_build.json' was up-to-date
[        ] C/C++: /home/shivagsudhir198824/.pub-cache/hosted/pub.dev/jni-1.0.0/src/CMakeLists.txt release|x86_64 : JSON generation completed without problems
[        ] C/C++: /home/shivagsudhir198824/.pub-cache/hosted/pub.dev/jni-1.0.0/src/CMakeLists.txt release|x86_64 : Writing build model to /home/shivagsudhir198824/myproject1/build/jni/intermediates/cxx/RelWithDebInfo/2g4f6e4d/logs/x86_64/build_model.json
[        ] Resolve mutations for :jni:buildCMakeRelWithDebInfo[x86_64] (Thread[Execution worker Thread 2,5,main]) started.
[        ] :jni:buildCMakeRelWithDebInfo[x86_64] (Thread[Execution worker Thread 2,5,main]) started.
[        ] > Task :jni:buildCMakeRelWithDebInfo[x86_64]
[        ] Caching disabled for task ':jni:buildCMakeRelWithDebInfo[x86_64]' because:
[        ]   Build cache is disabled
[        ]   Caching has been disabled for the task
[        ] Task ':jni:buildCMakeRelWithDebInfo[x86_64]' is not up-to-date because:
[        ]   Task.upToDateWhen is false.
[        ] C/C++: starting build
[        ] C/C++: reading expected JSONs
[        ] C/C++: done reading expected JSONs
[        ] C/C++: executing build commands for targets that produce .so files or executables
[        ] C/C++: evaluate miniconfig
[        ] C/C++: evaluate library jni (x86_64)
[        ] C/C++: building target library jni because no targets are specified.
[        ] C/C++: about to build targets jni
[        ] C/C++: Build jni
[        ] C/C++: /usr/lib/android-sdk/cmake/3.22.1/bin/ninja \
[        ]   -C \
[        ]   /home/shivagsudhir198824/.pub-cache/hosted/pub.dev/jni-1.0.0/android/.cxx/RelWithDebInfo/2g4f6e4d/x86_64 \
[        ]   jni
[        ] Starting process 'command '/usr/lib/android-sdk/cmake/3.22.1/bin/ninja''. Working directory: /home/shivagsudhir198824/.pub-cache/hosted/pub.dev/jni-1.0.0/android Command: /usr/lib/android-sdk/cmake/3.22.1/bin/ninja -C /home/shivagsudhir198824/.pub-cache/hosted/pub.dev/jni-1.0.0/android/.cxx/RelWithDebInfo/2g4f6e4d/x86_64 jni
[        ] Successfully started process 'command '/usr/lib/android-sdk/cmake/3.22.1/bin/ninja''
[        ] C/C++: Received process result: 0
[        ] C/C++: check expected build outputs
[        ] C/C++: build complete
[        ] Resolve mutations for :jni:mergeReleaseJniLibFolders (Thread[Execution worker Thread 2,5,main]) started.
[        ] :jni:mergeReleaseJniLibFolders (Thread[Execution worker Thread 2,5,main]) started.
[        ] > Task :jni:mergeReleaseJniLibFolders UP-TO-DATE
[        ] Caching disabled for task ':jni:mergeReleaseJniLibFolders' because:
[        ]   Build cache is disabled
[        ]   Simple merging task
[        ] Skipping task ':jni:mergeReleaseJniLibFolders' as it is up-to-date.
[        ] Resolve mutations for :jni:mergeReleaseNativeLibs (Thread[Execution worker Thread 2,5,main]) started.
[        ] :jni:mergeReleaseNativeLibs (Thread[Execution worker Thread 2,5,main]) started.
[        ] > Task :jni:mergeReleaseNativeLibs UP-TO-DATE
[        ] Caching disabled for task ':jni:mergeReleaseNativeLibs' because:
[        ]   Build cache is disabled
[        ]   Caching has been disabled for the task
[        ] Skipping task ':jni:mergeReleaseNativeLibs' as it is up-to-date.
[        ] Resolve mutations for :jni:copyReleaseJniLibsProjectOnly (Thread[Execution worker Thread 2,5,main]) started.
[        ] :jni:copyReleaseJniLibsProjectOnly (Thread[Execution worker Thread 2,5,main]) started.
[        ] > Task :jni:copyReleaseJniLibsProjectOnly UP-TO-DATE
[   +1 ms] Caching disabled for task ':jni:copyReleaseJniLibsProjectOnly' because:
[        ]   Build cache is disabled
[        ]   Caching has been disabled for the task
[        ] Skipping task ':jni:copyReleaseJniLibsProjectOnly' as it is up-to-date.
[        ] work action resolve jni (project :jni) (Thread[Execution worker Thread 2,5,main]) started.
[        ] Resolve mutations for :jni_flutter:preBuild (Thread[Execution worker Thread 2,5,main]) started.
[        ] :jni_flutter:preBuild (Thread[Execution worker Thread 2,5,main]) started.
[        ] > Task :jni_flutter:preBuild UP-TO-DATE
[        ] Skipping task ':jni_flutter:preBuild' as it has no actions.
[        ] Resolve mutations for :jni_flutter:preReleaseBuild (Thread[Execution worker Thread 2,5,main]) started.
[        ] :jni_flutter:preReleaseBuild (Thread[Execution worker Thread 2,5,main]) started.
[        ] > Task :jni_flutter:preReleaseBuild UP-TO-DATE
[        ] Skipping task ':jni_flutter:preReleaseBuild' as it has no actions.
[        ] Resolve mutations for :jni_flutter:mergeReleaseJniLibFolders (Thread[Execution worker Thread 2,5,main]) started.
[        ] :jni_flutter:mergeReleaseJniLibFolders (Thread[Execution worker Thread 2,5,main]) started.
[        ] > Task :jni_flutter:mergeReleaseJniLibFolders UP-TO-DATE
[        ] Caching disabled for task ':jni_flutter:mergeReleaseJniLibFolders' because:
[        ]   Build cache is disabled
[        ]   Simple merging task
[        ] Skipping task ':jni_flutter:mergeReleaseJniLibFolders' as it is up-to-date.
[   +1 ms] Resolve mutations for :jni_flutter:mergeReleaseNativeLibs (Thread[Execution worker Thread 2,5,main]) started.
[        ] :jni_flutter:mergeReleaseNativeLibs (Thread[Execution worker Thread 2,5,main]) started.
[        ] > Task :jni_flutter:mergeReleaseNativeLibs NO-SOURCE
[        ] Skipping task ':jni_flutter:mergeReleaseNativeLibs' as it has no source files and no previous output files.
[        ] Resolve mutations for :jni_flutter:copyReleaseJniLibsProjectOnly (Thread[Execution worker Thread 2,5,main]) started.
[        ] :jni_flutter:copyReleaseJniLibsProjectOnly (Thread[Execution worker Thread 2,5,main]) started.
[        ] > Task :jni_flutter:copyReleaseJniLibsProjectOnly UP-TO-DATE
[        ] Caching disabled for task ':jni_flutter:copyReleaseJniLibsProjectOnly' because:
[        ]   Build cache is disabled
[        ]   Caching has been disabled for the task
[        ] Skipping task ':jni_flutter:copyReleaseJniLibsProjectOnly' as it is up-to-date.
[        ] work action resolve jni (project :jni_flutter) (Thread[Execution worker Thread 2,5,main]) started.
[        ] Resolve mutations for :permission_handler_android:preBuild (Thread[Execution worker Thread 2,5,main]) started.
[        ] :permission_handler_android:preBuild (Thread[included builds,5,main]) started.
[        ] > Task :permission_handler_android:preBuild UP-TO-DATE
[        ] Skipping task ':permission_handler_android:preBuild' as it has no actions.
[        ] Resolve mutations for :permission_handler_android:preReleaseBuild (Thread[included builds,5,main]) started.
[        ] :permission_handler_android:preReleaseBuild (Thread[included builds,5,main]) started.
[        ] > Task :permission_handler_android:preReleaseBuild UP-TO-DATE
[        ] Skipping task ':permission_handler_android:preReleaseBuild' as it has no actions.
[        ] Resolve mutations for :permission_handler_android:mergeReleaseJniLibFolders (Thread[included builds,5,main]) started.
[        ] :permission_handler_android:mergeReleaseJniLibFolders (Thread[included builds,5,main]) started.
[        ] > Task :permission_handler_android:mergeReleaseJniLibFolders UP-TO-DATE
[        ] Caching disabled for task ':permission_handler_android:mergeReleaseJniLibFolders' because:
[        ]   Build cache is disabled
[        ]   Simple merging task
[        ] Skipping task ':permission_handler_android:mergeReleaseJniLibFolders' as it is up-to-date.
[        ] Resolve mutations for :permission_handler_android:mergeReleaseNativeLibs (Thread[included builds,5,main]) started.
[        ] :permission_handler_android:mergeReleaseNativeLibs (Thread[included builds,5,main]) started.
[        ] > Task :permission_handler_android:mergeReleaseNativeLibs NO-SOURCE
[        ] Skipping task ':permission_handler_android:mergeReleaseNativeLibs' as it has no source files and no previous output files.
[        ] Resolve mutations for :permission_handler_android:copyReleaseJniLibsProjectOnly (Thread[included builds,5,main]) started.
[        ] :permission_handler_android:copyReleaseJniLibsProjectOnly (Thread[included builds,5,main]) started.
[        ] > Task :permission_handler_android:copyReleaseJniLibsProjectOnly UP-TO-DATE
[        ] Caching disabled for task ':permission_handler_android:copyReleaseJniLibsProjectOnly' because:
[        ]   Build cache is disabled
[        ]   Caching has been disabled for the task
[        ] Skipping task ':permission_handler_android:copyReleaseJniLibsProjectOnly' as it is up-to-date.
[        ] work action resolve jni (project :permission_handler_android) (Thread[included builds,5,main]) started.
[        ] Resolve mutations for :saf:preBuild (Thread[included builds,5,main]) started.
[        ] :saf:preBuild (Thread[included builds,5,main]) started.
[  +61 ms] > Task :saf:preBuild UP-TO-DATE
[   +1 ms] Skipping task ':saf:preBuild' as it has no actions.
[        ] Resolve mutations for :saf:preReleaseBuild (Thread[included builds,5,main]) started.
[        ] :saf:preReleaseBuild (Thread[included builds,5,main]) started.
[        ] > Task :saf:preReleaseBuild UP-TO-DATE
[        ] Skipping task ':saf:preReleaseBuild' as it has no actions.
[        ] Resolve mutations for :saf:mergeReleaseJniLibFolders (Thread[included builds,5,main]) started.
[        ] :saf:mergeReleaseJniLibFolders (Thread[included builds,5,main]) started.
[        ] > Task :saf:mergeReleaseJniLibFolders UP-TO-DATE
[        ] Caching disabled for task ':saf:mergeReleaseJniLibFolders' because:
[        ]   Build cache is disabled
[        ]   Simple merging task
[        ] Skipping task ':saf:mergeReleaseJniLibFolders' as it is up-to-date.
[        ] Resolve mutations for :saf:mergeReleaseNativeLibs (Thread[included builds,5,main]) started.
[        ] :saf:mergeReleaseNativeLibs (Thread[included builds,5,main]) started.
[        ] > Task :saf:mergeReleaseNativeLibs NO-SOURCE
[        ] Skipping task ':saf:mergeReleaseNativeLibs' as it has no source files and no previous output files.
[        ] Resolve mutations for :saf:copyReleaseJniLibsProjectOnly (Thread[included builds,5,main]) started.
[        ] :saf:copyReleaseJniLibsProjectOnly (Thread[included builds,5,main]) started.
[        ] > Task :saf:copyReleaseJniLibsProjectOnly UP-TO-DATE
[        ] Caching disabled for task ':saf:copyReleaseJniLibsProjectOnly' because:
[        ]   Build cache is disabled
[        ]   Caching has been disabled for the task
[        ] Skipping task ':saf:copyReleaseJniLibsProjectOnly' as it is up-to-date.
[        ] work action resolve jni (project :saf) (Thread[included builds,5,main]) started.
[        ] Resolve mutations for :video_player_android:preBuild (Thread[included builds,5,main]) started.
[        ] :video_player_android:preBuild (Thread[included builds,5,main]) started.
[        ] > Task :video_player_android:preBuild UP-TO-DATE
[        ] Skipping task ':video_player_android:preBuild' as it has no actions.
[        ] Resolve mutations for :video_player_android:preReleaseBuild (Thread[included builds,5,main]) started.
[        ] :video_player_android:preReleaseBuild (Thread[included builds,5,main]) started.
[        ] > Task :video_player_android:preReleaseBuild UP-TO-DATE
[        ] Skipping task ':video_player_android:preReleaseBuild' as it has no actions.
[        ] Resolve mutations for :video_player_android:mergeReleaseJniLibFolders (Thread[included builds,5,main]) started.
[        ] :video_player_android:mergeReleaseJniLibFolders (Thread[included builds,5,main]) started.
[        ] > Task :video_player_android:mergeReleaseJniLibFolders UP-TO-DATE
[        ] Caching disabled for task ':video_player_android:mergeReleaseJniLibFolders' because:
[        ]   Build cache is disabled
[        ]   Simple merging task
[        ] Skipping task ':video_player_android:mergeReleaseJniLibFolders' as it is up-to-date.
[        ] Resolve mutations for :video_player_android:mergeReleaseNativeLibs (Thread[included builds,5,main]) started.
[        ] :video_player_android:mergeReleaseNativeLibs (Thread[included builds,5,main]) started.
[        ] > Task :video_player_android:mergeReleaseNativeLibs NO-SOURCE
[        ] Skipping task ':video_player_android:mergeReleaseNativeLibs' as it has no source files and no previous output files.
[        ] Resolve mutations for :video_player_android:copyReleaseJniLibsProjectOnly (Thread[included builds,5,main]) started.
[        ] :video_player_android:copyReleaseJniLibsProjectOnly (Thread[included builds,5,main]) started.
[        ] > Task :video_player_android:copyReleaseJniLibsProjectOnly UP-TO-DATE
[        ] Caching disabled for task ':video_player_android:copyReleaseJniLibsProjectOnly' because:
[        ]   Build cache is disabled
[        ]   Caching has been disabled for the task
[        ] Skipping task ':video_player_android:copyReleaseJniLibsProjectOnly' as it is up-to-date.
[        ] work action resolve jni (project :video_player_android) (Thread[Execution worker,5,main]) started.
[        ] Resolve mutations for :video_thumbnail_plus:preBuild (Thread[Execution worker,5,main]) started.
[        ] :video_thumbnail_plus:preBuild (Thread[Execution worker,5,main]) started.
[        ] > Task :video_thumbnail_plus:preBuild UP-TO-DATE
[        ] Skipping task ':video_thumbnail_plus:preBuild' as it has no actions.
[        ] Resolve mutations for :video_thumbnail_plus:preReleaseBuild (Thread[Execution worker,5,main]) started.
[        ] :video_thumbnail_plus:preReleaseBuild (Thread[Execution worker,5,main]) started.
[        ] > Task :video_thumbnail_plus:preReleaseBuild UP-TO-DATE
[        ] Skipping task ':video_thumbnail_plus:preReleaseBuild' as it has no actions.
[        ] Resolve mutations for :video_thumbnail_plus:mergeReleaseJniLibFolders (Thread[Execution worker,5,main]) started.
[        ] :video_thumbnail_plus:mergeReleaseJniLibFolders (Thread[Execution worker,5,main]) started.
[        ] > Task :video_thumbnail_plus:mergeReleaseJniLibFolders UP-TO-DATE
[        ] Caching disabled for task ':video_thumbnail_plus:mergeReleaseJniLibFolders' because:
[        ]   Build cache is disabled
[        ]   Simple merging task
[        ] Skipping task ':video_thumbnail_plus:mergeReleaseJniLibFolders' as it is up-to-date.
[        ] Resolve mutations for :video_thumbnail_plus:mergeReleaseNativeLibs (Thread[Execution worker,5,main]) started.
[        ] :video_thumbnail_plus:mergeReleaseNativeLibs (Thread[Execution worker,5,main]) started.
[        ] > Task :video_thumbnail_plus:mergeReleaseNativeLibs NO-SOURCE
[        ] Skipping task ':video_thumbnail_plus:mergeReleaseNativeLibs' as it has no source files and no previous output files.
[        ] Resolve mutations for :video_thumbnail_plus:copyReleaseJniLibsProjectOnly (Thread[Execution worker Thread 2,5,main]) started.
[        ] :video_thumbnail_plus:copyReleaseJniLibsProjectOnly (Thread[Execution worker Thread 2,5,main]) started.
[        ] > Task :video_thumbnail_plus:copyReleaseJniLibsProjectOnly UP-TO-DATE
[        ] Caching disabled for task ':video_thumbnail_plus:copyReleaseJniLibsProjectOnly' because:
[        ]   Build cache is disabled
[        ]   Caching has been disabled for the task
[        ] Skipping task ':video_thumbnail_plus:copyReleaseJniLibsProjectOnly' as it is up-to-date.
[        ] work action resolve jni (project :video_thumbnail_plus) (Thread[Execution worker Thread 2,5,main]) started.
[        ] Resolve mutations for :webview_flutter_android:preBuild (Thread[Execution worker Thread 2,5,main]) started.
[        ] :webview_flutter_android:preBuild (Thread[Execution worker Thread 2,5,main]) started.
[        ] > Task :webview_flutter_android:preBuild UP-TO-DATE
[        ] Skipping task ':webview_flutter_android:preBuild' as it has no actions.
[        ] Resolve mutations for :webview_flutter_android:preReleaseBuild (Thread[Execution worker,5,main]) started.
[        ] :webview_flutter_android:preReleaseBuild (Thread[Execution worker,5,main]) started.
[        ] > Task :webview_flutter_android:preReleaseBuild UP-TO-DATE
[        ] Skipping task ':webview_flutter_android:preReleaseBuild' as it has no actions.
[        ] Resolve mutations for :webview_flutter_android:mergeReleaseJniLibFolders (Thread[Execution worker Thread 2,5,main]) started.
[        ] :webview_flutter_android:mergeReleaseJniLibFolders (Thread[Execution worker Thread 3,5,main]) started.
[        ] > Task :webview_flutter_android:mergeReleaseJniLibFolders UP-TO-DATE
[        ] Caching disabled for task ':webview_flutter_android:mergeReleaseJniLibFolders' because:
[        ]   Build cache is disabled
[        ]   Simple merging task
[        ] Skipping task ':webview_flutter_android:mergeReleaseJniLibFolders' as it is up-to-date.
[        ] Resolve mutations for :webview_flutter_android:mergeReleaseNativeLibs (Thread[Execution worker Thread 2,5,main]) started.
[        ] :webview_flutter_android:mergeReleaseNativeLibs (Thread[Execution worker Thread 2,5,main]) started.
[        ] > Task :webview_flutter_android:mergeReleaseNativeLibs NO-SOURCE
[        ] Skipping task ':webview_flutter_android:mergeReleaseNativeLibs' as it has no source files and no previous output files.
[        ] Resolve mutations for :webview_flutter_android:copyReleaseJniLibsProjectOnly (Thread[Execution worker Thread 3,5,main]) started.
[        ] :webview_flutter_android:copyReleaseJniLibsProjectOnly (Thread[Execution worker,5,main]) started.
[        ] > Task :webview_flutter_android:copyReleaseJniLibsProjectOnly UP-TO-DATE
[        ] Caching disabled for task ':webview_flutter_android:copyReleaseJniLibsProjectOnly' because:
[        ]   Build cache is disabled
[        ]   Caching has been disabled for the task
[        ] Skipping task ':webview_flutter_android:copyReleaseJniLibsProjectOnly' as it is up-to-date.
[        ] work action resolve jni (project :webview_flutter_android) (Thread[Execution worker,5,main]) started.
[        ] Resolve mutations for :app:mergeReleaseNativeLibs (Thread[Execution worker,5,main]) started.
[        ] :app:mergeReleaseNativeLibs (Thread[Execution worker,5,main]) started.
[  +79 ms] > Task :app:mergeReleaseNativeLibs UP-TO-DATE
[        ] Caching disabled for task ':app:mergeReleaseNativeLibs' because:
[        ]   Build cache is disabled
[        ]   Caching has been disabled for the task
[        ] Skipping task ':app:mergeReleaseNativeLibs' as it is up-to-date.
[        ] Resolve mutations for :app:stripReleaseDebugSymbols (Thread[Execution worker,5,main]) started.
[        ] :app:stripReleaseDebugSymbols (Thread[Execution worker,5,main]) started.
[        ] > Task :app:stripReleaseDebugSymbols UP-TO-DATE
[        ] Caching disabled for task ':app:stripReleaseDebugSymbols' because:
[        ]   Build cache is disabled
[        ]   Caching has been disabled for the task
[   +3 ms] Skipping task ':app:stripReleaseDebugSymbols' as it is up-to-date.
[        ] Resolve mutations for :app:extractReleaseNativeSymbolTables (Thread[Execution worker,5,main]) started.
[        ] :app:extractReleaseNativeSymbolTables (Thread[Execution worker,5,main]) started.
[        ] > Task :app:extractReleaseNativeSymbolTables UP-TO-DATE
[        ] Caching disabled for task ':app:extractReleaseNativeSymbolTables' because:
[        ]   Build cache is disabled
[        ] Skipping task ':app:extractReleaseNativeSymbolTables' as it is up-to-date.
[        ] Resolve mutations for :app:mergeReleaseNativeDebugMetadata (Thread[Execution worker,5,main]) started.
[        ] :app:mergeReleaseNativeDebugMetadata (Thread[Execution worker,5,main]) started.
[        ] > Task :app:mergeReleaseNativeDebugMetadata UP-TO-DATE
[        ] Caching disabled for task ':app:mergeReleaseNativeDebugMetadata' because:
[        ]   Build cache is disabled
[        ]   Caching has been disabled for the task
[        ] Skipping task ':app:mergeReleaseNativeDebugMetadata' as it is up-to-date.
[        ] Resolve mutations for :device_info_plus:checkKotlinGradlePluginConfigurationErrors (Thread[Execution worker,5,main]) started.
[        ] :device_info_plus:checkKotlinGradlePluginConfigurationErrors (Thread[Execution worker Thread 3,5,main]) started.
[        ] > Task :device_info_plus:checkKotlinGradlePluginConfigurationErrors SKIPPED
[        ] Skipping task ':device_info_plus:checkKotlinGradlePluginConfigurationErrors' as task onlyIf 'errorDiagnostics are present' is false.
[        ] Resolve mutations for :device_info_plus:generateReleaseResValues (Thread[Execution worker Thread 3,5,main]) started.
[        ] :device_info_plus:generateReleaseResValues (Thread[Execution worker Thread 3,5,main]) started.
[        ] > Task :device_info_plus:generateReleaseResValues UP-TO-DATE
[        ] Caching disabled for task ':device_info_plus:generateReleaseResValues' because:
[        ]   Build cache is disabled
[   +3 ms] Skipping task ':device_info_plus:generateReleaseResValues' as it is up-to-date.
[        ] Resolve mutations for :device_info_plus:generateReleaseResources (Thread[included builds,5,main]) started.
[        ] :device_info_plus:generateReleaseResources (Thread[included builds,5,main]) started.
[        ] > Task :device_info_plus:generateReleaseResources UP-TO-DATE
[        ] Caching disabled for task ':device_info_plus:generateReleaseResources' because:
[        ]   Build cache is disabled
[        ] Skipping task ':device_info_plus:generateReleaseResources' as it is up-to-date.
[        ] Resolve mutations for :device_info_plus:packageReleaseResources (Thread[Execution worker Thread 3,5,main]) started.
[        ] :device_info_plus:packageReleaseResources (Thread[Execution worker Thread 3,5,main]) started.
[   +2 ms] > Task :device_info_plus:packageReleaseResources UP-TO-DATE
[        ] Caching disabled for task ':device_info_plus:packageReleaseResources' because:
[        ]   Build cache is disabled
[        ] Skipping task ':device_info_plus:packageReleaseResources' as it is up-to-date.
[        ] work action resolve packageReleaseResources (project :device_info_plus) (Thread[included builds,5,main]) started.
[   +2 ms] Resolve mutations for :device_info_plus:parseReleaseLocalResources (Thread[Execution worker Thread 2,5,main]) started.
[        ] :device_info_plus:parseReleaseLocalResources (Thread[Execution worker Thread 2,5,main]) started.
[        ] > Task :device_info_plus:parseReleaseLocalResources UP-TO-DATE
[        ] Caching disabled for task ':device_info_plus:parseReleaseLocalResources' because:
[        ]   Build cache is disabled
[        ] Skipping task ':device_info_plus:parseReleaseLocalResources' as it is up-to-date.
[        ] Resolve mutations for :device_info_plus:generateReleaseRFile (Thread[included builds,5,main]) started.
[        ] :device_info_plus:generateReleaseRFile (Thread[included builds,5,main]) started.
[  +75 ms] > Task :device_info_plus:generateReleaseRFile UP-TO-DATE
[        ] Caching disabled for task ':device_info_plus:generateReleaseRFile' because:
[        ]   Build cache is disabled
[        ] Skipping task ':device_info_plus:generateReleaseRFile' as it is up-to-date.
[        ] work action resolve package-aware-r.txt (project :device_info_plus) (Thread[Execution worker Thread 2,5,main]) started.
[        ] Resolve mutations for :device_info_plus:compileReleaseKotlin (Thread[Execution worker Thread 2,5,main]) started.
[        ] :device_info_plus:compileReleaseKotlin (Thread[Execution worker Thread 2,5,main]) started.
[ +100 ms] > Task :device_info_plus:compileReleaseKotlin UP-TO-DATE
[        ] Adding -Xuse-inline-scopes-numbers Kotlin compiler flag for task :device_info_plus:compileDebugAndroidTestKotlin
[        ] Caching disabled for task ':device_info_plus:compileReleaseKotlin' because:
[        ]   Build cache is disabled
[        ] Skipping task ':device_info_plus:compileReleaseKotlin' as it is up-to-date.
[        ] Resolve mutations for :device_info_plus:javaPreCompileRelease (Thread[Execution worker Thread 3,5,main]) started.
[        ] :device_info_plus:javaPreCompileRelease (Thread[Execution worker Thread 3,5,main]) started.
[        ] > Task :device_info_plus:javaPreCompileRelease UP-TO-DATE
[        ] Caching disabled for task ':device_info_plus:javaPreCompileRelease' because:
[        ]   Build cache is disabled
[        ] Skipping task ':device_info_plus:javaPreCompileRelease' as it is up-to-date.
[        ] Resolve mutations for :device_info_plus:compileReleaseJavaWithJavac (Thread[Execution worker Thread 3,5,main]) started.
[        ] :device_info_plus:compileReleaseJavaWithJavac (Thread[Execution worker Thread 3,5,main]) started.
[        ] > Task :device_info_plus:compileReleaseJavaWithJavac NO-SOURCE
[        ] Skipping task ':device_info_plus:compileReleaseJavaWithJavac' as it has no source files and no previous output files.
[        ] Resolve mutations for :device_info_plus:mergeReleaseGeneratedProguardFiles (Thread[Execution worker Thread 3,5,main]) started.
[        ] :device_info_plus:mergeReleaseGeneratedProguardFiles (Thread[Execution worker Thread 3,5,main]) started.
[        ] > Task :device_info_plus:mergeReleaseGeneratedProguardFiles UP-TO-DATE
[        ] Caching disabled for task ':device_info_plus:mergeReleaseGeneratedProguardFiles' because:
[        ]   Build cache is disabled
[        ]   Simple merging task
[        ] Skipping task ':device_info_plus:mergeReleaseGeneratedProguardFiles' as it is up-to-date.
[        ] Resolve mutations for :device_info_plus:exportReleaseConsumerProguardFiles (Thread[Execution worker Thread 3,5,main]) started.
[        ] :device_info_plus:exportReleaseConsumerProguardFiles (Thread[Execution worker Thread 3,5,main]) started.
[        ] > Task :device_info_plus:exportReleaseConsumerProguardFiles UP-TO-DATE
[        ] Caching disabled for task ':device_info_plus:exportReleaseConsumerProguardFiles' because:
[        ]   Build cache is disabled
[        ]   Caching has been disabled for the task
[        ] Skipping task ':device_info_plus:exportReleaseConsumerProguardFiles' as it is up-to-date.
[        ] work action resolve exportReleaseConsumerProguardFiles (project :device_info_plus) (Thread[Execution worker Thread 3,5,main]) started.
[        ] FilterShrinkerRulesTransform (Thread[Execution worker Thread 3,5,main]) started.
[        ] Resolve mutations for :gallery_saver_plus:checkKotlinGradlePluginConfigurationErrors (Thread[Execution worker Thread 2,5,main]) started.
[        ] :gallery_saver_plus:checkKotlinGradlePluginConfigurationErrors (Thread[Execution worker Thread 2,5,main]) started.
[        ] > Task :gallery_saver_plus:checkKotlinGradlePluginConfigurationErrors SKIPPED
[        ] Skipping task ':gallery_saver_plus:checkKotlinGradlePluginConfigurationErrors' as task onlyIf 'errorDiagnostics are present' is false.
[        ] Resolve mutations for :gallery_saver_plus:generateReleaseResValues (Thread[Execution worker Thread 2,5,main]) started.
[        ] :gallery_saver_plus:generateReleaseResValues (Thread[Execution worker Thread 2,5,main]) started.
[        ] > Task :gallery_saver_plus:generateReleaseResValues UP-TO-DATE
[        ] Caching disabled for task ':gallery_saver_plus:generateReleaseResValues' because:
[        ]   Build cache is disabled
[        ] Skipping task ':gallery_saver_plus:generateReleaseResValues' as it is up-to-date.
[        ] Resolve mutations for :gallery_saver_plus:generateReleaseResources (Thread[Execution worker Thread 2,5,main]) started.
[        ] :gallery_saver_plus:generateReleaseResources (Thread[Execution worker Thread 2,5,main]) started.
[        ] > Task :gallery_saver_plus:generateReleaseResources UP-TO-DATE
[        ] Caching disabled for task ':gallery_saver_plus:generateReleaseResources' because:
[        ]   Build cache is disabled
[        ] Skipping task ':gallery_saver_plus:generateReleaseResources' as it is up-to-date.
[        ] Resolve mutations for :gallery_saver_plus:packageReleaseResources (Thread[Execution worker Thread 2,5,main]) started.
[        ] :gallery_saver_plus:packageReleaseResources (Thread[Execution worker Thread 2,5,main]) started.
[        ] > Task :gallery_saver_plus:packageReleaseResources UP-TO-DATE
[        ] Caching disabled for task ':gallery_saver_plus:packageReleaseResources' because:
[        ]   Build cache is disabled
[        ] Skipping task ':gallery_saver_plus:packageReleaseResources' as it is up-to-date.
[        ] work action resolve packageReleaseResources (project :gallery_saver_plus) (Thread[Execution worker Thread 2,5,main]) started.
[        ] Resolve mutations for :gallery_saver_plus:parseReleaseLocalResources (Thread[Execution worker Thread 2,5,main]) started.
[        ] :gallery_saver_plus:parseReleaseLocalResources (Thread[Execution worker Thread 2,5,main]) started.
[        ] > Task :gallery_saver_plus:parseReleaseLocalResources UP-TO-DATE
[        ] Caching disabled for task ':gallery_saver_plus:parseReleaseLocalResources' because:
[        ]   Build cache is disabled
[        ] Skipping task ':gallery_saver_plus:parseReleaseLocalResources' as it is up-to-date.
[        ] Resolve mutations for :gallery_saver_plus:generateReleaseRFile (Thread[Execution worker Thread 2,5,main]) started.
[        ] :gallery_saver_plus:generateReleaseRFile (Thread[Execution worker Thread 2,5,main]) started.
[        ] > Task :gallery_saver_plus:generateReleaseRFile UP-TO-DATE
[        ] Caching disabled for task ':gallery_saver_plus:generateReleaseRFile' because:
[        ]   Build cache is disabled
[        ] Skipping task ':gallery_saver_plus:generateReleaseRFile' as it is up-to-date.
[        ] work action resolve package-aware-r.txt (project :gallery_saver_plus) (Thread[Execution worker Thread 2,5,main]) started.
[        ] Resolve mutations for :gallery_saver_plus:compileReleaseKotlin (Thread[Execution worker Thread 3,5,main]) started.
[        ] :gallery_saver_plus:compileReleaseKotlin (Thread[Execution worker Thread 3,5,main]) started.
[  +84 ms] > Task :gallery_saver_plus:compileReleaseKotlin UP-TO-DATE
[        ] Adding -Xuse-inline-scopes-numbers Kotlin compiler flag for task :gallery_saver_plus:compileDebugAndroidTestKotlin
[        ] Caching disabled for task ':gallery_saver_plus:compileReleaseKotlin' because:
[        ]   Build cache is disabled
[        ] Skipping task ':gallery_saver_plus:compileReleaseKotlin' as it is up-to-date.
[        ] Resolve mutations for :gallery_saver_plus:javaPreCompileRelease (Thread[Execution worker Thread 3,5,main]) started.
[        ] :gallery_saver_plus:javaPreCompileRelease (Thread[Execution worker Thread 2,5,main]) started.
[        ] > Task :gallery_saver_plus:javaPreCompileRelease UP-TO-DATE
[        ] Caching disabled for task ':gallery_saver_plus:javaPreCompileRelease' because:
[        ]   Build cache is disabled
[        ] Skipping task ':gallery_saver_plus:javaPreCompileRelease' as it is up-to-date.
[        ] Resolve mutations for :gallery_saver_plus:compileReleaseJavaWithJavac (Thread[Execution worker Thread 2,5,main]) started.
[        ] :gallery_saver_plus:compileReleaseJavaWithJavac (Thread[Execution worker Thread 2,5,main]) started.
[        ] > Task :gallery_saver_plus:compileReleaseJavaWithJavac NO-SOURCE
[        ] Skipping task ':gallery_saver_plus:compileReleaseJavaWithJavac' as it has no source files and no previous output files.
[        ] Resolve mutations for :gallery_saver_plus:mergeReleaseGeneratedProguardFiles (Thread[Execution worker Thread 2,5,main]) started.
[        ] :gallery_saver_plus:mergeReleaseGeneratedProguardFiles (Thread[Execution worker Thread 2,5,main]) started.
[        ] > Task :gallery_saver_plus:mergeReleaseGeneratedProguardFiles UP-TO-DATE
[        ] Caching disabled for task ':gallery_saver_plus:mergeReleaseGeneratedProguardFiles' because:
[        ]   Build cache is disabled
[        ]   Simple merging task
[        ] Skipping task ':gallery_saver_plus:mergeReleaseGeneratedProguardFiles' as it is up-to-date.
[   +1 ms] Resolve mutations for :gallery_saver_plus:exportReleaseConsumerProguardFiles (Thread[Execution worker Thread 2,5,main]) started.
[        ] :gallery_saver_plus:exportReleaseConsumerProguardFiles (Thread[Execution worker Thread 2,5,main]) started.
[        ] > Task :gallery_saver_plus:exportReleaseConsumerProguardFiles UP-TO-DATE
[        ] Caching disabled for task ':gallery_saver_plus:exportReleaseConsumerProguardFiles' because:
[        ]   Build cache is disabled
[        ]   Caching has been disabled for the task
[        ] Skipping task ':gallery_saver_plus:exportReleaseConsumerProguardFiles' as it is up-to-date.
[        ] work action resolve exportReleaseConsumerProguardFiles (project :gallery_saver_plus) (Thread[Execution worker Thread 2,5,main]) started.
[        ] FilterShrinkerRulesTransform (Thread[Execution worker Thread 2,5,main]) started.
[        ] Resolve mutations for :google_mobile_ads:checkKotlinGradlePluginConfigurationErrors (Thread[Execution worker Thread 3,5,main]) started.
[        ] :google_mobile_ads:checkKotlinGradlePluginConfigurationErrors (Thread[Execution worker,5,main]) started.
[        ] > Task :google_mobile_ads:checkKotlinGradlePluginConfigurationErrors SKIPPED
[        ] Skipping task ':google_mobile_ads:checkKotlinGradlePluginConfigurationErrors' as task onlyIf 'errorDiagnostics are present' is false.
[        ] Resolve mutations for :google_mobile_ads:generateReleaseResValues (Thread[Execution worker,5,main]) started.
[        ] :google_mobile_ads:generateReleaseResValues (Thread[Execution worker,5,main]) started.
[        ] > Task :google_mobile_ads:generateReleaseResValues UP-TO-DATE
[        ] Caching disabled for task ':google_mobile_ads:generateReleaseResValues' because:
[        ]   Build cache is disabled
[        ] Skipping task ':google_mobile_ads:generateReleaseResValues' as it is up-to-date.
[        ] Resolve mutations for :google_mobile_ads:generateReleaseResources (Thread[Execution worker Thread 3,5,main]) started.
[        ] :google_mobile_ads:generateReleaseResources (Thread[Execution worker Thread 3,5,main]) started.
[        ] > Task :google_mobile_ads:generateReleaseResources UP-TO-DATE
[        ] Caching disabled for task ':google_mobile_ads:generateReleaseResources' because:
[        ]   Build cache is disabled
[        ] Skipping task ':google_mobile_ads:generateReleaseResources' as it is up-to-date.
[        ] Resolve mutations for :google_mobile_ads:packageReleaseResources (Thread[Execution worker Thread 3,5,main]) started.
[        ] :google_mobile_ads:packageReleaseResources (Thread[Execution worker Thread 3,5,main]) started.
[   +1 ms] > Task :google_mobile_ads:packageReleaseResources UP-TO-DATE
[        ] Caching disabled for task ':google_mobile_ads:packageReleaseResources' because:
[        ]   Build cache is disabled
[        ] Skipping task ':google_mobile_ads:packageReleaseResources' as it is up-to-date.
[        ] work action resolve packageReleaseResources (project :google_mobile_ads) (Thread[Execution worker Thread 3,5,main]) started.
[        ] Resolve mutations for :google_mobile_ads:parseReleaseLocalResources (Thread[Execution worker Thread 3,5,main]) started.
[        ] :google_mobile_ads:parseReleaseLocalResources (Thread[Execution worker Thread 3,5,main]) started.
[        ] > Task :google_mobile_ads:parseReleaseLocalResources UP-TO-DATE
[        ] Caching disabled for task ':google_mobile_ads:parseReleaseLocalResources' because:
[        ]   Build cache is disabled
[        ] Skipping task ':google_mobile_ads:parseReleaseLocalResources' as it is up-to-date.
[        ] Resolve mutations for :google_mobile_ads:generateReleaseRFile (Thread[Execution worker Thread 3,5,main]) started.
[        ] :google_mobile_ads:generateReleaseRFile (Thread[Execution worker Thread 3,5,main]) started.
[        ] > Task :google_mobile_ads:generateReleaseRFile UP-TO-DATE
[        ] Caching disabled for task ':google_mobile_ads:generateReleaseRFile' because:
[        ]   Build cache is disabled
[        ] Skipping task ':google_mobile_ads:generateReleaseRFile' as it is up-to-date.
[        ] work action resolve package-aware-r.txt (project :google_mobile_ads) (Thread[Execution worker Thread 3,5,main]) started.
[        ] Resolve mutations for :webview_flutter_android:checkKotlinGradlePluginConfigurationErrors (Thread[Execution worker Thread 3,5,main]) started.
[        ] :webview_flutter_android:checkKotlinGradlePluginConfigurationErrors (Thread[Execution worker Thread 3,5,main]) started.
[        ] > Task :webview_flutter_android:checkKotlinGradlePluginConfigurationErrors SKIPPED
[        ] Skipping task ':webview_flutter_android:checkKotlinGradlePluginConfigurationErrors' as task onlyIf 'errorDiagnostics are present' is false.
[        ] Resolve mutations for :webview_flutter_android:generateReleaseResValues (Thread[Execution worker Thread 3,5,main]) started.
[        ] :webview_flutter_android:generateReleaseResValues (Thread[Execution worker Thread 3,5,main]) started.
[   +2 ms] > Task :webview_flutter_android:generateReleaseResValues UP-TO-DATE
[        ] Caching disabled for task ':webview_flutter_android:generateReleaseResValues' because:
[        ]   Build cache is disabled
[        ] Skipping task ':webview_flutter_android:generateReleaseResValues' as it is up-to-date.
[        ] Resolve mutations for :webview_flutter_android:generateReleaseResources (Thread[Execution worker Thread 3,5,main]) started.
[        ] :webview_flutter_android:generateReleaseResources (Thread[Execution worker Thread 3,5,main]) started.
[        ] > Task :webview_flutter_android:generateReleaseResources UP-TO-DATE
[        ] Caching disabled for task ':webview_flutter_android:generateReleaseResources' because:
[        ]   Build cache is disabled
[        ] Skipping task ':webview_flutter_android:generateReleaseResources' as it is up-to-date.
[        ] Resolve mutations for :webview_flutter_android:packageReleaseResources (Thread[Execution worker Thread 3,5,main]) started.
[        ] :webview_flutter_android:packageReleaseResources (Thread[Execution worker Thread 3,5,main]) started.
[        ] > Task :webview_flutter_android:packageReleaseResources UP-TO-DATE
[        ] Caching disabled for task ':webview_flutter_android:packageReleaseResources' because:
[        ]   Build cache is disabled
[        ] Skipping task ':webview_flutter_android:packageReleaseResources' as it is up-to-date.
[        ] work action resolve packageReleaseResources (project :webview_flutter_android) (Thread[Execution worker Thread 3,5,main]) started.
[        ] Resolve mutations for :webview_flutter_android:parseReleaseLocalResources (Thread[Execution worker Thread 3,5,main]) started.
[        ] :webview_flutter_android:parseReleaseLocalResources (Thread[Execution worker Thread 3,5,main]) started.
[  +77 ms] > Task :webview_flutter_android:parseReleaseLocalResources UP-TO-DATE
[        ] Caching disabled for task ':webview_flutter_android:parseReleaseLocalResources' because:
[        ]   Build cache is disabled
[        ] Skipping task ':webview_flutter_android:parseReleaseLocalResources' as it is up-to-date.
[        ] Resolve mutations for :webview_flutter_android:generateReleaseRFile (Thread[Execution worker Thread 3,5,main]) started.
[        ] :webview_flutter_android:generateReleaseRFile (Thread[Execution worker Thread 3,5,main]) started.
[        ] > Task :webview_flutter_android:generateReleaseRFile UP-TO-DATE
[        ] Caching disabled for task ':webview_flutter_android:generateReleaseRFile' because:
[        ]   Build cache is disabled
[        ] Skipping task ':webview_flutter_android:generateReleaseRFile' as it is up-to-date.
[        ] work action resolve package-aware-r.txt (project :webview_flutter_android) (Thread[Execution worker Thread 3,5,main]) started.
[        ] Resolve mutations for :webview_flutter_android:compileReleaseKotlin (Thread[Execution worker Thread 3,5,main]) started.
[        ] :webview_flutter_android:compileReleaseKotlin (Thread[Execution worker Thread 3,5,main]) started.
[        ] > Task :webview_flutter_android:compileReleaseKotlin UP-TO-DATE
[        ] Adding -Xuse-inline-scopes-numbers Kotlin compiler flag for task :webview_flutter_android:compileDebugAndroidTestKotlin
[        ] Caching disabled for task ':webview_flutter_android:compileReleaseKotlin' because:
[        ]   Build cache is disabled
[        ] Skipping task ':webview_flutter_android:compileReleaseKotlin' as it is up-to-date.
[        ] Resolve mutations for :webview_flutter_android:javaPreCompileRelease (Thread[Execution worker,5,main]) started.
[        ] :webview_flutter_android:javaPreCompileRelease (Thread[Execution worker,5,main]) started.
[        ] > Task :webview_flutter_android:javaPreCompileRelease UP-TO-DATE
[        ] Caching disabled for task ':webview_flutter_android:javaPreCompileRelease' because:
[        ]   Build cache is disabled
[        ] Skipping task ':webview_flutter_android:javaPreCompileRelease' as it is up-to-date.
[        ] Resolve mutations for :webview_flutter_android:compileReleaseJavaWithJavac (Thread[Execution worker,5,main]) started.
[        ] :webview_flutter_android:compileReleaseJavaWithJavac (Thread[Execution worker,5,main]) started.
[  +94 ms] > Task :webview_flutter_android:compileReleaseJavaWithJavac UP-TO-DATE
[        ] Custom actions are attached to task ':webview_flutter_android:compileReleaseJavaWithJavac'.
[        ] Caching disabled for task ':webview_flutter_android:compileReleaseJavaWithJavac' because:
[   +1 ms]   Build cache is disabled
[        ] Skipping task ':webview_flutter_android:compileReleaseJavaWithJavac' as it is up-to-date.
[        ] No compile result for :webview_flutter_android:compileReleaseJavaWithJavac
[        ] No compile result for :webview_flutter_android:compileReleaseJavaWithJavac
[        ] Resolve mutations for :webview_flutter_android:bundleLibCompileToJarRelease (Thread[Execution worker,5,main]) started.
[        ] :webview_flutter_android:bundleLibCompileToJarRelease (Thread[Execution worker,5,main]) started.
[        ] > Task :webview_flutter_android:bundleLibCompileToJarRelease UP-TO-DATE
[        ] Caching disabled for task ':webview_flutter_android:bundleLibCompileToJarRelease' because:
[        ]   Build cache is disabled
[        ]   Simple merging task
[   +1 ms] Skipping task ':webview_flutter_android:bundleLibCompileToJarRelease' as it is up-to-date.
[        ] work action resolve classes.jar (project :webview_flutter_android) (Thread[Execution worker,5,main]) started.
[        ] Resolve mutations for :google_mobile_ads:compileReleaseKotlin (Thread[Execution worker,5,main]) started.
[        ] :google_mobile_ads:compileReleaseKotlin (Thread[Execution worker Thread 3,5,main]) started.
[        ] > Task :google_mobile_ads:compileReleaseKotlin NO-SOURCE
[        ] Skipping task ':google_mobile_ads:compileReleaseKotlin' as it has no source files and no previous output files.
[        ] Resolve mutations for :google_mobile_ads:javaPreCompileRelease (Thread[Execution worker Thread 3,5,main]) started.
[        ] :google_mobile_ads:javaPreCompileRelease (Thread[Execution worker Thread 3,5,main]) started.
[        ] > Task :google_mobile_ads:javaPreCompileRelease UP-TO-DATE
[        ] Caching disabled for task ':google_mobile_ads:javaPreCompileRelease' because:
[        ]   Build cache is disabled
[        ] Skipping task ':google_mobile_ads:javaPreCompileRelease' as it is up-to-date.
[        ] Resolve mutations for :google_mobile_ads:compileReleaseJavaWithJavac (Thread[Execution worker Thread 3,5,main]) started.
[        ] :google_mobile_ads:compileReleaseJavaWithJavac (Thread[Execution worker Thread 3,5,main]) started.
[        ] > Task :google_mobile_ads:compileReleaseJavaWithJavac UP-TO-DATE
[        ] Custom actions are attached to task ':google_mobile_ads:compileReleaseJavaWithJavac'.
[        ] Caching disabled for task ':google_mobile_ads:compileReleaseJavaWithJavac' because:
[        ]   Build cache is disabled
[        ] Skipping task ':google_mobile_ads:compileReleaseJavaWithJavac' as it is up-to-date.
[        ] No compile result for :google_mobile_ads:compileReleaseJavaWithJavac
[        ] No compile result for :google_mobile_ads:compileReleaseJavaWithJavac
[        ] Resolve mutations for :google_mobile_ads:mergeReleaseGeneratedProguardFiles (Thread[Execution worker Thread 3,5,main]) started.
[        ] :google_mobile_ads:mergeReleaseGeneratedProguardFiles (Thread[Execution worker Thread 3,5,main]) started.
[        ] > Task :google_mobile_ads:mergeReleaseGeneratedProguardFiles UP-TO-DATE
[        ] Caching disabled for task ':google_mobile_ads:mergeReleaseGeneratedProguardFiles' because:
[        ]   Build cache is disabled
[        ]   Simple merging task
[        ] Skipping task ':google_mobile_ads:mergeReleaseGeneratedProguardFiles' as it is up-to-date.
[   +1 ms] Resolve mutations for :google_mobile_ads:exportReleaseConsumerProguardFiles (Thread[Execution worker Thread 3,5,main]) started.
[        ] :google_mobile_ads:exportReleaseConsumerProguardFiles (Thread[Execution worker Thread 3,5,main]) started.
[  +91 ms] > Task :google_mobile_ads:exportReleaseConsumerProguardFiles UP-TO-DATE
[        ] Caching disabled for task ':google_mobile_ads:exportReleaseConsumerProguardFiles' because:
[        ]   Build cache is disabled
[        ]   Caching has been disabled for the task
[        ] Skipping task ':google_mobile_ads:exportReleaseConsumerProguardFiles' as it is up-to-date.
[        ] work action resolve exportReleaseConsumerProguardFiles (project :google_mobile_ads) (Thread[Execution worker Thread 3,5,main]) started.
[        ] FilterShrinkerRulesTransform (Thread[Execution worker Thread 3,5,main]) started.
[        ] Resolve mutations for :jni:checkKotlinGradlePluginConfigurationErrors (Thread[Execution worker Thread 2,5,main]) started.
[        ] :jni:checkKotlinGradlePluginConfigurationErrors (Thread[Execution worker Thread 2,5,main]) started.
[        ] > Task :jni:checkKotlinGradlePluginConfigurationErrors SKIPPED
[   +1 ms] Skipping task ':jni:checkKotlinGradlePluginConfigurationErrors' as task onlyIf 'errorDiagnostics are present' is false.
[        ] Resolve mutations for :jni:generateReleaseResValues (Thread[Execution worker Thread 2,5,main]) started.
[        ] :jni:generateReleaseResValues (Thread[Execution worker Thread 2,5,main]) started.
[        ] > Task :jni:generateReleaseResValues UP-TO-DATE
[        ] Caching disabled for task ':jni:generateReleaseResValues' because:
[        ]   Build cache is disabled
[        ] Skipping task ':jni:generateReleaseResValues' as it is up-to-date.
[        ] Resolve mutations for :jni:generateReleaseResources (Thread[Execution worker Thread 2,5,main]) started.
[        ] :jni:generateReleaseResources (Thread[Execution worker Thread 2,5,main]) started.
[        ] > Task :jni:generateReleaseResources UP-TO-DATE
[        ] Caching disabled for task ':jni:generateReleaseResources' because:
[        ]   Build cache is disabled
[        ] Skipping task ':jni:generateReleaseResources' as it is up-to-date.
[        ] Resolve mutations for :jni:packageReleaseResources (Thread[Execution worker Thread 2,5,main]) started.
[        ] :jni:packageReleaseResources (Thread[Execution worker Thread 2,5,main]) started.
[        ] > Task :jni:packageReleaseResources UP-TO-DATE
[        ] Caching disabled for task ':jni:packageReleaseResources' because:
[        ]   Build cache is disabled
[        ] Skipping task ':jni:packageReleaseResources' as it is up-to-date.
[        ] work action resolve packageReleaseResources (project :jni) (Thread[Execution worker Thread 2,5,main]) started.
[        ] Resolve mutations for :jni:parseReleaseLocalResources (Thread[Execution worker Thread 2,5,main]) started.
[        ] :jni:parseReleaseLocalResources (Thread[Execution worker,5,main]) started.
[        ] > Task :jni:parseReleaseLocalResources UP-TO-DATE
[   +1 ms] Caching disabled for task ':jni:parseReleaseLocalResources' because:
[        ]   Build cache is disabled
[        ] Skipping task ':jni:parseReleaseLocalResources' as it is up-to-date.
[        ] Resolve mutations for :jni:generateReleaseRFile (Thread[Execution worker,5,main]) started.
[        ] :jni:generateReleaseRFile (Thread[Execution worker,5,main]) started.
[        ] > Task :jni:generateReleaseRFile UP-TO-DATE
[        ] Caching disabled for task ':jni:generateReleaseRFile' because:
[        ]   Build cache is disabled
[        ] Skipping task ':jni:generateReleaseRFile' as it is up-to-date.
[        ] work action resolve package-aware-r.txt (project :jni) (Thread[Execution worker,5,main]) started.
[        ] Resolve mutations for :jni:compileReleaseKotlin (Thread[Execution worker,5,main]) started.
[        ] :jni:compileReleaseKotlin (Thread[Execution worker,5,main]) started.
[        ] > Task :jni:compileReleaseKotlin NO-SOURCE
[        ] Skipping task ':jni:compileReleaseKotlin' as it has no source files and no previous output files.
[        ] Resolve mutations for :jni:javaPreCompileRelease (Thread[Execution worker,5,main]) started.
[        ] :jni:javaPreCompileRelease (Thread[Execution worker,5,main]) started.
[        ] > Task :jni:javaPreCompileRelease UP-TO-DATE
[        ] Caching disabled for task ':jni:javaPreCompileRelease' because:
[        ]   Build cache is disabled
[        ] Skipping task ':jni:javaPreCompileRelease' as it is up-to-date.
[        ] Resolve mutations for :jni:compileReleaseJavaWithJavac (Thread[Execution worker,5,main]) started.
[        ] :jni:compileReleaseJavaWithJavac (Thread[Execution worker,5,main]) started.
[        ] > Task :jni:compileReleaseJavaWithJavac UP-TO-DATE
[        ] Custom actions are attached to task ':jni:compileReleaseJavaWithJavac'.
[        ] Caching disabled for task ':jni:compileReleaseJavaWithJavac' because:
[        ]   Build cache is disabled
[        ] Skipping task ':jni:compileReleaseJavaWithJavac' as it is up-to-date.
[        ] No compile result for :jni:compileReleaseJavaWithJavac
[        ] No compile result for :jni:compileReleaseJavaWithJavac
[        ] Resolve mutations for :jni:bundleLibCompileToJarRelease (Thread[Execution worker,5,main]) started.
[        ] :jni:bundleLibCompileToJarRelease (Thread[Execution worker,5,main]) started.
[  +80 ms] > Task :jni:bundleLibCompileToJarRelease UP-TO-DATE
[        ] Caching disabled for task ':jni:bundleLibCompileToJarRelease' because:
[        ]   Build cache is disabled
[        ]   Simple merging task
[        ] Skipping task ':jni:bundleLibCompileToJarRelease' as it is up-to-date.
[        ] work action resolve classes.jar (project :jni) (Thread[Execution worker,5,main]) started.
[        ] Resolve mutations for :jni_flutter:checkKotlinGradlePluginConfigurationErrors (Thread[Execution worker,5,main]) started.
[        ] :jni_flutter:checkKotlinGradlePluginConfigurationErrors (Thread[Execution worker,5,main]) started.
[        ] > Task :jni_flutter:checkKotlinGradlePluginConfigurationErrors SKIPPED
[        ] Skipping task ':jni_flutter:checkKotlinGradlePluginConfigurationErrors' as task onlyIf 'errorDiagnostics are present' is false.
[        ] Resolve mutations for :jni_flutter:generateReleaseResValues (Thread[Execution worker,5,main]) started.
[        ] :jni_flutter:generateReleaseResValues (Thread[Execution worker,5,main]) started.
[        ] > Task :jni_flutter:generateReleaseResValues UP-TO-DATE
[   +1 ms] Caching disabled for task ':jni_flutter:generateReleaseResValues' because:
[        ]   Build cache is disabled
[        ] Skipping task ':jni_flutter:generateReleaseResValues' as it is up-to-date.
[        ] Resolve mutations for :jni_flutter:generateReleaseResources (Thread[Execution worker,5,main]) started.
[        ] :jni_flutter:generateReleaseResources (Thread[Execution worker,5,main]) started.
[        ] > Task :jni_flutter:generateReleaseResources UP-TO-DATE
[        ] Caching disabled for task ':jni_flutter:generateReleaseResources' because:
[        ]   Build cache is disabled
[        ] Skipping task ':jni_flutter:generateReleaseResources' as it is up-to-date.
[        ] Resolve mutations for :jni_flutter:packageReleaseResources (Thread[Execution worker,5,main]) started.
[        ] :jni_flutter:packageReleaseResources (Thread[Execution worker,5,main]) started.
[        ] > Task :jni_flutter:packageReleaseResources UP-TO-DATE
[        ] Caching disabled for task ':jni_flutter:packageReleaseResources' because:
[        ]   Build cache is disabled
[        ] Skipping task ':jni_flutter:packageReleaseResources' as it is up-to-date.
[        ] work action resolve packageReleaseResources (project :jni_flutter) (Thread[Execution worker,5,main]) started.
[        ] Resolve mutations for :jni_flutter:parseReleaseLocalResources (Thread[Execution worker,5,main]) started.
[        ] :jni_flutter:parseReleaseLocalResources (Thread[Execution worker,5,main]) started.
[   +1 ms] > Task :jni_flutter:parseReleaseLocalResources UP-TO-DATE
[        ] Caching disabled for task ':jni_flutter:parseReleaseLocalResources' because:
[   +2 ms]   Build cache is disabled
[        ] Skipping task ':jni_flutter:parseReleaseLocalResources' as it is up-to-date.
[        ] Resolve mutations for :jni_flutter:generateReleaseRFile (Thread[Execution worker,5,main]) started.
[        ] :jni_flutter:generateReleaseRFile (Thread[Execution worker,5,main]) started.
[        ] > Task :jni_flutter:generateReleaseRFile UP-TO-DATE
[        ] Caching disabled for task ':jni_flutter:generateReleaseRFile' because:
[        ]   Build cache is disabled
[        ] Skipping task ':jni_flutter:generateReleaseRFile' as it is up-to-date.
[        ] work action resolve package-aware-r.txt (project :jni_flutter) (Thread[Execution worker,5,main]) started.
[        ] Resolve mutations for :jni_flutter:compileReleaseKotlin (Thread[Execution worker,5,main]) started.
[        ] :jni_flutter:compileReleaseKotlin (Thread[Execution worker,5,main]) started.
[        ] > Task :jni_flutter:compileReleaseKotlin NO-SOURCE
[        ] Skipping task ':jni_flutter:compileReleaseKotlin' as it has no source files and no previous output files.
[        ] Resolve mutations for :jni_flutter:javaPreCompileRelease (Thread[Execution worker,5,main]) started.
[        ] :jni_flutter:javaPreCompileRelease (Thread[Execution worker,5,main]) started.
[        ] > Task :jni_flutter:javaPreCompileRelease UP-TO-DATE
[        ] Caching disabled for task ':jni_flutter:javaPreCompileRelease' because:
[        ]   Build cache is disabled
[        ] Skipping task ':jni_flutter:javaPreCompileRelease' as it is up-to-date.
[        ] Resolve mutations for :jni_flutter:compileReleaseJavaWithJavac (Thread[Execution worker,5,main]) started.
[        ] :jni_flutter:compileReleaseJavaWithJavac (Thread[Execution worker,5,main]) started.
[        ] > Task :jni_flutter:compileReleaseJavaWithJavac UP-TO-DATE
[        ] Custom actions are attached to task ':jni_flutter:compileReleaseJavaWithJavac'.
[        ] Caching disabled for task ':jni_flutter:compileReleaseJavaWithJavac' because:
[        ]   Build cache is disabled
[        ] Skipping task ':jni_flutter:compileReleaseJavaWithJavac' as it is up-to-date.
[        ] No compile result for :jni_flutter:compileReleaseJavaWithJavac
[        ] No compile result for :jni_flutter:compileReleaseJavaWithJavac
[        ] Resolve mutations for :jni_flutter:mergeReleaseGeneratedProguardFiles (Thread[Execution worker,5,main]) started.
[        ] :jni_flutter:mergeReleaseGeneratedProguardFiles (Thread[Execution worker,5,main]) started.
[        ] > Task :jni_flutter:mergeReleaseGeneratedProguardFiles UP-TO-DATE
[        ] Caching disabled for task ':jni_flutter:mergeReleaseGeneratedProguardFiles' because:
[        ]   Build cache is disabled
[        ]   Simple merging task
[        ] Skipping task ':jni_flutter:mergeReleaseGeneratedProguardFiles' as it is up-to-date.
[        ] Resolve mutations for :jni_flutter:exportReleaseConsumerProguardFiles (Thread[Execution worker,5,main]) started.
[        ] :jni_flutter:exportReleaseConsumerProguardFiles (Thread[Execution worker,5,main]) started.
[        ] > Task :jni_flutter:exportReleaseConsumerProguardFiles UP-TO-DATE
[        ] Caching disabled for task ':jni_flutter:exportReleaseConsumerProguardFiles' because:
[        ]   Build cache is disabled
[        ]   Caching has been disabled for the task
[        ] Skipping task ':jni_flutter:exportReleaseConsumerProguardFiles' as it is up-to-date.
[        ] work action resolve exportReleaseConsumerProguardFiles (project :jni_flutter) (Thread[Execution worker,5,main]) started.
[        ] FilterShrinkerRulesTransform (Thread[Execution worker,5,main]) started.
[        ] Resolve mutations for :jni:mergeReleaseGeneratedProguardFiles (Thread[Execution worker Thread 3,5,main]) started.
[        ] :jni:mergeReleaseGeneratedProguardFiles (Thread[Execution worker Thread 3,5,main]) started.
[        ] > Task :jni:mergeReleaseGeneratedProguardFiles UP-TO-DATE
[        ] Caching disabled for task ':jni:mergeReleaseGeneratedProguardFiles' because:
[        ]   Build cache is disabled
[        ]   Simple merging task
[        ] Skipping task ':jni:mergeReleaseGeneratedProguardFiles' as it is up-to-date.
[        ] Resolve mutations for :jni:exportReleaseConsumerProguardFiles (Thread[Execution worker Thread 3,5,main]) started.
[        ] :jni:exportReleaseConsumerProguardFiles (Thread[Execution worker Thread 3,5,main]) started.
[        ] > Task :jni:exportReleaseConsumerProguardFiles UP-TO-DATE
[        ] Caching disabled for task ':jni:exportReleaseConsumerProguardFiles' because:
[        ]   Build cache is disabled
[        ]   Caching has been disabled for the task
[        ] Skipping task ':jni:exportReleaseConsumerProguardFiles' as it is up-to-date.
[        ] work action resolve exportReleaseConsumerProguardFiles (project :jni) (Thread[Execution worker Thread 3,5,main]) started.
[        ] FilterShrinkerRulesTransform (Thread[Execution worker Thread 3,5,main]) started.
[        ] Resolve mutations for :permission_handler_android:checkKotlinGradlePluginConfigurationErrors (Thread[Execution worker Thread 3,5,main]) started.
[        ] :permission_handler_android:checkKotlinGradlePluginConfigurationErrors (Thread[Execution worker Thread 3,5,main]) started.
[        ] > Task :permission_handler_android:checkKotlinGradlePluginConfigurationErrors SKIPPED
[        ] Skipping task ':permission_handler_android:checkKotlinGradlePluginConfigurationErrors' as task onlyIf 'errorDiagnostics are present' is false.
[        ] Resolve mutations for :permission_handler_android:generateReleaseResValues (Thread[Execution worker,5,main]) started.
[        ] :permission_handler_android:generateReleaseResValues (Thread[Execution worker,5,main]) started.
[        ] > Task :permission_handler_android:generateReleaseResValues UP-TO-DATE
[        ] Caching disabled for task ':permission_handler_android:generateReleaseResValues' because:
[        ]   Build cache is disabled
[        ] Skipping task ':permission_handler_android:generateReleaseResValues' as it is up-to-date.
[        ] Resolve mutations for :permission_handler_android:generateReleaseResources (Thread[Execution worker,5,main]) started.
[        ] :permission_handler_android:generateReleaseResources (Thread[Execution worker,5,main]) started.
[        ] > Task :permission_handler_android:generateReleaseResources UP-TO-DATE
[        ] Caching disabled for task ':permission_handler_android:generateReleaseResources' because:
[        ]   Build cache is disabled
[        ] Skipping task ':permission_handler_android:generateReleaseResources' as it is up-to-date.
[        ] Resolve mutations for :permission_handler_android:packageReleaseResources (Thread[Execution worker,5,main]) started.
[        ] :permission_handler_android:packageReleaseResources (Thread[Execution worker,5,main]) started.
[  +78 ms] > Task :permission_handler_android:packageReleaseResources UP-TO-DATE
[        ] Caching disabled for task ':permission_handler_android:packageReleaseResources' because:
[        ]   Build cache is disabled
[        ] Skipping task ':permission_handler_android:packageReleaseResources' as it is up-to-date.
[        ] work action resolve packageReleaseResources (project :permission_handler_android) (Thread[Execution worker,5,main]) started.
[        ] Resolve mutations for :permission_handler_android:parseReleaseLocalResources (Thread[Execution worker,5,main]) started.
[        ] :permission_handler_android:parseReleaseLocalResources (Thread[Execution worker,5,main]) started.
[        ] > Task :permission_handler_android:parseReleaseLocalResources UP-TO-DATE
[   +3 ms] Caching disabled for task ':permission_handler_android:parseReleaseLocalResources' because:
[        ]   Build cache is disabled
[        ] Skipping task ':permission_handler_android:parseReleaseLocalResources' as it is up-to-date.
[        ] Resolve mutations for :permission_handler_android:generateReleaseRFile (Thread[Execution worker,5,main]) started.
[        ] :permission_handler_android:generateReleaseRFile (Thread[Execution worker Thread 2,5,main]) started.
[        ] > Task :permission_handler_android:generateReleaseRFile UP-TO-DATE
[        ] Caching disabled for task ':permission_handler_android:generateReleaseRFile' because:
[        ]   Build cache is disabled
[        ] Skipping task ':permission_handler_android:generateReleaseRFile' as it is up-to-date.
[        ] work action resolve package-aware-r.txt (project :permission_handler_android) (Thread[Execution worker Thread 2,5,main]) started.
[        ] Resolve mutations for :permission_handler_android:compileReleaseKotlin (Thread[Execution worker Thread 2,5,main]) started.
[        ] :permission_handler_android:compileReleaseKotlin (Thread[Execution worker Thread 2,5,main]) started.
[        ] > Task :permission_handler_android:compileReleaseKotlin NO-SOURCE
[        ] Skipping task ':permission_handler_android:compileReleaseKotlin' as it has no source files and no previous output files.
[        ] Resolve mutations for :permission_handler_android:javaPreCompileRelease (Thread[Execution worker Thread 2,5,main]) started.
[        ] :permission_handler_android:javaPreCompileRelease (Thread[Execution worker Thread 2,5,main]) started.
[   +3 ms] > Task :permission_handler_android:javaPreCompileRelease UP-TO-DATE
[        ] Caching disabled for task ':permission_handler_android:javaPreCompileRelease' because:
[        ]   Build cache is disabled
[        ] Skipping task ':permission_handler_android:javaPreCompileRelease' as it is up-to-date.
[        ] Resolve mutations for :permission_handler_android:compileReleaseJavaWithJavac (Thread[Execution worker Thread 2,5,main]) started.
[        ] :permission_handler_android:compileReleaseJavaWithJavac (Thread[Execution worker Thread 2,5,main]) started.
[        ] > Task :permission_handler_android:compileReleaseJavaWithJavac UP-TO-DATE
[        ] Custom actions are attached to task ':permission_handler_android:compileReleaseJavaWithJavac'.
[        ] Caching disabled for task ':permission_handler_android:compileReleaseJavaWithJavac' because:
[        ]   Build cache is disabled
[        ] Skipping task ':permission_handler_android:compileReleaseJavaWithJavac' as it is up-to-date.
[        ] No compile result for :permission_handler_android:compileReleaseJavaWithJavac
[        ] No compile result for :permission_handler_android:compileReleaseJavaWithJavac
[        ] Resolve mutations for :permission_handler_android:mergeReleaseGeneratedProguardFiles (Thread[Execution worker Thread 2,5,main]) started.
[        ] :permission_handler_android:mergeReleaseGeneratedProguardFiles (Thread[Execution worker Thread 2,5,main]) started.
[        ] > Task :permission_handler_android:mergeReleaseGeneratedProguardFiles UP-TO-DATE
[        ] Caching disabled for task ':permission_handler_android:mergeReleaseGeneratedProguardFiles' because:
[        ]   Build cache is disabled
[        ]   Simple merging task
[        ] Skipping task ':permission_handler_android:mergeReleaseGeneratedProguardFiles' as it is up-to-date.
[   +4 ms] Resolve mutations for :permission_handler_android:exportReleaseConsumerProguardFiles (Thread[Execution worker Thread 2,5,main]) started.
[        ] :permission_handler_android:exportReleaseConsumerProguardFiles (Thread[Execution worker Thread 2,5,main]) started.
[        ] > Task :permission_handler_android:exportReleaseConsumerProguardFiles UP-TO-DATE
[        ] Caching disabled for task ':permission_handler_android:exportReleaseConsumerProguardFiles' because:
[        ]   Build cache is disabled
[        ]   Caching has been disabled for the task
[        ] Skipping task ':permission_handler_android:exportReleaseConsumerProguardFiles' as it is up-to-date.
[        ] work action resolve exportReleaseConsumerProguardFiles (project :permission_handler_android) (Thread[Execution worker Thread 2,5,main]) started.
[        ] FilterShrinkerRulesTransform (Thread[Execution worker Thread 2,5,main]) started.
[        ] Resolve mutations for :saf:checkKotlinGradlePluginConfigurationErrors (Thread[Execution worker,5,main]) started.
[        ] :saf:checkKotlinGradlePluginConfigurationErrors (Thread[Execution worker,5,main]) started.
[        ] > Task :saf:checkKotlinGradlePluginConfigurationErrors SKIPPED
[        ] Skipping task ':saf:checkKotlinGradlePluginConfigurationErrors' as task onlyIf 'errorDiagnostics are present' is false.
[        ] Resolve mutations for :saf:generateReleaseResValues (Thread[Execution worker,5,main]) started.
[        ] :saf:generateReleaseResValues (Thread[Execution worker,5,main]) started.
[        ] > Task :saf:generateReleaseResValues UP-TO-DATE
[        ] Caching disabled for task ':saf:generateReleaseResValues' because:
[        ]   Build cache is disabled
[        ] Skipping task ':saf:generateReleaseResValues' as it is up-to-date.
[        ] Resolve mutations for :saf:generateReleaseResources (Thread[Execution worker,5,main]) started.
[   +3 ms] :saf:generateReleaseResources (Thread[Execution worker,5,main]) started.
[  +77 ms] > Task :saf:generateReleaseResources UP-TO-DATE
[        ] Caching disabled for task ':saf:generateReleaseResources' because:
[        ]   Build cache is disabled
[        ] Skipping task ':saf:generateReleaseResources' as it is up-to-date.
[        ] Resolve mutations for :saf:packageReleaseResources (Thread[Execution worker,5,main]) started.
[        ] :saf:packageReleaseResources (Thread[Execution worker,5,main]) started.
[        ] > Task :saf:packageReleaseResources UP-TO-DATE
[        ] Caching disabled for task ':saf:packageReleaseResources' because:
[        ]   Build cache is disabled
[        ] Skipping task ':saf:packageReleaseResources' as it is up-to-date.
[        ] work action resolve packageReleaseResources (project :saf) (Thread[Execution worker,5,main]) started.
[        ] Resolve mutations for :saf:parseReleaseLocalResources (Thread[Execution worker Thread 2,5,main]) started.
[        ] :saf:parseReleaseLocalResources (Thread[Execution worker Thread 2,5,main]) started.
[   +2 ms] > Task :saf:parseReleaseLocalResources UP-TO-DATE
[        ] Caching disabled for task ':saf:parseReleaseLocalResources' because:
[        ]   Build cache is disabled
[        ] Skipping task ':saf:parseReleaseLocalResources' as it is up-to-date.
[        ] Resolve mutations for :saf:generateReleaseRFile (Thread[Execution worker Thread 2,5,main]) started.
[        ] :saf:generateReleaseRFile (Thread[Execution worker Thread 2,5,main]) started.
[        ] > Task :saf:generateReleaseRFile UP-TO-DATE
[        ] Caching disabled for task ':saf:generateReleaseRFile' because:
[        ]   Build cache is disabled
[        ] Skipping task ':saf:generateReleaseRFile' as it is up-to-date.
[        ] work action resolve package-aware-r.txt (project :saf) (Thread[Execution worker,5,main]) started.
[        ] Resolve mutations for :saf:compileReleaseKotlin (Thread[included builds,5,main]) started.
[        ] :saf:compileReleaseKotlin (Thread[included builds,5,main]) started.
[        ] > Task :saf:compileReleaseKotlin UP-TO-DATE
[        ] Adding -Xuse-inline-scopes-numbers Kotlin compiler flag for task :saf:compileDebugAndroidTestKotlin
[        ] Caching disabled for task ':saf:compileReleaseKotlin' because:
[   +3 ms]   Build cache is disabled
[        ] Skipping task ':saf:compileReleaseKotlin' as it is up-to-date.
[        ] Resolve mutations for :saf:javaPreCompileRelease (Thread[Execution worker,5,main]) started.
[        ] :saf:javaPreCompileRelease (Thread[Execution worker Thread 3,5,main]) started.
[  +90 ms] > Task :saf:javaPreCompileRelease UP-TO-DATE
[        ] Caching disabled for task ':saf:javaPreCompileRelease' because:
[        ]   Build cache is disabled
[        ] Skipping task ':saf:javaPreCompileRelease' as it is up-to-date.
[        ] Resolve mutations for :saf:compileReleaseJavaWithJavac (Thread[Execution worker,5,main]) started.
[        ] :saf:compileReleaseJavaWithJavac (Thread[Execution worker,5,main]) started.
[        ] > Task :saf:compileReleaseJavaWithJavac NO-SOURCE
[        ] Skipping task ':saf:compileReleaseJavaWithJavac' as it has no source files and no previous output files.
[        ] Resolve mutations for :saf:mergeReleaseGeneratedProguardFiles (Thread[Execution worker Thread 3,5,main]) started.
[        ] :saf:mergeReleaseGeneratedProguardFiles (Thread[Execution worker Thread 2,5,main]) started.
[        ] > Task :saf:mergeReleaseGeneratedProguardFiles UP-TO-DATE
[        ] Caching disabled for task ':saf:mergeReleaseGeneratedProguardFiles' because:
[        ]   Build cache is disabled
[        ]   Simple merging task
[        ] Skipping task ':saf:mergeReleaseGeneratedProguardFiles' as it is up-to-date.
[   +3 ms] Resolve mutations for :saf:exportReleaseConsumerProguardFiles (Thread[Execution worker Thread 2,5,main]) started.
[        ] :saf:exportReleaseConsumerProguardFiles (Thread[Execution worker,5,main]) started.
[        ] > Task :saf:exportReleaseConsumerProguardFiles UP-TO-DATE
[        ] Caching disabled for task ':saf:exportReleaseConsumerProguardFiles' because:
[        ]   Build cache is disabled
[        ]   Caching has been disabled for the task
[        ] Skipping task ':saf:exportReleaseConsumerProguardFiles' as it is up-to-date.
[        ] work action resolve exportReleaseConsumerProguardFiles (project :saf) (Thread[Execution worker Thread 2,5,main]) started.
[        ] FilterShrinkerRulesTransform (Thread[Execution worker Thread 3,5,main]) started.
[        ] Resolve mutations for :video_player_android:checkKotlinGradlePluginConfigurationErrors (Thread[Execution worker Thread 3,5,main]) started.
[        ] :video_player_android:checkKotlinGradlePluginConfigurationErrors (Thread[Execution worker Thread 3,5,main]) started.
[        ] > Task :video_player_android:checkKotlinGradlePluginConfigurationErrors SKIPPED
[        ] Skipping task ':video_player_android:checkKotlinGradlePluginConfigurationErrors' as task onlyIf 'errorDiagnostics are present' is false.
[        ] Resolve mutations for :video_player_android:generateReleaseResValues (Thread[Execution worker,5,main]) started.
[        ] :video_player_android:generateReleaseResValues (Thread[included builds,5,main]) started.
[        ] > Task :video_player_android:generateReleaseResValues UP-TO-DATE
[        ] Caching disabled for task ':video_player_android:generateReleaseResValues' because:
[        ]   Build cache is disabled
[        ] Skipping task ':video_player_android:generateReleaseResValues' as it is up-to-date.
[        ] Resolve mutations for :video_player_android:generateReleaseResources (Thread[included builds,5,main]) started.
[        ] :video_player_android:generateReleaseResources (Thread[included builds,5,main]) started.
[        ] > Task :video_player_android:generateReleaseResources UP-TO-DATE
[        ] Caching disabled for task ':video_player_android:generateReleaseResources' because:
[        ]   Build cache is disabled
[        ] Skipping task ':video_player_android:generateReleaseResources' as it is up-to-date.
[   +2 ms] Resolve mutations for :video_player_android:packageReleaseResources (Thread[Execution worker,5,main]) started.
[        ] :video_player_android:packageReleaseResources (Thread[Execution worker,5,main]) started.
[        ] > Task :video_player_android:packageReleaseResources UP-TO-DATE
[        ] Caching disabled for task ':video_player_android:packageReleaseResources' because:
[        ]   Build cache is disabled
[        ] Skipping task ':video_player_android:packageReleaseResources' as it is up-to-date.
[        ] work action resolve packageReleaseResources (project :video_player_android) (Thread[included builds,5,main]) started.
[        ] Resolve mutations for :video_player_android:parseReleaseLocalResources (Thread[included builds,5,main]) started.
[        ] :video_player_android:parseReleaseLocalResources (Thread[included builds,5,main]) started.
[        ] > Task :video_player_android:parseReleaseLocalResources UP-TO-DATE
[        ] Caching disabled for task ':video_player_android:parseReleaseLocalResources' because:
[        ]   Build cache is disabled
[        ] Skipping task ':video_player_android:parseReleaseLocalResources' as it is up-to-date.
[        ] Resolve mutations for :video_player_android:generateReleaseRFile (Thread[Execution worker,5,main]) started.
[        ] :video_player_android:generateReleaseRFile (Thread[Execution worker Thread 2,5,main]) started.
[        ] > Task :video_player_android:generateReleaseRFile UP-TO-DATE
[        ] Caching disabled for task ':video_player_android:generateReleaseRFile' because:
[   +3 ms]   Build cache is disabled
[        ] Skipping task ':video_player_android:generateReleaseRFile' as it is up-to-date.
[        ] work action resolve package-aware-r.txt (project :video_player_android) (Thread[Execution worker,5,main]) started.
[        ] Resolve mutations for :video_player_android:compileReleaseKotlin (Thread[included builds,5,main]) started.
[        ] :video_player_android:compileReleaseKotlin (Thread[included builds,5,main]) started.
[  +76 ms] > Task :video_player_android:compileReleaseKotlin UP-TO-DATE
[   +1 ms] Adding -Xuse-inline-scopes-numbers Kotlin compiler flag for task :video_player_android:compileDebugAndroidTestKotlin
[   +1 ms] Caching disabled for task ':video_player_android:compileReleaseKotlin' because:
[   +3 ms]   Build cache is disabled
[        ] Skipping task ':video_player_android:compileReleaseKotlin' as it is up-to-date.
[        ] Resolve mutations for :video_player_android:javaPreCompileRelease (Thread[Execution worker,5,main]) started.
[        ] :video_player_android:javaPreCompileRelease (Thread[Execution worker,5,main]) started.
[        ] > Task :video_player_android:javaPreCompileRelease UP-TO-DATE
[        ] Caching disabled for task ':video_player_android:javaPreCompileRelease' because:
[        ]   Build cache is disabled
[        ] Skipping task ':video_player_android:javaPreCompileRelease' as it is up-to-date.
[        ] Resolve mutations for :video_player_android:compileReleaseJavaWithJavac (Thread[included builds,5,main]) started.
[        ] :video_player_android:compileReleaseJavaWithJavac (Thread[included builds,5,main]) started.
[        ] > Task :video_player_android:compileReleaseJavaWithJavac UP-TO-DATE
[        ] Custom actions are attached to task ':video_player_android:compileReleaseJavaWithJavac'.
[        ] Caching disabled for task ':video_player_android:compileReleaseJavaWithJavac' because:
[        ]   Build cache is disabled
[        ] Skipping task ':video_player_android:compileReleaseJavaWithJavac' as it is up-to-date.
[        ] No compile result for :video_player_android:compileReleaseJavaWithJavac
[        ] No compile result for :video_player_android:compileReleaseJavaWithJavac
[        ] Resolve mutations for :video_player_android:mergeReleaseGeneratedProguardFiles (Thread[Execution worker,5,main]) started.
[        ] :video_player_android:mergeReleaseGeneratedProguardFiles (Thread[Execution worker Thread 2,5,main]) started.
[        ] > Task :video_player_android:mergeReleaseGeneratedProguardFiles UP-TO-DATE
[        ] Caching disabled for task ':video_player_android:mergeReleaseGeneratedProguardFiles' because:
[        ]   Build cache is disabled
[        ]   Simple merging task
[        ] Skipping task ':video_player_android:mergeReleaseGeneratedProguardFiles' as it is up-to-date.
[        ] Resolve mutations for :video_player_android:exportReleaseConsumerProguardFiles (Thread[included builds,5,main]) started.
[        ] :video_player_android:exportReleaseConsumerProguardFiles (Thread[included builds,5,main]) started.
[        ] > Task :video_player_android:exportReleaseConsumerProguardFiles UP-TO-DATE
[        ] Caching disabled for task ':video_player_android:exportReleaseConsumerProguardFiles' because:
[        ]   Build cache is disabled
[        ]   Caching has been disabled for the task
[        ] Skipping task ':video_player_android:exportReleaseConsumerProguardFiles' as it is up-to-date.
[        ] work action resolve exportReleaseConsumerProguardFiles (project :video_player_android) (Thread[included builds,5,main]) started.
[        ] FilterShrinkerRulesTransform (Thread[included builds,5,main]) started.
[        ] Resolve mutations for :video_thumbnail_plus:checkKotlinGradlePluginConfigurationErrors (Thread[Execution worker,5,main]) started.
[        ] :video_thumbnail_plus:checkKotlinGradlePluginConfigurationErrors (Thread[Execution worker,5,main]) started.
[        ] > Task :video_thumbnail_plus:checkKotlinGradlePluginConfigurationErrors SKIPPED
[        ] Skipping task ':video_thumbnail_plus:checkKotlinGradlePluginConfigurationErrors' as task onlyIf 'errorDiagnostics are present' is false.
[        ] Resolve mutations for :video_thumbnail_plus:generateReleaseResValues (Thread[Execution worker,5,main]) started.
[        ] :video_thumbnail_plus:generateReleaseResValues (Thread[Execution worker,5,main]) started.
[        ] > Task :video_thumbnail_plus:generateReleaseResValues UP-TO-DATE
[        ] Caching disabled for task ':video_thumbnail_plus:generateReleaseResValues' because:
[        ]   Build cache is disabled
[        ] Skipping task ':video_thumbnail_plus:generateReleaseResValues' as it is up-to-date.
[        ] Resolve mutations for :video_thumbnail_plus:generateReleaseResources (Thread[Execution worker Thread 2,5,main]) started.
[        ] :video_thumbnail_plus:generateReleaseResources (Thread[Execution worker Thread 2,5,main]) started.
[        ] > Task :video_thumbnail_plus:generateReleaseResources UP-TO-DATE
[        ] Caching disabled for task ':video_thumbnail_plus:generateReleaseResources' because:
[        ]   Build cache is disabled
[        ] Skipping task ':video_thumbnail_plus:generateReleaseResources' as it is up-to-date.
[        ] Resolve mutations for :video_thumbnail_plus:packageReleaseResources (Thread[Execution worker,5,main]) started.
[        ] :video_thumbnail_plus:packageReleaseResources (Thread[Execution worker Thread 3,5,main]) started.
[        ] > Task :video_thumbnail_plus:packageReleaseResources UP-TO-DATE
[        ] Caching disabled for task ':video_thumbnail_plus:packageReleaseResources' because:
[        ]   Build cache is disabled
[        ] Skipping task ':video_thumbnail_plus:packageReleaseResources' as it is up-to-date.
[        ] work action resolve packageReleaseResources (project :video_thumbnail_plus) (Thread[Execution worker Thread 2,5,main]) started.
[        ] Resolve mutations for :video_thumbnail_plus:parseReleaseLocalResources (Thread[Execution worker Thread 2,5,main]) started.
[        ] :video_thumbnail_plus:parseReleaseLocalResources (Thread[Execution worker Thread 2,5,main]) started.
[        ] > Task :video_thumbnail_plus:parseReleaseLocalResources UP-TO-DATE
[        ] Caching disabled for task ':video_thumbnail_plus:parseReleaseLocalResources' because:
[        ]   Build cache is disabled
[        ] Skipping task ':video_thumbnail_plus:parseReleaseLocalResources' as it is up-to-date.
[        ] Resolve mutations for :video_thumbnail_plus:generateReleaseRFile (Thread[Execution worker Thread 3,5,main]) started.
[        ] :video_thumbnail_plus:generateReleaseRFile (Thread[Execution worker,5,main]) started.
[        ] > Task :video_thumbnail_plus:generateReleaseRFile UP-TO-DATE
[   +1 ms] Caching disabled for task ':video_thumbnail_plus:generateReleaseRFile' because:
[        ]   Build cache is disabled
[        ] Skipping task ':video_thumbnail_plus:generateReleaseRFile' as it is up-to-date.
[        ] work action resolve package-aware-r.txt (project :video_thumbnail_plus) (Thread[Execution worker Thread 3,5,main]) started.
[        ] Resolve mutations for :video_thumbnail_plus:compileReleaseKotlin (Thread[Execution worker Thread 3,5,main]) started.
[        ] :video_thumbnail_plus:compileReleaseKotlin (Thread[Execution worker Thread 3,5,main]) started.
[  +74 ms] > Task :video_thumbnail_plus:compileReleaseKotlin UP-TO-DATE
[        ] Adding -Xuse-inline-scopes-numbers Kotlin compiler flag for task :video_thumbnail_plus:compileDebugAndroidTestKotlin
[        ] Caching disabled for task ':video_thumbnail_plus:compileReleaseKotlin' because:
[        ]   Build cache is disabled
[        ] Skipping task ':video_thumbnail_plus:compileReleaseKotlin' as it is up-to-date.
[        ] Resolve mutations for :video_thumbnail_plus:javaPreCompileRelease (Thread[Execution worker,5,main]) started.
[        ] :video_thumbnail_plus:javaPreCompileRelease (Thread[Execution worker,5,main]) started.
[        ] > Task :video_thumbnail_plus:javaPreCompileRelease UP-TO-DATE
[        ] Caching disabled for task ':video_thumbnail_plus:javaPreCompileRelease' because:
[        ]   Build cache is disabled
[        ] Skipping task ':video_thumbnail_plus:javaPreCompileRelease' as it is up-to-date.
[        ] Resolve mutations for :video_thumbnail_plus:compileReleaseJavaWithJavac (Thread[Execution worker,5,main]) started.
[        ] :video_thumbnail_plus:compileReleaseJavaWithJavac (Thread[Execution worker,5,main]) started.
[        ] > Task :video_thumbnail_plus:compileReleaseJavaWithJavac NO-SOURCE
[        ] Skipping task ':video_thumbnail_plus:compileReleaseJavaWithJavac' as it has no source files and no previous output files.
[        ] Resolve mutations for :video_thumbnail_plus:mergeReleaseGeneratedProguardFiles (Thread[Execution worker,5,main]) started.
[        ] :video_thumbnail_plus:mergeReleaseGeneratedProguardFiles (Thread[Execution worker,5,main]) started.
[        ] > Task :video_thumbnail_plus:mergeReleaseGeneratedProguardFiles UP-TO-DATE
[        ] Caching disabled for task ':video_thumbnail_plus:mergeReleaseGeneratedProguardFiles' because:
[        ]   Build cache is disabled
[        ]   Simple merging task
[        ] Skipping task ':video_thumbnail_plus:mergeReleaseGeneratedProguardFiles' as it is up-to-date.
[        ] Resolve mutations for :video_thumbnail_plus:exportReleaseConsumerProguardFiles (Thread[Execution worker,5,main]) started.
[        ] :video_thumbnail_plus:exportReleaseConsumerProguardFiles (Thread[Execution worker,5,main]) started.
[        ] > Task :video_thumbnail_plus:exportReleaseConsumerProguardFiles UP-TO-DATE
[        ] Caching disabled for task ':video_thumbnail_plus:exportReleaseConsumerProguardFiles' because:
[        ]   Build cache is disabled
[        ]   Caching has been disabled for the task
[        ] Skipping task ':video_thumbnail_plus:exportReleaseConsumerProguardFiles' as it is up-to-date.
[        ] work action resolve exportReleaseConsumerProguardFiles (project :video_thumbnail_plus) (Thread[Execution worker,5,main]) started.
[        ] FilterShrinkerRulesTransform (Thread[Execution worker,5,main]) started.
[        ] Resolve mutations for :webview_flutter_android:mergeReleaseGeneratedProguardFiles (Thread[Execution worker Thread 3,5,main]) started.
[        ] :webview_flutter_android:mergeReleaseGeneratedProguardFiles (Thread[Execution worker Thread 3,5,main]) started.
[        ] > Task :webview_flutter_android:mergeReleaseGeneratedProguardFiles UP-TO-DATE
[        ] Caching disabled for task ':webview_flutter_android:mergeReleaseGeneratedProguardFiles' because:
[        ]   Build cache is disabled
[        ]   Simple merging task
[        ] Skipping task ':webview_flutter_android:mergeReleaseGeneratedProguardFiles' as it is up-to-date.
[        ] Resolve mutations for :webview_flutter_android:exportReleaseConsumerProguardFiles (Thread[Execution worker Thread 3,5,main]) started.
[        ] :webview_flutter_android:exportReleaseConsumerProguardFiles (Thread[Execution worker Thread 3,5,main]) started.
[        ] > Task :webview_flutter_android:exportReleaseConsumerProguardFiles UP-TO-DATE
[        ] Caching disabled for task ':webview_flutter_android:exportReleaseConsumerProguardFiles' because:
[        ]   Build cache is disabled
[        ]   Caching has been disabled for the task
[        ] Skipping task ':webview_flutter_android:exportReleaseConsumerProguardFiles' as it is up-to-date.
[   +1 ms] work action resolve exportReleaseConsumerProguardFiles (project :webview_flutter_android) (Thread[Execution worker,5,main]) started.
[        ] FilterShrinkerRulesTransform (Thread[Execution worker,5,main]) started.
[        ] Resolve mutations for :app:buildKotlinToolingMetadata (Thread[included builds,5,main]) started.
[        ] :app:buildKotlinToolingMetadata (Thread[included builds,5,main]) started.
[        ] > Task :app:buildKotlinToolingMetadata UP-TO-DATE
[        ] Caching disabled for task ':app:buildKotlinToolingMetadata' because:
[   +2 ms]   Build cache is disabled
[        ]   Caching has been disabled for the task
[        ] Skipping task ':app:buildKotlinToolingMetadata' as it is up-to-date.
[        ] Resolve mutations for :app:checkReleaseDuplicateClasses (Thread[Execution worker Thread 2,5,main]) started.
[        ] :app:checkReleaseDuplicateClasses (Thread[Execution worker Thread 2,5,main]) started.
[  +85 ms] > Task :app:checkReleaseDuplicateClasses UP-TO-DATE
[        ] Caching disabled for task ':app:checkReleaseDuplicateClasses' because:
[   +2 ms]   Build cache is disabled
[        ]   Caching has been disabled for the task
[        ] Skipping task ':app:checkReleaseDuplicateClasses' as it is up-to-date.
[        ] Resolve mutations for :app:checkKotlinGradlePluginConfigurationErrors (Thread[Execution worker Thread 2,5,main]) started.
[        ] :app:checkKotlinGradlePluginConfigurationErrors (Thread[Execution worker Thread 2,5,main]) started.
[        ] > Task :app:checkKotlinGradlePluginConfigurationErrors SKIPPED
[        ] Skipping task ':app:checkKotlinGradlePluginConfigurationErrors' as task onlyIf 'errorDiagnostics are present' is false.
[        ] Resolve mutations for :device_info_plus:writeReleaseAarMetadata (Thread[Execution worker Thread 2,5,main]) started.
[        ] :device_info_plus:writeReleaseAarMetadata (Thread[Execution worker Thread 2,5,main]) started.
[        ] > Task :device_info_plus:writeReleaseAarMetadata UP-TO-DATE
[        ] Caching disabled for task ':device_info_plus:writeReleaseAarMetadata' because:
[        ]   Build cache is disabled
[        ]   Caching has been disabled for the task
[        ] Skipping task ':device_info_plus:writeReleaseAarMetadata' as it is up-to-date.
[        ] work action resolve aar-metadata.properties (project :device_info_plus) (Thread[Execution worker Thread 2,5,main]) started.
[        ] Resolve mutations for :gallery_saver_plus:writeReleaseAarMetadata (Thread[Execution worker Thread 2,5,main]) started.
[        ] :gallery_saver_plus:writeReleaseAarMetadata (Thread[Execution worker Thread 2,5,main]) started.
[        ] > Task :gallery_saver_plus:writeReleaseAarMetadata UP-TO-DATE
[        ] Caching disabled for task ':gallery_saver_plus:writeReleaseAarMetadata' because:
[        ]   Build cache is disabled
[        ]   Caching has been disabled for the task
[        ] Skipping task ':gallery_saver_plus:writeReleaseAarMetadata' as it is up-to-date.
[        ] work action resolve aar-metadata.properties (project :gallery_saver_plus) (Thread[Execution worker Thread 2,5,main]) started.
[        ] Resolve mutations for :google_mobile_ads:writeReleaseAarMetadata (Thread[Execution worker Thread 2,5,main]) started.
[        ] :google_mobile_ads:writeReleaseAarMetadata (Thread[Execution worker Thread 2,5,main]) started.
[        ] > Task :google_mobile_ads:writeReleaseAarMetadata UP-TO-DATE
[        ] Caching disabled for task ':google_mobile_ads:writeReleaseAarMetadata' because:
[        ]   Build cache is disabled
[        ]   Caching has been disabled for the task
[        ] Skipping task ':google_mobile_ads:writeReleaseAarMetadata' as it is up-to-date.
[        ] work action resolve aar-metadata.properties (project :google_mobile_ads) (Thread[Execution worker Thread 2,5,main]) started.
[        ] Resolve mutations for :jni:writeReleaseAarMetadata (Thread[Execution worker Thread 2,5,main]) started.
[        ] :jni:writeReleaseAarMetadata (Thread[Execution worker Thread 2,5,main]) started.
[        ] > Task :jni:writeReleaseAarMetadata UP-TO-DATE
[        ] Caching disabled for task ':jni:writeReleaseAarMetadata' because:
[        ]   Build cache is disabled
[        ]   Caching has been disabled for the task
[        ] Skipping task ':jni:writeReleaseAarMetadata' as it is up-to-date.
[        ] work action resolve aar-metadata.properties (project :jni) (Thread[Execution worker Thread 2,5,main]) started.
[        ] Resolve mutations for :jni_flutter:writeReleaseAarMetadata (Thread[Execution worker Thread 3,5,main]) started.
[        ] :jni_flutter:writeReleaseAarMetadata (Thread[Execution worker Thread 3,5,main]) started.
[        ] > Task :jni_flutter:writeReleaseAarMetadata UP-TO-DATE
[        ] Caching disabled for task ':jni_flutter:writeReleaseAarMetadata' because:
[        ]   Build cache is disabled
[        ]   Caching has been disabled for the task
[        ] Skipping task ':jni_flutter:writeReleaseAarMetadata' as it is up-to-date.
[        ] work action resolve aar-metadata.properties (project :jni_flutter) (Thread[Execution worker Thread 2,5,main]) started.
[        ] Resolve mutations for :permission_handler_android:writeReleaseAarMetadata (Thread[Execution worker Thread 2,5,main]) started.
[        ] :permission_handler_android:writeReleaseAarMetadata (Thread[Execution worker Thread 2,5,main]) started.
[        ] > Task :permission_handler_android:writeReleaseAarMetadata UP-TO-DATE
[        ] Caching disabled for task ':permission_handler_android:writeReleaseAarMetadata' because:
[        ]   Build cache is disabled
[        ]   Caching has been disabled for the task
[        ] Skipping task ':permission_handler_android:writeReleaseAarMetadata' as it is up-to-date.
[        ] work action resolve aar-metadata.properties (project :permission_handler_android) (Thread[Execution worker Thread 3,5,main]) started.
[        ] Resolve mutations for :saf:writeReleaseAarMetadata (Thread[Execution worker Thread 3,5,main]) started.
[        ] :saf:writeReleaseAarMetadata (Thread[Execution worker Thread 3,5,main]) started.
[        ] > Task :saf:writeReleaseAarMetadata UP-TO-DATE
[        ] Caching disabled for task ':saf:writeReleaseAarMetadata' because:
[        ]   Build cache is disabled
[        ]   Caching has been disabled for the task
[        ] Skipping task ':saf:writeReleaseAarMetadata' as it is up-to-date.
[        ] work action resolve aar-metadata.properties (project :saf) (Thread[Execution worker Thread 3,5,main]) started.
[        ] Resolve mutations for :video_player_android:writeReleaseAarMetadata (Thread[Execution worker Thread 3,5,main]) started.
[        ] :video_player_android:writeReleaseAarMetadata (Thread[Execution worker Thread 3,5,main]) started.
[        ] > Task :video_player_android:writeReleaseAarMetadata UP-TO-DATE
[        ] Caching disabled for task ':video_player_android:writeReleaseAarMetadata' because:
[        ]   Build cache is disabled
[        ]   Caching has been disabled for the task
[        ] Skipping task ':video_player_android:writeReleaseAarMetadata' as it is up-to-date.
[        ] work action resolve aar-metadata.properties (project :video_player_android) (Thread[Execution worker Thread 3,5,main]) started.
[        ] Resolve mutations for :video_thumbnail_plus:writeReleaseAarMetadata (Thread[Execution worker Thread 3,5,main]) started.
[        ] :video_thumbnail_plus:writeReleaseAarMetadata (Thread[Execution worker Thread 3,5,main]) started.
[        ] > Task :video_thumbnail_plus:writeReleaseAarMetadata UP-TO-DATE
[        ] Caching disabled for task ':video_thumbnail_plus:writeReleaseAarMetadata' because:
[        ]   Build cache is disabled
[        ]   Caching has been disabled for the task
[        ] Skipping task ':video_thumbnail_plus:writeReleaseAarMetadata' as it is up-to-date.
[        ] work action resolve aar-metadata.properties (project :video_thumbnail_plus) (Thread[Execution worker Thread 3,5,main]) started.
[   +4 ms] Resolve mutations for :webview_flutter_android:writeReleaseAarMetadata (Thread[Execution worker Thread 3,5,main]) started.
[        ] :webview_flutter_android:writeReleaseAarMetadata (Thread[Execution worker Thread 3,5,main]) started.
[        ] > Task :webview_flutter_android:writeReleaseAarMetadata UP-TO-DATE
[        ] Caching disabled for task ':webview_flutter_android:writeReleaseAarMetadata' because:
[        ]   Build cache is disabled
[        ]   Caching has been disabled for the task
[        ] Skipping task ':webview_flutter_android:writeReleaseAarMetadata' as it is up-to-date.
[        ] work action resolve aar-metadata.properties (project :webview_flutter_android) (Thread[Execution worker Thread 3,5,main]) started.
[        ] Resolve mutations for :app:checkReleaseAarMetadata (Thread[Execution worker Thread 3,5,main]) started.
[        ] :app:checkReleaseAarMetadata (Thread[Execution worker Thread 3,5,main]) started.
[        ] > Task :app:checkReleaseAarMetadata UP-TO-DATE
[        ] Caching disabled for task ':app:checkReleaseAarMetadata' because:
[        ]   Build cache is disabled
[        ]   Caching has been disabled for the task
[        ] Skipping task ':app:checkReleaseAarMetadata' as it is up-to-date.
[        ] Resolve mutations for :app:cleanMergeReleaseAssets (Thread[Execution worker,5,main]) started.
[        ] :app:cleanMergeReleaseAssets (Thread[Execution worker,5,main]) started.
[        ] > Task :app:cleanMergeReleaseAssets
[   +2 ms] Caching disabled for task ':app:cleanMergeReleaseAssets' because:
[        ]   Build cache is disabled
[        ] Task ':app:cleanMergeReleaseAssets' is not up-to-date because:
[   +2 ms]   Task has not declared any outputs despite executing actions.
[        ] Resolve mutations for :app:mergeReleaseShaders (Thread[Execution worker,5,main]) started.
[        ] :app:mergeReleaseShaders (Thread[Execution worker,5,main]) started.
[        ] > Task :app:mergeReleaseShaders UP-TO-DATE
[        ] Caching disabled for task ':app:mergeReleaseShaders' because:
[        ]   Build cache is disabled
[        ]   Simple merging task
[        ] Skipping task ':app:mergeReleaseShaders' as it is up-to-date.
[        ] Resolve mutations for :app:compileReleaseShaders (Thread[Execution worker,5,main]) started.
[        ] :app:compileReleaseShaders (Thread[Execution worker,5,main]) started.
[   +2 ms] > Task :app:compileReleaseShaders NO-SOURCE
[        ] Skipping task ':app:compileReleaseShaders' as it has no source files and no previous output files.
[        ] Resolve mutations for :app:generateReleaseAssets (Thread[Execution worker,5,main]) started.
[        ] :app:generateReleaseAssets (Thread[Execution worker,5,main]) started.
[        ] > Task :app:generateReleaseAssets UP-TO-DATE
[        ] Skipping task ':app:generateReleaseAssets' as it has no actions.
[        ] Resolve mutations for :device_info_plus:mergeReleaseShaders (Thread[Execution worker,5,main]) started.
[        ] :device_info_plus:mergeReleaseShaders (Thread[Execution worker,5,main]) started.
[        ] > Task :device_info_plus:mergeReleaseShaders UP-TO-DATE
[        ] Caching disabled for task ':device_info_plus:mergeReleaseShaders' because:
[        ]   Build cache is disabled
[        ]   Simple merging task
[   +2 ms] Skipping task ':device_info_plus:mergeReleaseShaders' as it is up-to-date.
[        ] Resolve mutations for :device_info_plus:compileReleaseShaders (Thread[Execution worker,5,main]) started.
[        ] :device_info_plus:compileReleaseShaders (Thread[Execution worker,5,main]) started.
[        ] > Task :device_info_plus:compileReleaseShaders NO-SOURCE
[        ] Skipping task ':device_info_plus:compileReleaseShaders' as it has no source files and no previous output files.
[        ] Resolve mutations for :device_info_plus:generateReleaseAssets (Thread[Execution worker,5,main]) started.
[        ] :device_info_plus:generateReleaseAssets (Thread[Execution worker,5,main]) started.
[        ] > Task :device_info_plus:generateReleaseAssets UP-TO-DATE
[        ] Skipping task ':device_info_plus:generateReleaseAssets' as it has no actions.
[        ] Resolve mutations for :device_info_plus:mergeReleaseAssets (Thread[Execution worker,5,main]) started.
[        ] :device_info_plus:mergeReleaseAssets (Thread[Execution worker,5,main]) started.
[        ] > Task :device_info_plus:mergeReleaseAssets UP-TO-DATE
[        ] Caching disabled for task ':device_info_plus:mergeReleaseAssets' because:
[   +3 ms]   Build cache is disabled
[        ]   Simple merging task
[        ] Skipping task ':device_info_plus:mergeReleaseAssets' as it is up-to-date.
[        ] work action resolve mergeReleaseAssets (project :device_info_plus) (Thread[Execution worker,5,main]) started.
[        ] Resolve mutations for :gallery_saver_plus:mergeReleaseShaders (Thread[Execution worker,5,main]) started.
[        ] :gallery_saver_plus:mergeReleaseShaders (Thread[Execution worker,5,main]) started.
[   +4 ms] > Task :gallery_saver_plus:mergeReleaseShaders UP-TO-DATE
[        ] Caching disabled for task ':gallery_saver_plus:mergeReleaseShaders' because:
[        ]   Build cache is disabled
[        ]   Simple merging task
[        ] Skipping task ':gallery_saver_plus:mergeReleaseShaders' as it is up-to-date.
[        ] Resolve mutations for :gallery_saver_plus:compileReleaseShaders (Thread[Execution worker,5,main]) started.
[        ] :gallery_saver_plus:compileReleaseShaders (Thread[Execution worker,5,main]) started.
[        ] > Task :gallery_saver_plus:compileReleaseShaders NO-SOURCE
[        ] Skipping task ':gallery_saver_plus:compileReleaseShaders' as it has no source files and no previous output files.
[        ] Resolve mutations for :gallery_saver_plus:generateReleaseAssets (Thread[Execution worker Thread 3,5,main]) started.
[        ] :gallery_saver_plus:generateReleaseAssets (Thread[Execution worker Thread 3,5,main]) started.
[        ] > Task :gallery_saver_plus:generateReleaseAssets UP-TO-DATE
[        ] Skipping task ':gallery_saver_plus:generateReleaseAssets' as it has no actions.
[        ] Resolve mutations for :gallery_saver_plus:mergeReleaseAssets (Thread[Execution worker Thread 3,5,main]) started.
[        ] :gallery_saver_plus:mergeReleaseAssets (Thread[Execution worker Thread 3,5,main]) started.
[        ] > Task :gallery_saver_plus:mergeReleaseAssets UP-TO-DATE
[        ] Caching disabled for task ':gallery_saver_plus:mergeReleaseAssets' because:
[        ]   Build cache is disabled
[        ]   Simple merging task
[   +2 ms] Skipping task ':gallery_saver_plus:mergeReleaseAssets' as it is up-to-date.
[        ] work action resolve mergeReleaseAssets (project :gallery_saver_plus) (Thread[Execution worker Thread 3,5,main]) started.
[        ] Resolve mutations for :google_mobile_ads:mergeReleaseShaders (Thread[Execution worker Thread 3,5,main]) started.
[        ] :google_mobile_ads:mergeReleaseShaders (Thread[Execution worker Thread 3,5,main]) started.
[        ] > Task :google_mobile_ads:mergeReleaseShaders UP-TO-DATE
[        ] Caching disabled for task ':google_mobile_ads:mergeReleaseShaders' because:
[        ]   Build cache is disabled
[        ]   Simple merging task
[        ] Skipping task ':google_mobile_ads:mergeReleaseShaders' as it is up-to-date.
[        ] Resolve mutations for :google_mobile_ads:compileReleaseShaders (Thread[Execution worker Thread 3,5,main]) started.
[        ] :google_mobile_ads:compileReleaseShaders (Thread[Execution worker Thread 3,5,main]) started.
[        ] > Task :google_mobile_ads:compileReleaseShaders NO-SOURCE
[        ] Skipping task ':google_mobile_ads:compileReleaseShaders' as it has no source files and no previous output files.
[        ] Resolve mutations for :google_mobile_ads:generateReleaseAssets (Thread[Execution worker Thread 3,5,main]) started.
[        ] :google_mobile_ads:generateReleaseAssets (Thread[Execution worker Thread 3,5,main]) started.
[        ] > Task :google_mobile_ads:generateReleaseAssets UP-TO-DATE
[        ] Skipping task ':google_mobile_ads:generateReleaseAssets' as it has no actions.
[        ] Resolve mutations for :google_mobile_ads:mergeReleaseAssets (Thread[Execution worker Thread 3,5,main]) started.
[        ] :google_mobile_ads:mergeReleaseAssets (Thread[Execution worker Thread 3,5,main]) started.
[  +44 ms] > Task :google_mobile_ads:mergeReleaseAssets UP-TO-DATE
[        ] Caching disabled for task ':google_mobile_ads:mergeReleaseAssets' because:
[        ]   Build cache is disabled
[        ]   Simple merging task
[        ] Skipping task ':google_mobile_ads:mergeReleaseAssets' as it is up-to-date.
[        ] work action resolve mergeReleaseAssets (project :google_mobile_ads) (Thread[Execution worker Thread 3,5,main]) started.
[        ] Resolve mutations for :jni:mergeReleaseShaders (Thread[Execution worker Thread 2,5,main]) started.
[        ] :jni:mergeReleaseShaders (Thread[Execution worker Thread 2,5,main]) started.
[        ] > Task :jni:mergeReleaseShaders UP-TO-DATE
[        ] Caching disabled for task ':jni:mergeReleaseShaders' because:
[        ]   Build cache is disabled
[        ]   Simple merging task
[        ] Skipping task ':jni:mergeReleaseShaders' as it is up-to-date.
[        ] Resolve mutations for :jni:compileReleaseShaders (Thread[Execution worker Thread 2,5,main]) started.
[        ] :jni:compileReleaseShaders (Thread[Execution worker Thread 2,5,main]) started.
[        ] > Task :jni:compileReleaseShaders NO-SOURCE
[        ] Skipping task ':jni:compileReleaseShaders' as it has no source files and no previous output files.
[        ] Resolve mutations for :jni:generateReleaseAssets (Thread[Execution worker Thread 2,5,main]) started.
[        ] :jni:generateReleaseAssets (Thread[Execution worker Thread 2,5,main]) started.
[        ] > Task :jni:generateReleaseAssets UP-TO-DATE
[        ] Skipping task ':jni:generateReleaseAssets' as it has no actions.
[        ] Resolve mutations for :jni:mergeReleaseAssets (Thread[Execution worker Thread 3,5,main]) started.
[        ] :jni:mergeReleaseAssets (Thread[Execution worker Thread 3,5,main]) started.
[        ] > Task :jni:mergeReleaseAssets UP-TO-DATE
[        ] Caching disabled for task ':jni:mergeReleaseAssets' because:
[        ]   Build cache is disabled
[        ]   Simple merging task
[        ] Skipping task ':jni:mergeReleaseAssets' as it is up-to-date.
[        ] work action resolve mergeReleaseAssets (project :jni) (Thread[Execution worker Thread 3,5,main]) started.
[        ] Resolve mutations for :jni_flutter:mergeReleaseShaders (Thread[Execution worker Thread 3,5,main]) started.
[        ] :jni_flutter:mergeReleaseShaders (Thread[Execution worker Thread 3,5,main]) started.
[        ] > Task :jni_flutter:mergeReleaseShaders UP-TO-DATE
[        ] Caching disabled for task ':jni_flutter:mergeReleaseShaders' because:
[        ]   Build cache is disabled
[        ]   Simple merging task
[        ] Skipping task ':jni_flutter:mergeReleaseShaders' as it is up-to-date.
[        ] Resolve mutations for :jni_flutter:compileReleaseShaders (Thread[Execution worker Thread 3,5,main]) started.
[        ] :jni_flutter:compileReleaseShaders (Thread[Execution worker Thread 3,5,main]) started.
[        ] > Task :jni_flutter:compileReleaseShaders NO-SOURCE
[        ] Skipping task ':jni_flutter:compileReleaseShaders' as it has no source files and no previous output files.
[        ] Resolve mutations for :jni_flutter:generateReleaseAssets (Thread[Execution worker Thread 3,5,main]) started.
[        ] :jni_flutter:generateReleaseAssets (Thread[Execution worker Thread 3,5,main]) started.
[        ] > Task :jni_flutter:generateReleaseAssets UP-TO-DATE
[        ] Skipping task ':jni_flutter:generateReleaseAssets' as it has no actions.
[        ] Resolve mutations for :jni_flutter:mergeReleaseAssets (Thread[Execution worker Thread 3,5,main]) started.
[        ] :jni_flutter:mergeReleaseAssets (Thread[Execution worker Thread 3,5,main]) started.
[        ] > Task :jni_flutter:mergeReleaseAssets UP-TO-DATE
[        ] Caching disabled for task ':jni_flutter:mergeReleaseAssets' because:
[        ]   Build cache is disabled
[        ]   Simple merging task
[        ] Skipping task ':jni_flutter:mergeReleaseAssets' as it is up-to-date.
[        ] work action resolve mergeReleaseAssets (project :jni_flutter) (Thread[Execution worker Thread 3,5,main]) started.
[        ] Resolve mutations for :permission_handler_android:mergeReleaseShaders (Thread[Execution worker Thread 3,5,main]) started.
[        ] :permission_handler_android:mergeReleaseShaders (Thread[Execution worker Thread 3,5,main]) started.
[        ] > Task :permission_handler_android:mergeReleaseShaders UP-TO-DATE
[        ] Caching disabled for task ':permission_handler_android:mergeReleaseShaders' because:
[        ]   Build cache is disabled
[        ]   Simple merging task
[        ] Skipping task ':permission_handler_android:mergeReleaseShaders' as it is up-to-date.
[        ] Resolve mutations for :permission_handler_android:compileReleaseShaders (Thread[Execution worker Thread 3,5,main]) started.
[        ] :permission_handler_android:compileReleaseShaders (Thread[Execution worker,5,main]) started.
[        ] > Task :permission_handler_android:compileReleaseShaders NO-SOURCE
[        ] Skipping task ':permission_handler_android:compileReleaseShaders' as it has no source files and no previous output files.
[        ] Resolve mutations for :permission_handler_android:generateReleaseAssets (Thread[Execution worker,5,main]) started.
[        ] :permission_handler_android:generateReleaseAssets (Thread[Execution worker,5,main]) started.
[        ] > Task :permission_handler_android:generateReleaseAssets UP-TO-DATE
[        ] Skipping task ':permission_handler_android:generateReleaseAssets' as it has no actions.
[        ] Resolve mutations for :permission_handler_android:mergeReleaseAssets (Thread[Execution worker,5,main]) started.
[        ] :permission_handler_android:mergeReleaseAssets (Thread[Execution worker,5,main]) started.
[        ] > Task :permission_handler_android:mergeReleaseAssets UP-TO-DATE
[        ] Caching disabled for task ':permission_handler_android:mergeReleaseAssets' because:
[        ]   Build cache is disabled
[        ]   Simple merging task
[        ] Skipping task ':permission_handler_android:mergeReleaseAssets' as it is up-to-date.
[        ] work action resolve mergeReleaseAssets (project :permission_handler_android) (Thread[Execution worker,5,main]) started.
[        ] Resolve mutations for :saf:mergeReleaseShaders (Thread[Execution worker,5,main]) started.
[        ] :saf:mergeReleaseShaders (Thread[Execution worker,5,main]) started.
[        ] > Task :saf:mergeReleaseShaders UP-TO-DATE
[        ] Caching disabled for task ':saf:mergeReleaseShaders' because:
[        ]   Build cache is disabled
[        ]   Simple merging task
[        ] Skipping task ':saf:mergeReleaseShaders' as it is up-to-date.
[        ] Resolve mutations for :saf:compileReleaseShaders (Thread[Execution worker,5,main]) started.
[        ] :saf:compileReleaseShaders (Thread[Execution worker,5,main]) started.
[        ] > Task :saf:compileReleaseShaders NO-SOURCE
[        ] Skipping task ':saf:compileReleaseShaders' as it has no source files and no previous output files.
[        ] Resolve mutations for :saf:generateReleaseAssets (Thread[included builds,5,main]) started.
[        ] :saf:generateReleaseAssets (Thread[included builds,5,main]) started.
[        ] > Task :saf:generateReleaseAssets UP-TO-DATE
[        ] Skipping task ':saf:generateReleaseAssets' as it has no actions.
[        ] Resolve mutations for :saf:mergeReleaseAssets (Thread[included builds,5,main]) started.
[        ] :saf:mergeReleaseAssets (Thread[included builds,5,main]) started.
[        ] > Task :saf:mergeReleaseAssets UP-TO-DATE
[        ] Caching disabled for task ':saf:mergeReleaseAssets' because:
[        ]   Build cache is disabled
[        ]   Simple merging task
[        ] Skipping task ':saf:mergeReleaseAssets' as it is up-to-date.
[        ] work action resolve mergeReleaseAssets (project :saf) (Thread[Execution worker,5,main]) started.
[        ] Resolve mutations for :video_player_android:mergeReleaseShaders (Thread[Execution worker,5,main]) started.
[        ] :video_player_android:mergeReleaseShaders (Thread[Execution worker,5,main]) started.
[        ] > Task :video_player_android:mergeReleaseShaders UP-TO-DATE
[        ] Caching disabled for task ':video_player_android:mergeReleaseShaders' because:
[        ]   Build cache is disabled
[        ]   Simple merging task
[        ] Skipping task ':video_player_android:mergeReleaseShaders' as it is up-to-date.
[        ] Resolve mutations for :video_player_android:compileReleaseShaders (Thread[Execution worker,5,main]) started.
[        ] :video_player_android:compileReleaseShaders (Thread[Execution worker,5,main]) started.
[        ] > Task :video_player_android:compileReleaseShaders NO-SOURCE
[        ] Skipping task ':video_player_android:compileReleaseShaders' as it has no source files and no previous output files.
[        ] Resolve mutations for :video_player_android:generateReleaseAssets (Thread[Execution worker,5,main]) started.
[        ] :video_player_android:generateReleaseAssets (Thread[Execution worker,5,main]) started.
[        ] > Task :video_player_android:generateReleaseAssets UP-TO-DATE
[        ] Skipping task ':video_player_android:generateReleaseAssets' as it has no actions.
[        ] Resolve mutations for :video_player_android:mergeReleaseAssets (Thread[Execution worker,5,main]) started.
[        ] :video_player_android:mergeReleaseAssets (Thread[Execution worker,5,main]) started.
[        ] > Task :video_player_android:mergeReleaseAssets UP-TO-DATE
[        ] Caching disabled for task ':video_player_android:mergeReleaseAssets' because:
[        ]   Build cache is disabled
[        ]   Simple merging task
[        ] Skipping task ':video_player_android:mergeReleaseAssets' as it is up-to-date.
[        ] work action resolve mergeReleaseAssets (project :video_player_android) (Thread[Execution worker,5,main]) started.
[        ] Resolve mutations for :video_thumbnail_plus:mergeReleaseShaders (Thread[Execution worker,5,main]) started.
[        ] :video_thumbnail_plus:mergeReleaseShaders (Thread[Execution worker,5,main]) started.
[        ] > Task :video_thumbnail_plus:mergeReleaseShaders UP-TO-DATE
[        ] Caching disabled for task ':video_thumbnail_plus:mergeReleaseShaders' because:
[        ]   Build cache is disabled
[        ]   Simple merging task
[        ] Skipping task ':video_thumbnail_plus:mergeReleaseShaders' as it is up-to-date.
[        ] Resolve mutations for :video_thumbnail_plus:compileReleaseShaders (Thread[Execution worker,5,main]) started.
[        ] :video_thumbnail_plus:compileReleaseShaders (Thread[Execution worker,5,main]) started.
[        ] > Task :video_thumbnail_plus:compileReleaseShaders NO-SOURCE
[        ] Skipping task ':video_thumbnail_plus:compileReleaseShaders' as it has no source files and no previous output files.
[        ] Resolve mutations for :video_thumbnail_plus:generateReleaseAssets (Thread[Execution worker,5,main]) started.
[        ] :video_thumbnail_plus:generateReleaseAssets (Thread[Execution worker,5,main]) started.
[   +1 ms] > Task :video_thumbnail_plus:generateReleaseAssets UP-TO-DATE
[        ] Skipping task ':video_thumbnail_plus:generateReleaseAssets' as it has no actions.
[        ] Resolve mutations for :video_thumbnail_plus:mergeReleaseAssets (Thread[Execution worker,5,main]) started.
[        ] :video_thumbnail_plus:mergeReleaseAssets (Thread[Execution worker,5,main]) started.
[        ] > Task :video_thumbnail_plus:mergeReleaseAssets UP-TO-DATE
[        ] Caching disabled for task ':video_thumbnail_plus:mergeReleaseAssets' because:
[        ]   Build cache is disabled
[        ]   Simple merging task
[        ] Skipping task ':video_thumbnail_plus:mergeReleaseAssets' as it is up-to-date.
[        ] work action resolve mergeReleaseAssets (project :video_thumbnail_plus) (Thread[Execution worker,5,main]) started.
[        ] Resolve mutations for :webview_flutter_android:mergeReleaseShaders (Thread[Execution worker,5,main]) started.
[        ] :webview_flutter_android:mergeReleaseShaders (Thread[Execution worker,5,main]) started.
[        ] > Task :webview_flutter_android:mergeReleaseShaders UP-TO-DATE
[        ] Caching disabled for task ':webview_flutter_android:mergeReleaseShaders' because:
[        ]   Build cache is disabled
[        ]   Simple merging task
[        ] Skipping task ':webview_flutter_android:mergeReleaseShaders' as it is up-to-date.
[        ] Resolve mutations for :webview_flutter_android:compileReleaseShaders (Thread[Execution worker,5,main]) started.
[        ] :webview_flutter_android:compileReleaseShaders (Thread[Execution worker,5,main]) started.
[        ] > Task :webview_flutter_android:compileReleaseShaders NO-SOURCE
[        ] Skipping task ':webview_flutter_android:compileReleaseShaders' as it has no source files and no previous output files.
[        ] Resolve mutations for :webview_flutter_android:generateReleaseAssets (Thread[Execution worker,5,main]) started.
[        ] :webview_flutter_android:generateReleaseAssets (Thread[Execution worker,5,main]) started.
[        ] > Task :webview_flutter_android:generateReleaseAssets UP-TO-DATE
[        ] Skipping task ':webview_flutter_android:generateReleaseAssets' as it has no actions.
[        ] Resolve mutations for :webview_flutter_android:mergeReleaseAssets (Thread[Execution worker,5,main]) started.
[        ] :webview_flutter_android:mergeReleaseAssets (Thread[Execution worker,5,main]) started.
[        ] > Task :webview_flutter_android:mergeReleaseAssets UP-TO-DATE
[        ] Caching disabled for task ':webview_flutter_android:mergeReleaseAssets' because:
[        ]   Build cache is disabled
[        ]   Simple merging task
[        ] Skipping task ':webview_flutter_android:mergeReleaseAssets' as it is up-to-date.
[        ] work action resolve mergeReleaseAssets (project :webview_flutter_android) (Thread[Execution worker,5,main]) started.
[        ] Resolve mutations for :app:mergeReleaseAssets (Thread[Execution worker Thread 2,5,main]) started.
[        ] :app:mergeReleaseAssets (Thread[Execution worker Thread 2,5,main]) started.
[        ] > Task :app:mergeReleaseAssets
[        ] Caching disabled for task ':app:mergeReleaseAssets' because:
[        ]   Build cache is disabled
[        ]   Simple merging task
[        ] Task ':app:mergeReleaseAssets' is not up-to-date because:
[        ]   Output property 'outputDir' file /home/shivagsudhir198824/myproject1/build/app/intermediates/assets/release/mergeReleaseAssets has been removed.
[        ] The input changes require a full rebuild for incremental task ':app:mergeReleaseAssets'.
[        ] Resolve mutations for :app:copyFlutterAssetsRelease (Thread[included builds,5,main]) started.
[        ] :app:copyFlutterAssetsRelease (Thread[included builds,5,main]) started.
[        ] > Task :app:copyFlutterAssetsRelease
[        ] Caching disabled for task ':app:copyFlutterAssetsRelease' because:
[        ]   Build cache is disabled
[        ]   Not worth caching
[        ] Task ':app:copyFlutterAssetsRelease' is not up-to-date because:
[        ]   Output property 'destinationDir' file /home/shivagsudhir198824/myproject1/build/app/intermediates/assets/release/mergeReleaseAssets/flutter_assets has been removed.
[        ]   Output property 'destinationDir' file /home/shivagsudhir198824/myproject1/build/app/intermediates/assets/release/mergeReleaseAssets/flutter_assets/AssetManifest.bin has been removed.
[        ]   Output property 'destinationDir' file /home/shivagsudhir198824/myproject1/build/app/intermediates/assets/release/mergeReleaseAssets/flutter_assets/FontManifest.json has been removed.
[        ]   and more...
[        ] Resolve mutations for :app:generateReleaseResValues (Thread[included builds,5,main]) started.
[        ] :app:generateReleaseResValues (Thread[included builds,5,main]) started.
[        ] > Task :app:generateReleaseResValues UP-TO-DATE
[   +3 ms] Caching disabled for task ':app:generateReleaseResValues' because:
[        ]   Build cache is disabled
[        ] Skipping task ':app:generateReleaseResValues' as it is up-to-date.
[        ] Resolve mutations for :app:mapReleaseSourceSetPaths (Thread[included builds,5,main]) started.
[   +3 ms] :app:mapReleaseSourceSetPaths (Thread[included builds,5,main]) started.
[  +61 ms] > Task :app:mapReleaseSourceSetPaths UP-TO-DATE
[        ] Caching disabled for task ':app:mapReleaseSourceSetPaths' because:
[        ]   Build cache is disabled
[        ]   Caching has been disabled for the task
[        ] Skipping task ':app:mapReleaseSourceSetPaths' as it is up-to-date.
[        ] Resolve mutations for :app:generateReleaseResources (Thread[included builds,5,main]) started.
[        ] :app:generateReleaseResources (Thread[included builds,5,main]) started.
[        ] > Task :app:generateReleaseResources UP-TO-DATE
[        ] Caching disabled for task ':app:generateReleaseResources' because:
[        ]   Build cache is disabled
[        ] Skipping task ':app:generateReleaseResources' as it is up-to-date.
[        ] Resolve mutations for :app:mergeReleaseResources (Thread[included builds,5,main]) started.
[        ] :app:mergeReleaseResources (Thread[included builds,5,main]) started.
[        ] > Task :app:mergeReleaseResources UP-TO-DATE
[        ] Caching disabled for task ':app:mergeReleaseResources' because:
[        ]   Build cache is disabled
[        ] Skipping task ':app:mergeReleaseResources' as it is up-to-date.
[        ] Resolve mutations for :app:packageReleaseResources (Thread[included builds,5,main]) started.
[        ] :app:packageReleaseResources (Thread[included builds,5,main]) started.
[   +1 ms] > Task :app:packageReleaseResources UP-TO-DATE
[        ] Caching disabled for task ':app:packageReleaseResources' because:
[        ]   Build cache is disabled
[        ] Skipping task ':app:packageReleaseResources' as it is up-to-date.
[        ] Resolve mutations for :app:parseReleaseLocalResources (Thread[included builds,5,main]) started.
[        ] :app:parseReleaseLocalResources (Thread[included builds,5,main]) started.
[        ] > Task :app:parseReleaseLocalResources UP-TO-DATE
[        ] Caching disabled for task ':app:parseReleaseLocalResources' because:
[        ]   Build cache is disabled
[        ] Skipping task ':app:parseReleaseLocalResources' as it is up-to-date.
[        ] Resolve mutations for :app:createReleaseCompatibleScreenManifests (Thread[included builds,5,main]) started.
[        ] :app:createReleaseCompatibleScreenManifests (Thread[included builds,5,main]) started.
[        ] > Task :app:createReleaseCompatibleScreenManifests UP-TO-DATE
[        ] Caching disabled for task ':app:createReleaseCompatibleScreenManifests' because:
[        ]   Build cache is disabled
[        ]   Caching has been disabled for the task
[        ] Skipping task ':app:createReleaseCompatibleScreenManifests' as it is up-to-date.
[        ] Resolve mutations for :app:extractDeepLinksRelease (Thread[included builds,5,main]) started.
[        ] :app:extractDeepLinksRelease (Thread[included builds,5,main]) started.
[        ] > Task :app:extractDeepLinksRelease UP-TO-DATE
[        ] Caching disabled for task ':app:extractDeepLinksRelease' because:
[        ]   Build cache is disabled
[        ] Skipping task ':app:extractDeepLinksRelease' as it is up-to-date.
[        ] Resolve mutations for :device_info_plus:extractDeepLinksRelease (Thread[included builds,5,main]) started.
[        ] :device_info_plus:extractDeepLinksRelease (Thread[included builds,5,main]) started.
[        ] > Task :device_info_plus:extractDeepLinksRelease UP-TO-DATE
[        ] Caching disabled for task ':device_info_plus:extractDeepLinksRelease' because:
[        ]   Build cache is disabled
[        ] Skipping task ':device_info_plus:extractDeepLinksRelease' as it is up-to-date.
[        ] work action resolve navigation.json (project :device_info_plus) (Thread[included builds,5,main]) started.
[        ] Resolve mutations for :device_info_plus:processReleaseManifest (Thread[included builds,5,main]) started.
[        ] :device_info_plus:processReleaseManifest (Thread[included builds,5,main]) started.
[        ] > Task :device_info_plus:processReleaseManifest UP-TO-DATE
[        ] Caching disabled for task ':device_info_plus:processReleaseManifest' because:
[        ]   Build cache is disabled
[        ] Skipping task ':device_info_plus:processReleaseManifest' as it is up-to-date.
[        ] work action resolve AndroidManifest.xml (project :device_info_plus) (Thread[included builds,5,main]) started.
[        ] Resolve mutations for :gallery_saver_plus:extractDeepLinksRelease (Thread[Execution worker Thread 2,5,main]) started.
[        ] :gallery_saver_plus:extractDeepLinksRelease (Thread[Execution worker Thread 2,5,main]) started.
[        ] > Task :gallery_saver_plus:extractDeepLinksRelease UP-TO-DATE
[        ] Caching disabled for task ':gallery_saver_plus:extractDeepLinksRelease' because:
[        ]   Build cache is disabled
[        ] Skipping task ':gallery_saver_plus:extractDeepLinksRelease' as it is up-to-date.
[        ] work action resolve navigation.json (project :gallery_saver_plus) (Thread[Execution worker,5,main]) started.
[        ] Resolve mutations for :gallery_saver_plus:processReleaseManifest (Thread[Execution worker Thread 3,5,main]) started.
[   +2 ms] :gallery_saver_plus:processReleaseManifest (Thread[Execution worker Thread 3,5,main]) started.
[        ] > Task :gallery_saver_plus:processReleaseManifest UP-TO-DATE
[        ] Caching disabled for task ':gallery_saver_plus:processReleaseManifest' because:
[        ]   Build cache is disabled
[        ] Skipping task ':gallery_saver_plus:processReleaseManifest' as it is up-to-date.
[        ] work action resolve AndroidManifest.xml (project :gallery_saver_plus) (Thread[Execution worker Thread 3,5,main]) started.
[        ] Resolve mutations for :google_mobile_ads:extractDeepLinksRelease (Thread[Execution worker Thread 3,5,main]) started.
[        ] :google_mobile_ads:extractDeepLinksRelease (Thread[Execution worker Thread 3,5,main]) started.
[        ] > Task :google_mobile_ads:extractDeepLinksRelease UP-TO-DATE
[        ] Caching disabled for task ':google_mobile_ads:extractDeepLinksRelease' because:
[        ]   Build cache is disabled
[        ] Skipping task ':google_mobile_ads:extractDeepLinksRelease' as it is up-to-date.
[        ] work action resolve navigation.json (project :google_mobile_ads) (Thread[Execution worker Thread 3,5,main]) started.
[        ] Resolve mutations for :google_mobile_ads:processReleaseManifest (Thread[Execution worker Thread 3,5,main]) started.
[        ] :google_mobile_ads:processReleaseManifest (Thread[Execution worker Thread 3,5,main]) started.
[        ] > Task :google_mobile_ads:processReleaseManifest UP-TO-DATE
[        ] Caching disabled for task ':google_mobile_ads:processReleaseManifest' because:
[        ]   Build cache is disabled
[        ] Skipping task ':google_mobile_ads:processReleaseManifest' as it is up-to-date.
[        ] work action resolve AndroidManifest.xml (project :google_mobile_ads) (Thread[Execution worker Thread 3,5,main]) started.
[        ] Resolve mutations for :jni:extractDeepLinksRelease (Thread[Execution worker Thread 3,5,main]) started.
[        ] :jni:extractDeepLinksRelease (Thread[Execution worker Thread 3,5,main]) started.
[  +80 ms] > Task :jni:extractDeepLinksRelease UP-TO-DATE
[        ] Caching disabled for task ':jni:extractDeepLinksRelease' because:
[        ]   Build cache is disabled
[   +1 ms] Skipping task ':jni:extractDeepLinksRelease' as it is up-to-date.
[        ] work action resolve navigation.json (project :jni) (Thread[Execution worker Thread 3,5,main]) started.
[        ] Resolve mutations for :jni:processReleaseManifest (Thread[Execution worker Thread 3,5,main]) started.
[        ] :jni:processReleaseManifest (Thread[Execution worker Thread 3,5,main]) started.
[        ] > Task :jni:processReleaseManifest UP-TO-DATE
[        ] Caching disabled for task ':jni:processReleaseManifest' because:
[        ]   Build cache is disabled
[        ] Skipping task ':jni:processReleaseManifest' as it is up-to-date.
[        ] work action resolve AndroidManifest.xml (project :jni) (Thread[included builds,5,main]) started.
[        ] Resolve mutations for :jni_flutter:extractDeepLinksRelease (Thread[included builds,5,main]) started.
[        ] :jni_flutter:extractDeepLinksRelease (Thread[included builds,5,main]) started.
[        ] > Task :jni_flutter:extractDeepLinksRelease UP-TO-DATE
[        ] Caching disabled for task ':jni_flutter:extractDeepLinksRelease' because:
[        ]   Build cache is disabled
[        ] Skipping task ':jni_flutter:extractDeepLinksRelease' as it is up-to-date.
[        ] work action resolve navigation.json (project :jni_flutter) (Thread[Execution worker Thread 3,5,main]) started.
[        ] Resolve mutations for :jni_flutter:processReleaseManifest (Thread[Execution worker Thread 3,5,main]) started.
[        ] :jni_flutter:processReleaseManifest (Thread[Execution worker Thread 3,5,main]) started.
[        ] > Task :jni_flutter:processReleaseManifest UP-TO-DATE
[        ] Caching disabled for task ':jni_flutter:processReleaseManifest' because:
[        ]   Build cache is disabled
[        ] Skipping task ':jni_flutter:processReleaseManifest' as it is up-to-date.
[        ] work action resolve AndroidManifest.xml (project :jni_flutter) (Thread[Execution worker Thread 3,5,main]) started.
[        ] Resolve mutations for :permission_handler_android:extractDeepLinksRelease (Thread[Execution worker Thread 3,5,main]) started.
[        ] :permission_handler_android:extractDeepLinksRelease (Thread[Execution worker Thread 3,5,main]) started.
[   +2 ms] > Task :permission_handler_android:extractDeepLinksRelease UP-TO-DATE
[        ] Caching disabled for task ':permission_handler_android:extractDeepLinksRelease' because:
[        ]   Build cache is disabled
[        ] Skipping task ':permission_handler_android:extractDeepLinksRelease' as it is up-to-date.
[        ] work action resolve navigation.json (project :permission_handler_android) (Thread[included builds,5,main]) started.
[        ] Resolve mutations for :permission_handler_android:processReleaseManifest (Thread[included builds,5,main]) started.
[        ] :permission_handler_android:processReleaseManifest (Thread[included builds,5,main]) started.
[        ] > Task :permission_handler_android:processReleaseManifest UP-TO-DATE
[        ] Caching disabled for task ':permission_handler_android:processReleaseManifest' because:
[        ]   Build cache is disabled
[        ] Skipping task ':permission_handler_android:processReleaseManifest' as it is up-to-date.
[        ] work action resolve AndroidManifest.xml (project :permission_handler_android) (Thread[included builds,5,main]) started.
[        ] Resolve mutations for :saf:extractDeepLinksRelease (Thread[included builds,5,main]) started.
[        ] :saf:extractDeepLinksRelease (Thread[included builds,5,main]) started.
[        ] > Task :saf:extractDeepLinksRelease UP-TO-DATE
[        ] Caching disabled for task ':saf:extractDeepLinksRelease' because:
[        ]   Build cache is disabled
[        ] Skipping task ':saf:extractDeepLinksRelease' as it is up-to-date.
[        ] work action resolve navigation.json (project :saf) (Thread[included builds,5,main]) started.
[        ] Resolve mutations for :saf:processReleaseManifest (Thread[included builds,5,main]) started.
[        ] :saf:processReleaseManifest (Thread[Execution worker Thread 3,5,main]) started.
[        ] > Task :saf:processReleaseManifest UP-TO-DATE
[        ] Caching disabled for task ':saf:processReleaseManifest' because:
[        ]   Build cache is disabled
[        ] Skipping task ':saf:processReleaseManifest' as it is up-to-date.
[        ] work action resolve AndroidManifest.xml (project :saf) (Thread[included builds,5,main]) started.
[        ] Resolve mutations for :video_player_android:extractDeepLinksRelease (Thread[included builds,5,main]) started.
[        ] :video_player_android:extractDeepLinksRelease (Thread[included builds,5,main]) started.
[        ] > Task :video_player_android:extractDeepLinksRelease UP-TO-DATE
[        ] Caching disabled for task ':video_player_android:extractDeepLinksRelease' because:
[        ]   Build cache is disabled
[        ] Skipping task ':video_player_android:extractDeepLinksRelease' as it is up-to-date.
[        ] work action resolve navigation.json (project :video_player_android) (Thread[Execution worker Thread 3,5,main]) started.
[        ] Resolve mutations for :video_player_android:processReleaseManifest (Thread[Execution worker Thread 3,5,main]) started.
[        ] :video_player_android:processReleaseManifest (Thread[Execution worker Thread 3,5,main]) started.
[        ] > Task :video_player_android:processReleaseManifest UP-TO-DATE
[        ] Caching disabled for task ':video_player_android:processReleaseManifest' because:
[        ]   Build cache is disabled
[        ] Skipping task ':video_player_android:processReleaseManifest' as it is up-to-date.
[        ] work action resolve AndroidManifest.xml (project :video_player_android) (Thread[included builds,5,main]) started.
[        ] Resolve mutations for :video_thumbnail_plus:extractDeepLinksRelease (Thread[included builds,5,main]) started.
[        ] :video_thumbnail_plus:extractDeepLinksRelease (Thread[included builds,5,main]) started.
[        ] > Task :video_thumbnail_plus:extractDeepLinksRelease UP-TO-DATE
[        ] Caching disabled for task ':video_thumbnail_plus:extractDeepLinksRelease' because:
[        ]   Build cache is disabled
[        ] Skipping task ':video_thumbnail_plus:extractDeepLinksRelease' as it is up-to-date.
[        ] work action resolve navigation.json (project :video_thumbnail_plus) (Thread[Execution worker Thread 3,5,main]) started.
[        ] Resolve mutations for :video_thumbnail_plus:processReleaseManifest (Thread[Execution worker Thread 3,5,main]) started.
[        ] :video_thumbnail_plus:processReleaseManifest (Thread[Execution worker Thread 3,5,main]) started.
[        ] > Task :video_thumbnail_plus:processReleaseManifest UP-TO-DATE
[   +1 ms] Caching disabled for task ':video_thumbnail_plus:processReleaseManifest' because:
[        ]   Build cache is disabled
[        ] Skipping task ':video_thumbnail_plus:processReleaseManifest' as it is up-to-date.
[        ] work action resolve AndroidManifest.xml (project :video_thumbnail_plus) (Thread[included builds,5,main]) started.
[        ] Resolve mutations for :webview_flutter_android:extractDeepLinksRelease (Thread[included builds,5,main]) started.
[        ] :webview_flutter_android:extractDeepLinksRelease (Thread[included builds,5,main]) started.
[        ] > Task :webview_flutter_android:extractDeepLinksRelease UP-TO-DATE
[        ] Caching disabled for task ':webview_flutter_android:extractDeepLinksRelease' because:
[        ]   Build cache is disabled
[        ] Skipping task ':webview_flutter_android:extractDeepLinksRelease' as it is up-to-date.
[        ] work action resolve navigation.json (project :webview_flutter_android) (Thread[included builds,5,main]) started.
[        ] Resolve mutations for :webview_flutter_android:processReleaseManifest (Thread[included builds,5,main]) started.
[        ] :webview_flutter_android:processReleaseManifest (Thread[included builds,5,main]) started.
[        ] > Task :webview_flutter_android:processReleaseManifest UP-TO-DATE
[        ] Caching disabled for task ':webview_flutter_android:processReleaseManifest' because:
[        ]   Build cache is disabled
[        ] Skipping task ':webview_flutter_android:processReleaseManifest' as it is up-to-date.
[        ] work action resolve AndroidManifest.xml (project :webview_flutter_android) (Thread[included builds,5,main]) started.
[        ] Resolve mutations for :app:processReleaseMainManifest (Thread[included builds,5,main]) started.
[        ] :app:processReleaseMainManifest (Thread[included builds,5,main]) started.
[        ] > Task :app:processReleaseMainManifest UP-TO-DATE
[        ] Caching disabled for task ':app:processReleaseMainManifest' because:
[        ]   Build cache is disabled
[        ] Skipping task ':app:processReleaseMainManifest' as it is up-to-date.
[        ] Resolve mutations for :app:outputReleaseAppLinkSettings (Thread[included builds,5,main]) started.
[        ] :app:outputReleaseAppLinkSettings (Thread[Execution worker Thread 3,5,main]) started.
[        ] > Task :app:outputReleaseAppLinkSettings UP-TO-DATE
[        ] Caching disabled for task ':app:outputReleaseAppLinkSettings' because:
[        ]   Build cache is disabled
[        ]   Caching has not been enabled for the task
[        ] Skipping task ':app:outputReleaseAppLinkSettings' as it is up-to-date.
[        ] Resolve mutations for :app:processReleaseManifest (Thread[included builds,5,main]) started.
[        ] :app:processReleaseManifest (Thread[Execution worker Thread 2,5,main]) started.
[        ] > Task :app:processReleaseManifest UP-TO-DATE
[        ] Caching disabled for task ':app:processReleaseManifest' because:
[        ]   Build cache is disabled
[        ] Skipping task ':app:processReleaseManifest' as it is up-to-date.
[        ] Resolve mutations for :app:processReleaseManifestForPackage (Thread[Execution worker,5,main]) started.
[        ] :app:processReleaseManifestForPackage (Thread[Execution worker,5,main]) started.
[        ] > Task :app:processReleaseManifestForPackage UP-TO-DATE
[        ] Custom actions are attached to task ':app:processReleaseManifestForPackage'.
[        ] Caching disabled for task ':app:processReleaseManifestForPackage' because:
[        ]   Build cache is disabled
[        ] Skipping task ':app:processReleaseManifestForPackage' as it is up-to-date.
[        ] Resolve mutations for :app:processReleaseResources (Thread[Execution worker,5,main]) started.
[        ] :app:processReleaseResources (Thread[Execution worker,5,main]) started.
[  +80 ms] > Task :app:processReleaseResources UP-TO-DATE
[        ] Caching disabled for task ':app:processReleaseResources' because:
[        ]   Build cache is disabled
[        ] Skipping task ':app:processReleaseResources' as it is up-to-date.
[   +2 ms] Resolve mutations for :device_info_plus:bundleLibCompileToJarRelease (Thread[Execution worker,5,main]) started.
[        ] :device_info_plus:bundleLibCompileToJarRelease (Thread[Execution worker,5,main]) started.
[        ] > Task :device_info_plus:bundleLibCompileToJarRelease UP-TO-DATE
[        ] Caching disabled for task ':device_info_plus:bundleLibCompileToJarRelease' because:
[        ]   Build cache is disabled
[        ]   Simple merging task
[        ] Skipping task ':device_info_plus:bundleLibCompileToJarRelease' as it is up-to-date.
[        ] work action resolve classes.jar (project :device_info_plus) (Thread[Execution worker,5,main]) started.
[        ] Resolve mutations for :gallery_saver_plus:bundleLibCompileToJarRelease (Thread[Execution worker,5,main]) started.
[        ] :gallery_saver_plus:bundleLibCompileToJarRelease (Thread[Execution worker,5,main]) started.
[        ] > Task :gallery_saver_plus:bundleLibCompileToJarRelease UP-TO-DATE
[        ] Caching disabled for task ':gallery_saver_plus:bundleLibCompileToJarRelease' because:
[        ]   Build cache is disabled
[   +3 ms]   Simple merging task
[        ] Skipping task ':gallery_saver_plus:bundleLibCompileToJarRelease' as it is up-to-date.
[        ] work action resolve classes.jar (project :gallery_saver_plus) (Thread[Execution worker,5,main]) started.
[        ] Resolve mutations for :google_mobile_ads:bundleLibCompileToJarRelease (Thread[Execution worker,5,main]) started.
[        ] :google_mobile_ads:bundleLibCompileToJarRelease (Thread[Execution worker,5,main]) started.
[        ] > Task :google_mobile_ads:bundleLibCompileToJarRelease UP-TO-DATE
[        ] Caching disabled for task ':google_mobile_ads:bundleLibCompileToJarRelease' because:
[        ]   Build cache is disabled
[        ]   Simple merging task
[        ] Skipping task ':google_mobile_ads:bundleLibCompileToJarRelease' as it is up-to-date.
[        ] work action resolve classes.jar (project :google_mobile_ads) (Thread[Execution worker,5,main]) started.
[        ] Resolve mutations for :jni_flutter:bundleLibCompileToJarRelease (Thread[Execution worker,5,main]) started.
[        ] :jni_flutter:bundleLibCompileToJarRelease (Thread[Execution worker,5,main]) started.
[        ] > Task :jni_flutter:bundleLibCompileToJarRelease UP-TO-DATE
[        ] Caching disabled for task ':jni_flutter:bundleLibCompileToJarRelease' because:
[        ]   Build cache is disabled
[        ]   Simple merging task
[        ] Skipping task ':jni_flutter:bundleLibCompileToJarRelease' as it is up-to-date.
[        ] work action resolve classes.jar (project :jni_flutter) (Thread[Execution worker,5,main]) started.
[        ] Resolve mutations for :permission_handler_android:bundleLibCompileToJarRelease (Thread[Execution worker,5,main]) started.
[        ] :permission_handler_android:bundleLibCompileToJarRelease (Thread[Execution worker,5,main]) started.
[        ] > Task :permission_handler_android:bundleLibCompileToJarRelease UP-TO-DATE
[        ] Caching disabled for task ':permission_handler_android:bundleLibCompileToJarRelease' because:
[        ]   Build cache is disabled
[        ]   Simple merging task
[        ] Skipping task ':permission_handler_android:bundleLibCompileToJarRelease' as it is up-to-date.
[   +1 ms] work action resolve classes.jar (project :permission_handler_android) (Thread[Execution worker,5,main]) started.
[        ] Resolve mutations for :saf:bundleLibCompileToJarRelease (Thread[Execution worker,5,main]) started.
[        ] :saf:bundleLibCompileToJarRelease (Thread[Execution worker,5,main]) started.
[        ] > Task :saf:bundleLibCompileToJarRelease UP-TO-DATE
[        ] Caching disabled for task ':saf:bundleLibCompileToJarRelease' because:
[        ]   Build cache is disabled
[        ]   Simple merging task
[        ] Skipping task ':saf:bundleLibCompileToJarRelease' as it is up-to-date.
[        ] work action resolve classes.jar (project :saf) (Thread[Execution worker,5,main]) started.
[        ] Resolve mutations for :video_player_android:bundleLibCompileToJarRelease (Thread[Execution worker,5,main]) started.
[        ] :video_player_android:bundleLibCompileToJarRelease (Thread[Execution worker,5,main]) started.
[        ] > Task :video_player_android:bundleLibCompileToJarRelease UP-TO-DATE
[        ] Caching disabled for task ':video_player_android:bundleLibCompileToJarRelease' because:
[        ]   Build cache is disabled
[        ]   Simple merging task
[        ] Skipping task ':video_player_android:bundleLibCompileToJarRelease' as it is up-to-date.
[        ] work action resolve classes.jar (project :video_player_android) (Thread[Execution worker,5,main]) started.
[        ] Resolve mutations for :video_thumbnail_plus:bundleLibCompileToJarRelease (Thread[Execution worker,5,main]) started.
[        ] :video_thumbnail_plus:bundleLibCompileToJarRelease (Thread[Execution worker,5,main]) started.
[        ] > Task :video_thumbnail_plus:bundleLibCompileToJarRelease UP-TO-DATE
[        ] Caching disabled for task ':video_thumbnail_plus:bundleLibCompileToJarRelease' because:
[        ]   Build cache is disabled
[        ]   Simple merging task
[        ] Skipping task ':video_thumbnail_plus:bundleLibCompileToJarRelease' as it is up-to-date.
[        ] work action resolve classes.jar (project :video_thumbnail_plus) (Thread[Execution worker,5,main]) started.
[        ] Resolve mutations for :app:compileReleaseKotlin (Thread[included builds,5,main]) started.
[        ] :app:compileReleaseKotlin (Thread[included builds,5,main]) started.
[  +84 ms] > Task :app:compileReleaseKotlin UP-TO-DATE
[        ] Adding -Xuse-inline-scopes-numbers Kotlin compiler flag for task :app:compileDebugAndroidTestKotlin
[        ] Caching disabled for task ':app:compileReleaseKotlin' because:
[        ]   Build cache is disabled
[        ] Skipping task ':app:compileReleaseKotlin' as it is up-to-date.
[        ] Resolve mutations for :app:javaPreCompileRelease (Thread[included builds,5,main]) started.
[        ] :app:javaPreCompileRelease (Thread[included builds,5,main]) started.
[        ] > Task :app:javaPreCompileRelease UP-TO-DATE
[        ] Caching disabled for task ':app:javaPreCompileRelease' because:
[        ]   Build cache is disabled
[        ] Skipping task ':app:javaPreCompileRelease' as it is up-to-date.
[        ] Resolve mutations for :app:compileReleaseJavaWithJavac (Thread[Execution worker Thread 2,5,main]) started.
[        ] :app:compileReleaseJavaWithJavac (Thread[Execution worker Thread 2,5,main]) started.
[        ] > Task :app:compileReleaseJavaWithJavac UP-TO-DATE
[        ] Custom actions are attached to task ':app:compileReleaseJavaWithJavac'.
[        ] Caching disabled for task ':app:compileReleaseJavaWithJavac' because:
[        ]   Build cache is disabled
[        ] Skipping task ':app:compileReleaseJavaWithJavac' as it is up-to-date.
[        ] No compile result for :app:compileReleaseJavaWithJavac
[        ] No compile result for :app:compileReleaseJavaWithJavac
[        ] Resolve mutations for :device_info_plus:prepareReleaseArtProfile (Thread[included builds,5,main]) started.
[        ] :device_info_plus:prepareReleaseArtProfile (Thread[included builds,5,main]) started.
[        ] > Task :device_info_plus:prepareReleaseArtProfile UP-TO-DATE
[        ] Caching disabled for task ':device_info_plus:prepareReleaseArtProfile' because:
[   +2 ms]   Build cache is disabled
[        ]   Caching has been disabled for the task
[        ] Skipping task ':device_info_plus:prepareReleaseArtProfile' as it is up-to-date.
[        ] work action resolve baseline-prof.txt (project :device_info_plus) (Thread[Execution worker Thread 2,5,main]) started.
[        ] Resolve mutations for :gallery_saver_plus:prepareReleaseArtProfile (Thread[Execution worker Thread 2,5,main]) started.
[        ] :gallery_saver_plus:prepareReleaseArtProfile (Thread[Execution worker Thread 2,5,main]) started.
[   +2 ms] > Task :gallery_saver_plus:prepareReleaseArtProfile UP-TO-DATE
[        ] Caching disabled for task ':gallery_saver_plus:prepareReleaseArtProfile' because:
[        ]   Build cache is disabled
[        ]   Caching has been disabled for the task
[        ] Skipping task ':gallery_saver_plus:prepareReleaseArtProfile' as it is up-to-date.
[        ] work action resolve baseline-prof.txt (project :gallery_saver_plus) (Thread[included builds,5,main]) started.
[        ] Resolve mutations for :google_mobile_ads:prepareReleaseArtProfile (Thread[included builds,5,main]) started.
[        ] :google_mobile_ads:prepareReleaseArtProfile (Thread[included builds,5,main]) started.
[        ] > Task :google_mobile_ads:prepareReleaseArtProfile UP-TO-DATE
[        ] Caching disabled for task ':google_mobile_ads:prepareReleaseArtProfile' because:
[        ]   Build cache is disabled
[        ]   Caching has been disabled for the task
[        ] Skipping task ':google_mobile_ads:prepareReleaseArtProfile' as it is up-to-date.
[        ] work action resolve baseline-prof.txt (project :google_mobile_ads) (Thread[Execution worker Thread 2,5,main]) started.
[        ] Resolve mutations for :jni:prepareReleaseArtProfile (Thread[Execution worker Thread 2,5,main]) started.
[        ] :jni:prepareReleaseArtProfile (Thread[Execution worker Thread 2,5,main]) started.
[        ] > Task :jni:prepareReleaseArtProfile UP-TO-DATE
[        ] Caching disabled for task ':jni:prepareReleaseArtProfile' because:
[        ]   Build cache is disabled
[        ]   Caching has been disabled for the task
[        ] Skipping task ':jni:prepareReleaseArtProfile' as it is up-to-date.
[        ] work action resolve baseline-prof.txt (project :jni) (Thread[Execution worker Thread 2,5,main]) started.
[        ] Resolve mutations for :jni_flutter:prepareReleaseArtProfile (Thread[Execution worker Thread 2,5,main]) started.
[        ] :jni_flutter:prepareReleaseArtProfile (Thread[Execution worker Thread 2,5,main]) started.
[        ] > Task :jni_flutter:prepareReleaseArtProfile UP-TO-DATE
[        ] Caching disabled for task ':jni_flutter:prepareReleaseArtProfile' because:
[        ]   Build cache is disabled
[        ]   Caching has been disabled for the task
[        ] Skipping task ':jni_flutter:prepareReleaseArtProfile' as it is up-to-date.
[        ] work action resolve baseline-prof.txt (project :jni_flutter) (Thread[Execution worker Thread 2,5,main]) started.
[        ] Resolve mutations for :permission_handler_android:prepareReleaseArtProfile (Thread[Execution worker Thread 2,5,main]) started.
[        ] :permission_handler_android:prepareReleaseArtProfile (Thread[Execution worker Thread 2,5,main]) started.
[        ] > Task :permission_handler_android:prepareReleaseArtProfile UP-TO-DATE
[        ] Caching disabled for task ':permission_handler_android:prepareReleaseArtProfile' because:
[        ]   Build cache is disabled
[        ]   Caching has been disabled for the task
[        ] Skipping task ':permission_handler_android:prepareReleaseArtProfile' as it is up-to-date.
[   +3 ms] work action resolve baseline-prof.txt (project :permission_handler_android) (Thread[Execution worker Thread 2,5,main]) started.
[        ] Resolve mutations for :saf:prepareReleaseArtProfile (Thread[Execution worker,5,main]) started.
[        ] :saf:prepareReleaseArtProfile (Thread[Execution worker,5,main]) started.
[        ] > Task :saf:prepareReleaseArtProfile UP-TO-DATE
[        ] Caching disabled for task ':saf:prepareReleaseArtProfile' because:
[        ]   Build cache is disabled
[        ]   Caching has been disabled for the task
[        ] Skipping task ':saf:prepareReleaseArtProfile' as it is up-to-date.
[        ] work action resolve baseline-prof.txt (project :saf) (Thread[Execution worker,5,main]) started.
[        ] Resolve mutations for :video_player_android:prepareReleaseArtProfile (Thread[Execution worker,5,main]) started.
[        ] :video_player_android:prepareReleaseArtProfile (Thread[Execution worker,5,main]) started.
[        ] > Task :video_player_android:prepareReleaseArtProfile UP-TO-DATE
[        ] Caching disabled for task ':video_player_android:prepareReleaseArtProfile' because:
[        ]   Build cache is disabled
[        ]   Caching has been disabled for the task
[        ] Skipping task ':video_player_android:prepareReleaseArtProfile' as it is up-to-date.
[        ] work action resolve baseline-prof.txt (project :video_player_android) (Thread[included builds,5,main]) started.
[        ] Resolve mutations for :video_thumbnail_plus:prepareReleaseArtProfile (Thread[included builds,5,main]) started.
[        ] :video_thumbnail_plus:prepareReleaseArtProfile (Thread[included builds,5,main]) started.
[        ] > Task :video_thumbnail_plus:prepareReleaseArtProfile UP-TO-DATE
[        ] Caching disabled for task ':video_thumbnail_plus:prepareReleaseArtProfile' because:
[        ]   Build cache is disabled
[        ]   Caching has been disabled for the task
[        ] Skipping task ':video_thumbnail_plus:prepareReleaseArtProfile' as it is up-to-date.
[        ] work action resolve baseline-prof.txt (project :video_thumbnail_plus) (Thread[included builds,5,main]) started.
[        ] Resolve mutations for :webview_flutter_android:prepareReleaseArtProfile (Thread[Execution worker Thread 3,5,main]) started.
[   +4 ms] :webview_flutter_android:prepareReleaseArtProfile (Thread[Execution worker Thread 3,5,main]) started.
[        ] > Task :webview_flutter_android:prepareReleaseArtProfile UP-TO-DATE
[        ] Caching disabled for task ':webview_flutter_android:prepareReleaseArtProfile' because:
[        ]   Build cache is disabled
[        ]   Caching has been disabled for the task
[        ] Skipping task ':webview_flutter_android:prepareReleaseArtProfile' as it is up-to-date.
[        ] work action resolve baseline-prof.txt (project :webview_flutter_android) (Thread[Execution worker Thread 3,5,main]) started.
[        ] Resolve mutations for :app:mergeReleaseArtProfile (Thread[Execution worker Thread 2,5,main]) started.
[        ] :app:mergeReleaseArtProfile (Thread[Execution worker Thread 2,5,main]) started.
[        ] > Task :app:mergeReleaseArtProfile UP-TO-DATE
[        ] Caching disabled for task ':app:mergeReleaseArtProfile' because:
[        ]   Build cache is disabled
[        ]   Simple merging task
[        ] Skipping task ':app:mergeReleaseArtProfile' as it is up-to-date.
[        ] Resolve mutations for :device_info_plus:bundleLibRuntimeToJarRelease (Thread[Execution worker Thread 3,5,main]) started.
[   +1 ms] :device_info_plus:bundleLibRuntimeToJarRelease (Thread[Execution worker Thread 3,5,main]) started.
[        ] > Task :device_info_plus:bundleLibRuntimeToJarRelease UP-TO-DATE
[        ] Caching disabled for task ':device_info_plus:bundleLibRuntimeToJarRelease' because:
[        ]   Build cache is disabled
[        ]   Simple merging task
[        ] Skipping task ':device_info_plus:bundleLibRuntimeToJarRelease' as it is up-to-date.
[        ] work action resolve classes.jar (project :device_info_plus) (Thread[Execution worker Thread 3,5,main]) started.
[        ] Resolve mutations for :gallery_saver_plus:bundleLibRuntimeToJarRelease (Thread[Execution worker Thread 3,5,main]) started.
[        ] :gallery_saver_plus:bundleLibRuntimeToJarRelease (Thread[Execution worker Thread 3,5,main]) started.
[        ] > Task :gallery_saver_plus:bundleLibRuntimeToJarRelease UP-TO-DATE
[        ] Caching disabled for task ':gallery_saver_plus:bundleLibRuntimeToJarRelease' because:
[        ]   Build cache is disabled
[        ]   Simple merging task
[        ] Skipping task ':gallery_saver_plus:bundleLibRuntimeToJarRelease' as it is up-to-date.
[        ] work action resolve classes.jar (project :gallery_saver_plus) (Thread[Execution worker Thread 2,5,main]) started.
[        ] Resolve mutations for :google_mobile_ads:bundleLibRuntimeToJarRelease (Thread[Execution worker Thread 2,5,main]) started.
[        ] :google_mobile_ads:bundleLibRuntimeToJarRelease (Thread[Execution worker Thread 2,5,main]) started.
[        ] > Task :google_mobile_ads:bundleLibRuntimeToJarRelease UP-TO-DATE
[        ] Caching disabled for task ':google_mobile_ads:bundleLibRuntimeToJarRelease' because:
[        ]   Build cache is disabled
[        ]   Simple merging task
[        ] Skipping task ':google_mobile_ads:bundleLibRuntimeToJarRelease' as it is up-to-date.
[        ] work action resolve classes.jar (project :google_mobile_ads) (Thread[Execution worker Thread 3,5,main]) started.
[        ] Resolve mutations for :jni:bundleLibRuntimeToJarRelease (Thread[Execution worker Thread 3,5,main]) started.
[        ] :jni:bundleLibRuntimeToJarRelease (Thread[Execution worker Thread 3,5,main]) started.
[   +3 ms] > Task :jni:bundleLibRuntimeToJarRelease UP-TO-DATE
[        ] Caching disabled for task ':jni:bundleLibRuntimeToJarRelease' because:
[        ]   Build cache is disabled
[        ]   Simple merging task
[        ] Skipping task ':jni:bundleLibRuntimeToJarRelease' as it is up-to-date.
[        ] work action resolve classes.jar (project :jni) (Thread[Execution worker Thread 2,5,main]) started.
[        ] Resolve mutations for :jni_flutter:bundleLibRuntimeToJarRelease (Thread[Execution worker Thread 2,5,main]) started.
[        ] :jni_flutter:bundleLibRuntimeToJarRelease (Thread[Execution worker Thread 2,5,main]) started.
[        ] > Task :jni_flutter:bundleLibRuntimeToJarRelease UP-TO-DATE
[        ] Caching disabled for task ':jni_flutter:bundleLibRuntimeToJarRelease' because:
[        ]   Build cache is disabled
[        ]   Simple merging task
[        ] Skipping task ':jni_flutter:bundleLibRuntimeToJarRelease' as it is up-to-date.
[        ] work action resolve classes.jar (project :jni_flutter) (Thread[Execution worker Thread 3,5,main]) started.
[        ] Resolve mutations for :permission_handler_android:bundleLibRuntimeToJarRelease (Thread[Execution worker Thread 3,5,main]) started.
[        ] :permission_handler_android:bundleLibRuntimeToJarRelease (Thread[Execution worker Thread 3,5,main]) started.
[        ] > Task :permission_handler_android:bundleLibRuntimeToJarRelease UP-TO-DATE
[        ] Caching disabled for task ':permission_handler_android:bundleLibRuntimeToJarRelease' because:
[        ]   Build cache is disabled
[   +3 ms]   Simple merging task
[        ] Skipping task ':permission_handler_android:bundleLibRuntimeToJarRelease' as it is up-to-date.
[        ] work action resolve classes.jar (project :permission_handler_android) (Thread[Execution worker Thread 2,5,main]) started.
[        ] Resolve mutations for :saf:bundleLibRuntimeToJarRelease (Thread[Execution worker Thread 2,5,main]) started.
[        ] :saf:bundleLibRuntimeToJarRelease (Thread[Execution worker Thread 2,5,main]) started.
[        ] > Task :saf:bundleLibRuntimeToJarRelease UP-TO-DATE
[        ] Caching disabled for task ':saf:bundleLibRuntimeToJarRelease' because:
[        ]   Build cache is disabled
[        ]   Simple merging task
[        ] Skipping task ':saf:bundleLibRuntimeToJarRelease' as it is up-to-date.
[        ] work action resolve classes.jar (project :saf) (Thread[Execution worker Thread 2,5,main]) started.
[        ] Resolve mutations for :video_player_android:bundleLibRuntimeToJarRelease (Thread[Execution worker Thread 2,5,main]) started.
[        ] :video_player_android:bundleLibRuntimeToJarRelease (Thread[Execution worker Thread 2,5,main]) started.
[        ] > Task :video_player_android:bundleLibRuntimeToJarRelease UP-TO-DATE
[        ] Caching disabled for task ':video_player_android:bundleLibRuntimeToJarRelease' because:
[        ]   Build cache is disabled
[        ]   Simple merging task
[        ] Skipping task ':video_player_android:bundleLibRuntimeToJarRelease' as it is up-to-date.
[        ] work action resolve classes.jar (project :video_player_android) (Thread[Execution worker Thread 2,5,main]) started.
[   +3 ms] Resolve mutations for :video_thumbnail_plus:bundleLibRuntimeToJarRelease (Thread[included builds,5,main]) started.
[        ] :video_thumbnail_plus:bundleLibRuntimeToJarRelease (Thread[included builds,5,main]) started.
[        ] > Task :video_thumbnail_plus:bundleLibRuntimeToJarRelease UP-TO-DATE
[        ] Caching disabled for task ':video_thumbnail_plus:bundleLibRuntimeToJarRelease' because:
[        ]   Build cache is disabled
[        ]   Simple merging task
[        ] Skipping task ':video_thumbnail_plus:bundleLibRuntimeToJarRelease' as it is up-to-date.
[        ] work action resolve classes.jar (project :video_thumbnail_plus) (Thread[included builds,5,main]) started.
[        ] Resolve mutations for :webview_flutter_android:bundleLibRuntimeToJarRelease (Thread[included builds,5,main]) started.
[        ] :webview_flutter_android:bundleLibRuntimeToJarRelease (Thread[included builds,5,main]) started.
[        ] > Task :webview_flutter_android:bundleLibRuntimeToJarRelease UP-TO-DATE
[        ] Caching disabled for task ':webview_flutter_android:bundleLibRuntimeToJarRelease' because:
[        ]   Build cache is disabled
[        ]   Simple merging task
[        ] Skipping task ':webview_flutter_android:bundleLibRuntimeToJarRelease' as it is up-to-date.
[   +3 ms] work action resolve classes.jar (project :webview_flutter_android) (Thread[included builds,5,main]) started.
[        ] Resolve mutations for :app:expandReleaseArtProfileWildcards (Thread[Execution worker,5,main]) started.
[        ] :app:expandReleaseArtProfileWildcards (Thread[Execution worker,5,main]) started.
[  +50 ms] > Task :app:expandReleaseArtProfileWildcards UP-TO-DATE
[        ] Caching disabled for task ':app:expandReleaseArtProfileWildcards' because:
[        ]   Build cache is disabled
[        ] Skipping task ':app:expandReleaseArtProfileWildcards' as it is up-to-date.
[        ] Resolve mutations for :app:extractProguardFiles (Thread[Execution worker,5,main]) started.
[        ] :app:extractProguardFiles (Thread[Execution worker,5,main]) started.
[        ] > Task :app:extractProguardFiles UP-TO-DATE
[        ] Caching disabled for task ':app:extractProguardFiles' because:
[        ]   Build cache is disabled
[        ]   Fast task
[        ] Skipping task ':app:extractProguardFiles' as it is up-to-date.
[        ] Resolve mutations for :app:mergeReleaseGeneratedProguardFiles (Thread[Execution worker,5,main]) started.
[        ] :app:mergeReleaseGeneratedProguardFiles (Thread[Execution worker,5,main]) started.
[        ] > Task :app:mergeReleaseGeneratedProguardFiles UP-TO-DATE
[        ] Caching disabled for task ':app:mergeReleaseGeneratedProguardFiles' because:
[        ]   Build cache is disabled
[        ]   Simple merging task
[   +2 ms] Skipping task ':app:mergeReleaseGeneratedProguardFiles' as it is up-to-date.
[        ] Resolve mutations for :app:processReleaseJavaRes (Thread[Execution worker,5,main]) started.
[        ] :app:processReleaseJavaRes (Thread[Execution worker,5,main]) started.
[        ] > Task :app:processReleaseJavaRes UP-TO-DATE
[        ] file or directory '/home/shivagsudhir198824/myproject1/android/app/src/main/resources', not found
[        ] file or directory '/home/shivagsudhir198824/myproject1/android/app/src/release/resources', not found
[        ] file or directory '/home/shivagsudhir198824/myproject1/android/app/src/main/resources', not found
[        ] file or directory '/home/shivagsudhir198824/myproject1/android/app/src/release/resources', not found
[        ] Caching disabled for task ':app:processReleaseJavaRes' because:
[        ]   Build cache is disabled
[        ]   Caching has been disabled for the task
[        ] Skipping task ':app:processReleaseJavaRes' as it is up-to-date.
[        ] Resolve mutations for :device_info_plus:processReleaseJavaRes (Thread[Execution worker,5,main]) started.
[        ] :device_info_plus:processReleaseJavaRes (Thread[Execution worker,5,main]) started.
[        ] > Task :device_info_plus:processReleaseJavaRes UP-TO-DATE
[        ] file or directory '/home/shivagsudhir198824/.pub-cache/hosted/pub.dev/device_info_plus-10.1.2/android/src/main/resources', not found
[        ] file or directory '/home/shivagsudhir198824/.pub-cache/hosted/pub.dev/device_info_plus-10.1.2/android/src/release/resources', not found
[        ] file or directory '/home/shivagsudhir198824/.pub-cache/hosted/pub.dev/device_info_plus-10.1.2/android/src/main/resources', not found
[        ] file or directory '/home/shivagsudhir198824/.pub-cache/hosted/pub.dev/device_info_plus-10.1.2/android/src/release/resources', not found
[        ] Caching disabled for task ':device_info_plus:processReleaseJavaRes' because:
[        ]   Build cache is disabled
[        ]   Caching has been disabled for the task
[        ] Skipping task ':device_info_plus:processReleaseJavaRes' as it is up-to-date.
[        ] work action resolve out (project :device_info_plus) (Thread[Execution worker,5,main]) started.
[        ] Resolve mutations for :gallery_saver_plus:processReleaseJavaRes (Thread[Execution worker,5,main]) started.
[        ] :gallery_saver_plus:processReleaseJavaRes (Thread[Execution worker,5,main]) started.
[        ] > Task :gallery_saver_plus:processReleaseJavaRes UP-TO-DATE
[        ] file or directory '/home/shivagsudhir198824/.pub-cache/hosted/pub.dev/gallery_saver_plus-3.2.9/android/src/main/resources', not found
[        ] file or directory '/home/shivagsudhir198824/.pub-cache/hosted/pub.dev/gallery_saver_plus-3.2.9/android/src/release/resources', not found
[        ] file or directory '/home/shivagsudhir198824/.pub-cache/hosted/pub.dev/gallery_saver_plus-3.2.9/android/src/main/resources', not found
[        ] file or directory '/home/shivagsudhir198824/.pub-cache/hosted/pub.dev/gallery_saver_plus-3.2.9/android/src/release/resources', not found
[        ] Caching disabled for task ':gallery_saver_plus:processReleaseJavaRes' because:
[        ]   Build cache is disabled
[        ]   Caching has been disabled for the task
[        ] Skipping task ':gallery_saver_plus:processReleaseJavaRes' as it is up-to-date.
[        ] work action resolve out (project :gallery_saver_plus) (Thread[Execution worker Thread 3,5,main]) started.
[        ] Resolve mutations for :google_mobile_ads:processReleaseJavaRes (Thread[Execution worker Thread 3,5,main]) started.
[        ] :google_mobile_ads:processReleaseJavaRes (Thread[Execution worker Thread 3,5,main]) started.
[        ] > Task :google_mobile_ads:processReleaseJavaRes NO-SOURCE
[        ] file or directory '/home/shivagsudhir198824/.pub-cache/hosted/pub.dev/google_mobile_ads-5.3.1/android/src/main/resources', not found
[        ] file or directory '/home/shivagsudhir198824/.pub-cache/hosted/pub.dev/google_mobile_ads-5.3.1/android/src/release/resources', not found
[        ] Skipping task ':google_mobile_ads:processReleaseJavaRes' as it has no source files and no previous output files.
[        ] work action resolve out (project :google_mobile_ads) (Thread[Execution worker Thread 3,5,main]) started.
[        ] Resolve mutations for :jni:processReleaseJavaRes (Thread[Execution worker Thread 3,5,main]) started.
[        ] :jni:processReleaseJavaRes (Thread[Execution worker Thread 3,5,main]) started.
[        ] > Task :jni:processReleaseJavaRes NO-SOURCE
[        ] file or directory '/home/shivagsudhir198824/.pub-cache/hosted/pub.dev/jni-1.0.0/android/src/main/resources', not found
[        ] file or directory '/home/shivagsudhir198824/.pub-cache/hosted/pub.dev/jni-1.0.0/android/src/release/resources', not found
[        ] Skipping task ':jni:processReleaseJavaRes' as it has no source files and no previous output files.
[        ] work action resolve out (project :jni) (Thread[Execution worker Thread 3,5,main]) started.
[        ] Resolve mutations for :jni_flutter:processReleaseJavaRes (Thread[Execution worker Thread 3,5,main]) started.
[        ] :jni_flutter:processReleaseJavaRes (Thread[Execution worker Thread 3,5,main]) started.
[        ] > Task :jni_flutter:processReleaseJavaRes NO-SOURCE
[        ] file or directory '/home/shivagsudhir198824/.pub-cache/hosted/pub.dev/jni_flutter-1.0.1/android/src/main/resources', not found
[        ] file or directory '/home/shivagsudhir198824/.pub-cache/hosted/pub.dev/jni_flutter-1.0.1/android/src/release/resources', not found
[        ] Skipping task ':jni_flutter:processReleaseJavaRes' as it has no source files and no previous output files.
[        ] work action resolve out (project :jni_flutter) (Thread[Execution worker Thread 3,5,main]) started.
[        ] Resolve mutations for :permission_handler_android:processReleaseJavaRes (Thread[included builds,5,main]) started.
[        ] :permission_handler_android:processReleaseJavaRes (Thread[included builds,5,main]) started.
[        ] > Task :permission_handler_android:processReleaseJavaRes NO-SOURCE
[        ] file or directory '/home/shivagsudhir198824/.pub-cache/hosted/pub.dev/permission_handler_android-13.0.1/android/src/main/resources', not found
[        ] file or directory '/home/shivagsudhir198824/.pub-cache/hosted/pub.dev/permission_handler_android-13.0.1/android/src/release/resources', not found
[        ] Skipping task ':permission_handler_android:processReleaseJavaRes' as it has no source files and no previous output files.
[        ] work action resolve out (project :permission_handler_android) (Thread[included builds,5,main]) started.
[        ] Resolve mutations for :saf:processReleaseJavaRes (Thread[included builds,5,main]) started.
[        ] :saf:processReleaseJavaRes (Thread[included builds,5,main]) started.
[        ] > Task :saf:processReleaseJavaRes UP-TO-DATE
[        ] file or directory '/home/shivagsudhir198824/.pub-cache/hosted/pub.dev/saf-1.0.4/android/src/main/resources', not found
[        ] file or directory '/home/shivagsudhir198824/.pub-cache/hosted/pub.dev/saf-1.0.4/android/src/release/resources', not found
[        ] file or directory '/home/shivagsudhir198824/.pub-cache/hosted/pub.dev/saf-1.0.4/android/src/main/resources', not found
[        ] file or directory '/home/shivagsudhir198824/.pub-cache/hosted/pub.dev/saf-1.0.4/android/src/release/resources', not found
[        ] Caching disabled for task ':saf:processReleaseJavaRes' because:
[        ]   Build cache is disabled
[        ]   Caching has been disabled for the task
[        ] Skipping task ':saf:processReleaseJavaRes' as it is up-to-date.
[        ] work action resolve out (project :saf) (Thread[included builds,5,main]) started.
[        ] Resolve mutations for :video_player_android:processReleaseJavaRes (Thread[included builds,5,main]) started.
[        ] :video_player_android:processReleaseJavaRes (Thread[included builds,5,main]) started.
[        ] > Task :video_player_android:processReleaseJavaRes UP-TO-DATE
[        ] file or directory '/home/shivagsudhir198824/.pub-cache/hosted/pub.dev/video_player_android-2.9.5/android/src/main/resources', not found
[        ] file or directory '/home/shivagsudhir198824/.pub-cache/hosted/pub.dev/video_player_android-2.9.5/android/src/release/resources', not found
[        ] file or directory '/home/shivagsudhir198824/.pub-cache/hosted/pub.dev/video_player_android-2.9.5/android/src/main/resources', not found
[        ] file or directory '/home/shivagsudhir198824/.pub-cache/hosted/pub.dev/video_player_android-2.9.5/android/src/release/resources', not found
[        ] Caching disabled for task ':video_player_android:processReleaseJavaRes' because:
[        ]   Build cache is disabled
[        ]   Caching has been disabled for the task
[        ] Skipping task ':video_player_android:processReleaseJavaRes' as it is up-to-date.
[        ] work action resolve out (project :video_player_android) (Thread[included builds,5,main]) started.
[        ] Resolve mutations for :video_thumbnail_plus:processReleaseJavaRes (Thread[included builds,5,main]) started.
[        ] :video_thumbnail_plus:processReleaseJavaRes (Thread[included builds,5,main]) started.
[        ] > Task :video_thumbnail_plus:processReleaseJavaRes UP-TO-DATE
[        ] file or directory '/home/shivagsudhir198824/.pub-cache/hosted/pub.dev/video_thumbnail_plus-0.0.2/android/src/main/resources', not found
[        ] file or directory '/home/shivagsudhir198824/.pub-cache/hosted/pub.dev/video_thumbnail_plus-0.0.2/android/src/release/resources', not found
[        ] file or directory '/home/shivagsudhir198824/.pub-cache/hosted/pub.dev/video_thumbnail_plus-0.0.2/android/src/main/resources', not found
[        ] file or directory '/home/shivagsudhir198824/.pub-cache/hosted/pub.dev/video_thumbnail_plus-0.0.2/android/src/release/resources', not found
[        ] Caching disabled for task ':video_thumbnail_plus:processReleaseJavaRes' because:
[        ]   Build cache is disabled
[        ]   Caching has been disabled for the task
[        ] Skipping task ':video_thumbnail_plus:processReleaseJavaRes' as it is up-to-date.
[        ] work action resolve out (project :video_thumbnail_plus) (Thread[Execution worker Thread 2,5,main]) started.
[        ] Resolve mutations for :webview_flutter_android:processReleaseJavaRes (Thread[Execution worker Thread 2,5,main]) started.
[        ] :webview_flutter_android:processReleaseJavaRes (Thread[Execution worker Thread 2,5,main]) started.
[        ] > Task :webview_flutter_android:processReleaseJavaRes UP-TO-DATE
[        ] file or directory '/home/shivagsudhir198824/.pub-cache/hosted/pub.dev/webview_flutter_android-4.12.0/android/src/main/resources', not found
[        ] file or directory '/home/shivagsudhir198824/.pub-cache/hosted/pub.dev/webview_flutter_android-4.12.0/android/src/release/resources', not found
[        ] file or directory '/home/shivagsudhir198824/.pub-cache/hosted/pub.dev/webview_flutter_android-4.12.0/android/src/main/resources', not found
[        ] file or directory '/home/shivagsudhir198824/.pub-cache/hosted/pub.dev/webview_flutter_android-4.12.0/android/src/release/resources', not found
[        ] Caching disabled for task ':webview_flutter_android:processReleaseJavaRes' because:
[        ]   Build cache is disabled
[        ]   Caching has been disabled for the task
[        ] Skipping task ':webview_flutter_android:processReleaseJavaRes' as it is up-to-date.
[        ] work action resolve out (project :webview_flutter_android) (Thread[included builds,5,main]) started.
[        ] Resolve mutations for :app:mergeReleaseJavaResource (Thread[Execution worker Thread 3,5,main]) started.
[        ] :app:mergeReleaseJavaResource (Thread[Execution worker Thread 3,5,main]) started.
[  +86 ms] > Task :app:mergeReleaseJavaResource UP-TO-DATE
[        ] Caching disabled for task ':app:mergeReleaseJavaResource' because:
[        ]   Build cache is disabled
[        ]   Caching has been disabled for the task
[        ] Skipping task ':app:mergeReleaseJavaResource' as it is up-to-date.
[        ] Resolve mutations for :app:mergeReleaseStartupProfile (Thread[Execution worker Thread 3,5,main]) started.
[        ] :app:mergeReleaseStartupProfile (Thread[Execution worker Thread 3,5,main]) started.
[        ] > Task :app:mergeReleaseStartupProfile UP-TO-DATE
[        ] Caching disabled for task ':app:mergeReleaseStartupProfile' because:
[        ]   Build cache is disabled
[        ]   Simple merging task
[        ] Skipping task ':app:mergeReleaseStartupProfile' as it is up-to-date.
[        ] Resolve mutations for :app:minifyReleaseWithR8 (Thread[Execution worker Thread 2,5,main]) started.
[        ] :app:minifyReleaseWithR8 (Thread[Execution worker,5,main]) started.
[        ] > Task :app:minifyReleaseWithR8 UP-TO-DATE
[        ] Caching disabled for task ':app:minifyReleaseWithR8' because:
[        ]   Build cache is disabled
[        ] Skipping task ':app:minifyReleaseWithR8' as it is up-to-date.
[        ] Resolve mutations for :app:compileReleaseArtProfile (Thread[Execution worker,5,main]) started.
[        ] :app:compileReleaseArtProfile (Thread[Execution worker,5,main]) started.
[   +3 ms] > Task :app:compileReleaseArtProfile UP-TO-DATE
[        ] Caching disabled for task ':app:compileReleaseArtProfile' because:
[        ]   Build cache is disabled
[        ] Skipping task ':app:compileReleaseArtProfile' as it is up-to-date.
[        ] Resolve mutations for :app:compressReleaseAssets (Thread[Execution worker,5,main]) started.
[        ] :app:compressReleaseAssets (Thread[Execution worker,5,main]) started.
[        ] > Task :app:compressReleaseAssets UP-TO-DATE
[        ] Caching disabled for task ':app:compressReleaseAssets' because:
[        ]   Build cache is disabled
[        ] Skipping task ':app:compressReleaseAssets' as it is up-to-date.
[        ] Resolve mutations for :app:extractReleaseVersionControlInfo (Thread[Execution worker,5,main]) started.
[        ] :app:extractReleaseVersionControlInfo (Thread[Execution worker,5,main]) started.
[        ] > Task :app:extractReleaseVersionControlInfo UP-TO-DATE
[        ] Caching disabled for task ':app:extractReleaseVersionControlInfo' because:
[        ]   Build cache is disabled
[        ]   Caching has been disabled for the task
[        ] Skipping task ':app:extractReleaseVersionControlInfo' as it is up-to-date.
[        ] Resolve mutations for :device_info_plus:createFullJarRelease (Thread[Execution worker,5,main]) started.
[        ] :device_info_plus:createFullJarRelease (Thread[Execution worker,5,main]) started.
[        ] > Task :device_info_plus:createFullJarRelease UP-TO-DATE
[        ] Caching disabled for task ':device_info_plus:createFullJarRelease' because:
[        ]   Build cache is disabled
[        ]   Simple merging task
[        ] Skipping task ':device_info_plus:createFullJarRelease' as it is up-to-date.
[        ] work action resolve full.jar (project :device_info_plus) (Thread[Execution worker,5,main]) started.
[   +3 ms] work action resolve full.jar (project :device_info_plus) (Thread[Execution worker,5,main]) started.
[        ] Resolve mutations for :device_info_plus:extractProguardFiles (Thread[Execution worker Thread 3,5,main]) started.
[        ] :device_info_plus:extractProguardFiles (Thread[Execution worker Thread 3,5,main]) started.
[   +4 ms] > Task :device_info_plus:extractProguardFiles UP-TO-DATE
[        ] Caching disabled for task ':device_info_plus:extractProguardFiles' because:
[        ]   Build cache is disabled
[        ]   Fast task
[        ] Skipping task ':device_info_plus:extractProguardFiles' as it is up-to-date.
[        ] Resolve mutations for :device_info_plus:generateReleaseLintModel (Thread[Execution worker Thread 3,5,main]) started.
[        ] :device_info_plus:generateReleaseLintModel (Thread[Execution worker,5,main]) started.
[        ] > Task :device_info_plus:generateReleaseLintModel UP-TO-DATE
[        ] Caching disabled for task ':device_info_plus:generateReleaseLintModel' because:
[        ]   Build cache is disabled
[        ]   Caching has been disabled for the task
[        ] Skipping task ':device_info_plus:generateReleaseLintModel' as it is up-to-date.
[        ] work action resolve generateReleaseLintModel (project :device_info_plus) (Thread[Execution worker Thread 3,5,main]) started.
[        ] work action resolve generateReleaseLintModel (project :device_info_plus) (Thread[Execution worker Thread 2,5,main]) started.
[        ] Resolve mutations for :device_info_plus:prepareLintJarForPublish (Thread[Execution worker Thread 2,5,main]) started.
[        ] :device_info_plus:prepareLintJarForPublish (Thread[Execution worker Thread 2,5,main]) started.
[        ] > Task :device_info_plus:prepareLintJarForPublish UP-TO-DATE
[        ] Caching disabled for task ':device_info_plus:prepareLintJarForPublish' because:
[        ]   Build cache is disabled
[        ]   Caching has been disabled for the task
[        ] Skipping task ':device_info_plus:prepareLintJarForPublish' as it is up-to-date.
[        ] work action resolve lint.jar (project :device_info_plus) (Thread[included builds,5,main]) started.
[        ] work action resolve lint.jar (project :device_info_plus) (Thread[included builds,5,main]) started.
[        ] Resolve mutations for :gallery_saver_plus:createFullJarRelease (Thread[included builds,5,main]) started.
[        ] :gallery_saver_plus:createFullJarRelease (Thread[included builds,5,main]) started.
[        ] > Task :gallery_saver_plus:createFullJarRelease UP-TO-DATE
[        ] Caching disabled for task ':gallery_saver_plus:createFullJarRelease' because:
[        ]   Build cache is disabled
[        ]   Simple merging task
[        ] Skipping task ':gallery_saver_plus:createFullJarRelease' as it is up-to-date.
[        ] work action resolve full.jar (project :gallery_saver_plus) (Thread[included builds,5,main]) started.
[        ] work action resolve full.jar (project :gallery_saver_plus) (Thread[included builds,5,main]) started.
[        ] Resolve mutations for :gallery_saver_plus:extractProguardFiles (Thread[included builds,5,main]) started.
[        ] :gallery_saver_plus:extractProguardFiles (Thread[included builds,5,main]) started.
[        ] > Task :gallery_saver_plus:extractProguardFiles UP-TO-DATE
[        ] Caching disabled for task ':gallery_saver_plus:extractProguardFiles' because:
[        ]   Build cache is disabled
[        ]   Fast task
[        ] Skipping task ':gallery_saver_plus:extractProguardFiles' as it is up-to-date.
[        ] Resolve mutations for :gallery_saver_plus:generateReleaseLintModel (Thread[Execution worker Thread 2,5,main]) started.
[        ] :gallery_saver_plus:generateReleaseLintModel (Thread[Execution worker Thread 2,5,main]) started.
[  +75 ms] > Task :gallery_saver_plus:generateReleaseLintModel UP-TO-DATE
[        ] Caching disabled for task ':gallery_saver_plus:generateReleaseLintModel' because:
[        ]   Build cache is disabled
[        ]   Caching has been disabled for the task
[        ] Skipping task ':gallery_saver_plus:generateReleaseLintModel' as it is up-to-date.
[        ] work action resolve generateReleaseLintModel (project :gallery_saver_plus) (Thread[Execution worker Thread 2,5,main]) started.
[        ] work action resolve generateReleaseLintModel (project :gallery_saver_plus) (Thread[Execution worker Thread 2,5,main]) started.
[        ] Resolve mutations for :gallery_saver_plus:prepareLintJarForPublish (Thread[Execution worker Thread 2,5,main]) started.
[        ] :gallery_saver_plus:prepareLintJarForPublish (Thread[Execution worker Thread 2,5,main]) started.
[        ] > Task :gallery_saver_plus:prepareLintJarForPublish UP-TO-DATE
[        ] Caching disabled for task ':gallery_saver_plus:prepareLintJarForPublish' because:
[        ]   Build cache is disabled
[        ]   Caching has been disabled for the task
[        ] Skipping task ':gallery_saver_plus:prepareLintJarForPublish' as it is up-to-date.
[   +3 ms] work action resolve lint.jar (project :gallery_saver_plus) (Thread[Execution worker Thread 2,5,main]) started.
[        ] work action resolve lint.jar (project :gallery_saver_plus) (Thread[Execution worker Thread 2,5,main]) started.
[        ] Resolve mutations for :google_mobile_ads:createFullJarRelease (Thread[Execution worker Thread 2,5,main]) started.
[        ] :google_mobile_ads:createFullJarRelease (Thread[Execution worker Thread 2,5,main]) started.
[        ] > Task :google_mobile_ads:createFullJarRelease UP-TO-DATE
[        ] Caching disabled for task ':google_mobile_ads:createFullJarRelease' because:
[        ]   Build cache is disabled
[        ]   Simple merging task
[        ] Skipping task ':google_mobile_ads:createFullJarRelease' as it is up-to-date.
[        ] work action resolve full.jar (project :google_mobile_ads) (Thread[Execution worker Thread 2,5,main]) started.
[        ] work action resolve full.jar (project :google_mobile_ads) (Thread[Execution worker Thread 3,5,main]) started.
[        ] Resolve mutations for :google_mobile_ads:extractProguardFiles (Thread[Execution worker Thread 3,5,main]) started.
[        ] :google_mobile_ads:extractProguardFiles (Thread[Execution worker Thread 3,5,main]) started.
[        ] > Task :google_mobile_ads:extractProguardFiles UP-TO-DATE
[        ] Caching disabled for task ':google_mobile_ads:extractProguardFiles' because:
[        ]   Build cache is disabled
[        ]   Fast task
[        ] Skipping task ':google_mobile_ads:extractProguardFiles' as it is up-to-date.
[        ] Resolve mutations for :webview_flutter_android:createFullJarRelease (Thread[Execution worker,5,main]) started.
[        ] :webview_flutter_android:createFullJarRelease (Thread[Execution worker,5,main]) started.
[        ] > Task :webview_flutter_android:createFullJarRelease UP-TO-DATE
[        ] Caching disabled for task ':webview_flutter_android:createFullJarRelease' because:
[        ]   Build cache is disabled
[        ]   Simple merging task
[        ] Skipping task ':webview_flutter_android:createFullJarRelease' as it is up-to-date.
[        ] work action resolve full.jar (project :webview_flutter_android) (Thread[Execution worker,5,main]) started.
[        ] work action resolve full.jar (project :webview_flutter_android) (Thread[Execution worker,5,main]) started.
[        ] Resolve mutations for :webview_flutter_android:extractProguardFiles (Thread[included builds,5,main]) started.
[        ] :webview_flutter_android:extractProguardFiles (Thread[included builds,5,main]) started.
[        ] > Task :webview_flutter_android:extractProguardFiles UP-TO-DATE
[        ] Caching disabled for task ':webview_flutter_android:extractProguardFiles' because:
[        ]   Build cache is disabled
[        ]   Fast task
[        ] Skipping task ':webview_flutter_android:extractProguardFiles' as it is up-to-date.
[        ] Resolve mutations for :webview_flutter_android:generateReleaseLintModel (Thread[included builds,5,main]) started.
[        ] :webview_flutter_android:generateReleaseLintModel (Thread[included builds,5,main]) started.
[        ] > Task :webview_flutter_android:generateReleaseLintModel UP-TO-DATE
[        ] Caching disabled for task ':webview_flutter_android:generateReleaseLintModel' because:
[        ]   Build cache is disabled
[        ]   Caching has been disabled for the task
[        ] Skipping task ':webview_flutter_android:generateReleaseLintModel' as it is up-to-date.
[        ] work action resolve generateReleaseLintModel (project :webview_flutter_android) (Thread[included builds,5,main]) started.
[        ] work action resolve generateReleaseLintModel (project :webview_flutter_android) (Thread[Execution worker Thread 3,5,main]) started.
[        ] Resolve mutations for :webview_flutter_android:prepareLintJarForPublish (Thread[Execution worker Thread 3,5,main]) started.
[        ] :webview_flutter_android:prepareLintJarForPublish (Thread[Execution worker Thread 3,5,main]) started.
[        ] > Task :webview_flutter_android:prepareLintJarForPublish UP-TO-DATE
[        ] Caching disabled for task ':webview_flutter_android:prepareLintJarForPublish' because:
[        ]   Build cache is disabled
[        ]   Caching has been disabled for the task
[        ] Skipping task ':webview_flutter_android:prepareLintJarForPublish' as it is up-to-date.
[        ] work action resolve lint.jar (project :webview_flutter_android) (Thread[Execution worker Thread 3,5,main]) started.
[        ] work action resolve lint.jar (project :webview_flutter_android) (Thread[Execution worker Thread 3,5,main]) started.
[        ] Resolve mutations for :google_mobile_ads:generateReleaseLintModel (Thread[Execution worker Thread 3,5,main]) started.
[        ] :google_mobile_ads:generateReleaseLintModel (Thread[Execution worker Thread 3,5,main]) started.
[  +85 ms] > Task :google_mobile_ads:generateReleaseLintModel UP-TO-DATE
[        ] Caching disabled for task ':google_mobile_ads:generateReleaseLintModel' because:
[        ]   Build cache is disabled
[        ]   Caching has been disabled for the task
[        ] Skipping task ':google_mobile_ads:generateReleaseLintModel' as it is up-to-date.
[        ] work action resolve generateReleaseLintModel (project :google_mobile_ads) (Thread[Execution worker Thread 3,5,main]) started.
[        ] work action resolve generateReleaseLintModel (project :google_mobile_ads) (Thread[Execution worker Thread 3,5,main]) started.
[        ] Resolve mutations for :google_mobile_ads:prepareLintJarForPublish (Thread[Execution worker Thread 3,5,main]) started.
[        ] :google_mobile_ads:prepareLintJarForPublish (Thread[Execution worker Thread 3,5,main]) started.
[        ] > Task :google_mobile_ads:prepareLintJarForPublish UP-TO-DATE
[        ] Caching disabled for task ':google_mobile_ads:prepareLintJarForPublish' because:
[        ]   Build cache is disabled
[        ]   Caching has been disabled for the task
[        ] Skipping task ':google_mobile_ads:prepareLintJarForPublish' as it is up-to-date.
[        ] work action resolve lint.jar (project :google_mobile_ads) (Thread[included builds,5,main]) started.
[        ] work action resolve lint.jar (project :google_mobile_ads) (Thread[included builds,5,main]) started.
[        ] Resolve mutations for :jni:createFullJarRelease (Thread[included builds,5,main]) started.
[        ] :jni:createFullJarRelease (Thread[included builds,5,main]) started.
[        ] > Task :jni:createFullJarRelease UP-TO-DATE
[   +1 ms] Caching disabled for task ':jni:createFullJarRelease' because:
[        ]   Build cache is disabled
[        ]   Simple merging task
[        ] Skipping task ':jni:createFullJarRelease' as it is up-to-date.
[        ] work action resolve full.jar (project :jni) (Thread[Execution worker Thread 3,5,main]) started.
[        ] work action resolve full.jar (project :jni) (Thread[Execution worker Thread 3,5,main]) started.
[        ] Resolve mutations for :jni:extractProguardFiles (Thread[Execution worker Thread 3,5,main]) started.
[        ] :jni:extractProguardFiles (Thread[Execution worker Thread 3,5,main]) started.
[        ] > Task :jni:extractProguardFiles UP-TO-DATE
[        ] Caching disabled for task ':jni:extractProguardFiles' because:
[        ]   Build cache is disabled
[        ]   Fast task
[        ] Skipping task ':jni:extractProguardFiles' as it is up-to-date.
[        ] Resolve mutations for :jni:generateReleaseLintModel (Thread[Execution worker Thread 3,5,main]) started.
[        ] :jni:generateReleaseLintModel (Thread[Execution worker Thread 3,5,main]) started.
[        ] > Task :jni:generateReleaseLintModel UP-TO-DATE
[        ] Caching disabled for task ':jni:generateReleaseLintModel' because:
[        ]   Build cache is disabled
[        ]   Caching has been disabled for the task
[        ] Skipping task ':jni:generateReleaseLintModel' as it is up-to-date.
[        ] work action resolve generateReleaseLintModel (project :jni) (Thread[Execution worker Thread 3,5,main]) started.
[        ] work action resolve generateReleaseLintModel (project :jni) (Thread[Execution worker Thread 3,5,main]) started.
[        ] Resolve mutations for :jni:prepareLintJarForPublish (Thread[Execution worker Thread 3,5,main]) started.
[        ] :jni:prepareLintJarForPublish (Thread[Execution worker Thread 3,5,main]) started.
[        ] > Task :jni:prepareLintJarForPublish UP-TO-DATE
[        ] Caching disabled for task ':jni:prepareLintJarForPublish' because:
[        ]   Build cache is disabled
[        ]   Caching has been disabled for the task
[        ] Skipping task ':jni:prepareLintJarForPublish' as it is up-to-date.
[        ] work action resolve lint.jar (project :jni) (Thread[Execution worker Thread 3,5,main]) started.
[        ] work action resolve lint.jar (project :jni) (Thread[Execution worker Thread 2,5,main]) started.
[        ] Resolve mutations for :jni_flutter:createFullJarRelease (Thread[Execution worker Thread 2,5,main]) started.
[        ] :jni_flutter:createFullJarRelease (Thread[Execution worker Thread 2,5,main]) started.
[        ] > Task :jni_flutter:createFullJarRelease UP-TO-DATE
[        ] Caching disabled for task ':jni_flutter:createFullJarRelease' because:
[        ]   Build cache is disabled
[        ]   Simple merging task
[        ] Skipping task ':jni_flutter:createFullJarRelease' as it is up-to-date.
[        ] work action resolve full.jar (project :jni_flutter) (Thread[included builds,5,main]) started.
[        ] work action resolve full.jar (project :jni_flutter) (Thread[included builds,5,main]) started.
[        ] Resolve mutations for :jni_flutter:extractProguardFiles (Thread[included builds,5,main]) started.
[        ] :jni_flutter:extractProguardFiles (Thread[Execution worker Thread 2,5,main]) started.
[        ] > Task :jni_flutter:extractProguardFiles UP-TO-DATE
[        ] Caching disabled for task ':jni_flutter:extractProguardFiles' because:
[        ]   Build cache is disabled
[        ]   Fast task
[        ] Skipping task ':jni_flutter:extractProguardFiles' as it is up-to-date.
[        ] Resolve mutations for :jni_flutter:generateReleaseLintModel (Thread[Execution worker Thread 2,5,main]) started.
[        ] :jni_flutter:generateReleaseLintModel (Thread[included builds,5,main]) started.
[   +1 ms] > Task :jni_flutter:generateReleaseLintModel UP-TO-DATE
[        ] Caching disabled for task ':jni_flutter:generateReleaseLintModel' because:
[        ]   Build cache is disabled
[        ]   Caching has been disabled for the task
[        ] Skipping task ':jni_flutter:generateReleaseLintModel' as it is up-to-date.
[        ] work action resolve generateReleaseLintModel (project :jni_flutter) (Thread[Execution worker Thread 2,5,main]) started.
[        ] work action resolve generateReleaseLintModel (project :jni_flutter) (Thread[Execution worker Thread 2,5,main]) started.
[        ] Resolve mutations for :jni_flutter:prepareLintJarForPublish (Thread[Execution worker Thread 2,5,main]) started.
[        ] :jni_flutter:prepareLintJarForPublish (Thread[Execution worker Thread 2,5,main]) started.
[        ] > Task :jni_flutter:prepareLintJarForPublish UP-TO-DATE
[        ] Caching disabled for task ':jni_flutter:prepareLintJarForPublish' because:
[        ]   Build cache is disabled
[        ]   Caching has been disabled for the task
[        ] Skipping task ':jni_flutter:prepareLintJarForPublish' as it is up-to-date.
[        ] work action resolve lint.jar (project :jni_flutter) (Thread[Execution worker Thread 2,5,main]) started.
[        ] work action resolve lint.jar (project :jni_flutter) (Thread[Execution worker Thread 3,5,main]) started.
[        ] Resolve mutations for :permission_handler_android:createFullJarRelease (Thread[Execution worker Thread 3,5,main]) started.
[        ] :permission_handler_android:createFullJarRelease (Thread[Execution worker Thread 3,5,main]) started.
[        ] > Task :permission_handler_android:createFullJarRelease UP-TO-DATE
[        ] Caching disabled for task ':permission_handler_android:createFullJarRelease' because:
[        ]   Build cache is disabled
[        ]   Simple merging task
[        ] Skipping task ':permission_handler_android:createFullJarRelease' as it is up-to-date.
[        ] work action resolve full.jar (project :permission_handler_android) (Thread[Execution worker Thread 3,5,main]) started.
[        ] work action resolve full.jar (project :permission_handler_android) (Thread[Execution worker,5,main]) started.
[        ] Resolve mutations for :permission_handler_android:extractProguardFiles (Thread[Execution worker,5,main]) started.
[        ] :permission_handler_android:extractProguardFiles (Thread[Execution worker,5,main]) started.
[        ] > Task :permission_handler_android:extractProguardFiles UP-TO-DATE
[        ] Caching disabled for task ':permission_handler_android:extractProguardFiles' because:
[        ]   Build cache is disabled
[        ]   Fast task
[        ] Skipping task ':permission_handler_android:extractProguardFiles' as it is up-to-date.
[        ] Resolve mutations for :permission_handler_android:generateReleaseLintModel (Thread[Execution worker,5,main]) started.
[        ] :permission_handler_android:generateReleaseLintModel (Thread[Execution worker Thread 2,5,main]) started.
[  +84 ms] > Task :permission_handler_android:generateReleaseLintModel UP-TO-DATE
[        ] Caching disabled for task ':permission_handler_android:generateReleaseLintModel' because:
[        ]   Build cache is disabled
[        ]   Caching has been disabled for the task
[        ] Skipping task ':permission_handler_android:generateReleaseLintModel' as it is up-to-date.
[        ] work action resolve generateReleaseLintModel (project :permission_handler_android) (Thread[Execution worker Thread 2,5,main]) started.
[        ] work action resolve generateReleaseLintModel (project :permission_handler_android) (Thread[Execution worker Thread 2,5,main]) started.
[        ] Resolve mutations for :permission_handler_android:prepareLintJarForPublish (Thread[Execution worker Thread 2,5,main]) started.
[        ] :permission_handler_android:prepareLintJarForPublish (Thread[Execution worker Thread 2,5,main]) started.
[        ] > Task :permission_handler_android:prepareLintJarForPublish UP-TO-DATE
[        ] Caching disabled for task ':permission_handler_android:prepareLintJarForPublish' because:
[        ]   Build cache is disabled
[        ]   Caching has been disabled for the task
[        ] Skipping task ':permission_handler_android:prepareLintJarForPublish' as it is up-to-date.
[        ] work action resolve lint.jar (project :permission_handler_android) (Thread[Execution worker,5,main]) started.
[        ] work action resolve lint.jar (project :permission_handler_android) (Thread[Execution worker,5,main]) started.
[        ] Resolve mutations for :saf:createFullJarRelease (Thread[Execution worker,5,main]) started.
[   +4 ms] :saf:createFullJarRelease (Thread[Execution worker,5,main]) started.
[        ] > Task :saf:createFullJarRelease UP-TO-DATE
[        ] Caching disabled for task ':saf:createFullJarRelease' because:
[        ]   Build cache is disabled
[        ]   Simple merging task
[        ] Skipping task ':saf:createFullJarRelease' as it is up-to-date.
[        ] work action resolve full.jar (project :saf) (Thread[Execution worker Thread 2,5,main]) started.
[        ] work action resolve full.jar (project :saf) (Thread[Execution worker Thread 2,5,main]) started.
[        ] Resolve mutations for :saf:extractProguardFiles (Thread[Execution worker Thread 2,5,main]) started.
[        ] :saf:extractProguardFiles (Thread[Execution worker Thread 2,5,main]) started.
[        ] > Task :saf:extractProguardFiles UP-TO-DATE
[        ] Caching disabled for task ':saf:extractProguardFiles' because:
[        ]   Build cache is disabled
[        ]   Fast task
[        ] Skipping task ':saf:extractProguardFiles' as it is up-to-date.
[        ] Resolve mutations for :saf:generateReleaseLintModel (Thread[Execution worker,5,main]) started.
[        ] :saf:generateReleaseLintModel (Thread[Execution worker,5,main]) started.
[        ] > Task :saf:generateReleaseLintModel UP-TO-DATE
[        ] Caching disabled for task ':saf:generateReleaseLintModel' because:
[        ]   Build cache is disabled
[        ]   Caching has been disabled for the task
[        ] Skipping task ':saf:generateReleaseLintModel' as it is up-to-date.
[        ] work action resolve generateReleaseLintModel (project :saf) (Thread[Execution worker Thread 2,5,main]) started.
[        ] work action resolve generateReleaseLintModel (project :saf) (Thread[Execution worker Thread 2,5,main]) started.
[        ] Resolve mutations for :saf:prepareLintJarForPublish (Thread[Execution worker Thread 2,5,main]) started.
[        ] :saf:prepareLintJarForPublish (Thread[Execution worker Thread 2,5,main]) started.
[        ] > Task :saf:prepareLintJarForPublish UP-TO-DATE
[        ] Caching disabled for task ':saf:prepareLintJarForPublish' because:
[        ]   Build cache is disabled
[        ]   Caching has been disabled for the task
[        ] Skipping task ':saf:prepareLintJarForPublish' as it is up-to-date.
[        ] work action resolve lint.jar (project :saf) (Thread[Execution worker,5,main]) started.
[        ] work action resolve lint.jar (project :saf) (Thread[Execution worker,5,main]) started.
[        ] Resolve mutations for :video_player_android:createFullJarRelease (Thread[Execution worker,5,main]) started.
[        ] :video_player_android:createFullJarRelease (Thread[Execution worker,5,main]) started.
[        ] > Task :video_player_android:createFullJarRelease UP-TO-DATE
[   +3 ms] Caching disabled for task ':video_player_android:createFullJarRelease' because:
[        ]   Build cache is disabled
[        ]   Simple merging task
[        ] Skipping task ':video_player_android:createFullJarRelease' as it is up-to-date.
[        ] work action resolve full.jar (project :video_player_android) (Thread[Execution worker Thread 2,5,main]) started.
[        ] work action resolve full.jar (project :video_player_android) (Thread[Execution worker Thread 2,5,main]) started.
[        ] Resolve mutations for :video_player_android:extractProguardFiles (Thread[Execution worker Thread 2,5,main]) started.
[        ] :video_player_android:extractProguardFiles (Thread[Execution worker Thread 2,5,main]) started.
[        ] > Task :video_player_android:extractProguardFiles UP-TO-DATE
[        ] Caching disabled for task ':video_player_android:extractProguardFiles' because:
[        ]   Build cache is disabled
[        ]   Fast task
[        ] Skipping task ':video_player_android:extractProguardFiles' as it is up-to-date.
[        ] Resolve mutations for :video_player_android:generateReleaseLintModel (Thread[Execution worker,5,main]) started.
[        ] :video_player_android:generateReleaseLintModel (Thread[Execution worker,5,main]) started.
[        ] > Task :video_player_android:generateReleaseLintModel UP-TO-DATE
[        ] Caching disabled for task ':video_player_android:generateReleaseLintModel' because:
[        ]   Build cache is disabled
[        ]   Caching has been disabled for the task
[        ] Skipping task ':video_player_android:generateReleaseLintModel' as it is up-to-date.
[        ] work action resolve generateReleaseLintModel (project :video_player_android) (Thread[Execution worker Thread 2,5,main]) started.
[        ] work action resolve generateReleaseLintModel (project :video_player_android) (Thread[Execution worker Thread 2,5,main]) started.
[        ] Resolve mutations for :video_player_android:prepareLintJarForPublish (Thread[Execution worker Thread 2,5,main]) started.
[  +85 ms] :video_player_android:prepareLintJarForPublish (Thread[Execution worker Thread 2,5,main]) started.
[        ] > Task :video_player_android:prepareLintJarForPublish UP-TO-DATE
[        ] Caching disabled for task ':video_player_android:prepareLintJarForPublish' because:
[        ]   Build cache is disabled
[        ]   Caching has been disabled for the task
[        ] Skipping task ':video_player_android:prepareLintJarForPublish' as it is up-to-date.
[        ] work action resolve lint.jar (project :video_player_android) (Thread[Execution worker,5,main]) started.
[        ] work action resolve lint.jar (project :video_player_android) (Thread[Execution worker,5,main]) started.
[        ] Resolve mutations for :video_thumbnail_plus:createFullJarRelease (Thread[Execution worker,5,main]) started.
[        ] :video_thumbnail_plus:createFullJarRelease (Thread[Execution worker,5,main]) started.
[        ] > Task :video_thumbnail_plus:createFullJarRelease UP-TO-DATE
[        ] Caching disabled for task ':video_thumbnail_plus:createFullJarRelease' because:
[        ]   Build cache is disabled
[        ]   Simple merging task
[        ] Skipping task ':video_thumbnail_plus:createFullJarRelease' as it is up-to-date.
[        ] work action resolve full.jar (project :video_thumbnail_plus) (Thread[Execution worker,5,main]) started.
[        ] work action resolve full.jar (project :video_thumbnail_plus) (Thread[Execution worker,5,main]) started.
[        ] Resolve mutations for :video_thumbnail_plus:extractProguardFiles (Thread[Execution worker,5,main]) started.
[        ] :video_thumbnail_plus:extractProguardFiles (Thread[Execution worker,5,main]) started.
[        ] > Task :video_thumbnail_plus:extractProguardFiles UP-TO-DATE
[        ] Caching disabled for task ':video_thumbnail_plus:extractProguardFiles' because:
[        ]   Build cache is disabled
[        ]   Fast task
[        ] Skipping task ':video_thumbnail_plus:extractProguardFiles' as it is up-to-date.
[        ] Resolve mutations for :video_thumbnail_plus:generateReleaseLintModel (Thread[Execution worker,5,main]) started.
[        ] :video_thumbnail_plus:generateReleaseLintModel (Thread[Execution worker,5,main]) started.
[        ] > Task :video_thumbnail_plus:generateReleaseLintModel UP-TO-DATE
[   +3 ms] Caching disabled for task ':video_thumbnail_plus:generateReleaseLintModel' because:
[        ]   Build cache is disabled
[        ]   Caching has been disabled for the task
[        ] Skipping task ':video_thumbnail_plus:generateReleaseLintModel' as it is up-to-date.
[        ] work action resolve generateReleaseLintModel (project :video_thumbnail_plus) (Thread[Execution worker Thread 2,5,main]) started.
[        ] work action resolve generateReleaseLintModel (project :video_thumbnail_plus) (Thread[Execution worker Thread 2,5,main]) started.
[        ] Resolve mutations for :video_thumbnail_plus:prepareLintJarForPublish (Thread[Execution worker Thread 2,5,main]) started.
[        ] :video_thumbnail_plus:prepareLintJarForPublish (Thread[Execution worker Thread 2,5,main]) started.
[        ] > Task :video_thumbnail_plus:prepareLintJarForPublish UP-TO-DATE
[        ] Caching disabled for task ':video_thumbnail_plus:prepareLintJarForPublish' because:
[        ]   Build cache is disabled
[        ]   Caching has been disabled for the task
[        ] Skipping task ':video_thumbnail_plus:prepareLintJarForPublish' as it is up-to-date.
[        ] work action resolve lint.jar (project :video_thumbnail_plus) (Thread[Execution worker,5,main]) started.
[        ] work action resolve lint.jar (project :video_thumbnail_plus) (Thread[included builds,5,main]) started.
[        ] Resolve mutations for :app:generateReleaseLintVitalReportModel (Thread[included builds,5,main]) started.
[        ] :app:generateReleaseLintVitalReportModel (Thread[included builds,5,main]) started.
[        ] > Task :app:generateReleaseLintVitalReportModel UP-TO-DATE
[        ] Caching disabled for task ':app:generateReleaseLintVitalReportModel' because:
[        ]   Build cache is disabled
[        ]   Caching has been disabled for the task
[        ] Skipping task ':app:generateReleaseLintVitalReportModel' as it is up-to-date.
[        ] Resolve mutations for :device_info_plus:stripReleaseDebugSymbols (Thread[included builds,5,main]) started.
[        ] :device_info_plus:stripReleaseDebugSymbols (Thread[included builds,5,main]) started.
[        ] > Task :device_info_plus:stripReleaseDebugSymbols NO-SOURCE
[   +1 ms] Skipping task ':device_info_plus:stripReleaseDebugSymbols' as it has no source files and no previous output files.
[        ] Resolve mutations for :device_info_plus:copyReleaseJniLibsProjectAndLocalJars (Thread[included builds,5,main]) started.
[        ] :device_info_plus:copyReleaseJniLibsProjectAndLocalJars (Thread[included builds,5,main]) started.
[        ] > Task :device_info_plus:copyReleaseJniLibsProjectAndLocalJars UP-TO-DATE
[        ] Caching disabled for task ':device_info_plus:copyReleaseJniLibsProjectAndLocalJars' because:
[        ]   Build cache is disabled
[        ]   Caching has been disabled for the task
[        ] Skipping task ':device_info_plus:copyReleaseJniLibsProjectAndLocalJars' as it is up-to-date.
[        ] Resolve mutations for :device_info_plus:extractDeepLinksForAarRelease (Thread[included builds,5,main]) started.
[        ] :device_info_plus:extractDeepLinksForAarRelease (Thread[included builds,5,main]) started.
[        ] > Task :device_info_plus:extractDeepLinksForAarRelease UP-TO-DATE
[        ] Caching disabled for task ':device_info_plus:extractDeepLinksForAarRelease' because:
[        ]   Build cache is disabled
[        ] Skipping task ':device_info_plus:extractDeepLinksForAarRelease' as it is up-to-date.
[   +1 ms] Resolve mutations for :device_info_plus:extractReleaseAnnotations (Thread[included builds,5,main]) started.
[        ] :device_info_plus:extractReleaseAnnotations (Thread[included builds,5,main]) started.
[  +82 ms] > Task :device_info_plus:extractReleaseAnnotations UP-TO-DATE
[        ] Caching disabled for task ':device_info_plus:extractReleaseAnnotations' because:
[        ]   Build cache is disabled
[        ] Skipping task ':device_info_plus:extractReleaseAnnotations' as it is up-to-date.
[        ] Resolve mutations for :device_info_plus:mergeReleaseConsumerProguardFiles (Thread[included builds,5,main]) started.
[        ] :device_info_plus:mergeReleaseConsumerProguardFiles (Thread[included builds,5,main]) started.
[        ] > Task :device_info_plus:mergeReleaseConsumerProguardFiles UP-TO-DATE
[        ] Caching disabled for task ':device_info_plus:mergeReleaseConsumerProguardFiles' because:
[        ]   Build cache is disabled
[        ]   Simple merging task
[        ] Skipping task ':device_info_plus:mergeReleaseConsumerProguardFiles' as it is up-to-date.
[        ] Resolve mutations for :device_info_plus:mergeReleaseJavaResource (Thread[included builds,5,main]) started.
[        ] :device_info_plus:mergeReleaseJavaResource (Thread[included builds,5,main]) started.
[        ] > Task :device_info_plus:mergeReleaseJavaResource UP-TO-DATE
[        ] Caching disabled for task ':device_info_plus:mergeReleaseJavaResource' because:
[        ]   Build cache is disabled
[        ]   Caching has been disabled for the task
[        ] Skipping task ':device_info_plus:mergeReleaseJavaResource' as it is up-to-date.
[        ] Resolve mutations for :device_info_plus:syncReleaseLibJars (Thread[included builds,5,main]) started.
[        ] :device_info_plus:syncReleaseLibJars (Thread[included builds,5,main]) started.
[        ] > Task :device_info_plus:syncReleaseLibJars UP-TO-DATE
[        ] Caching disabled for task ':device_info_plus:syncReleaseLibJars' because:
[        ]   Build cache is disabled
[        ] Skipping task ':device_info_plus:syncReleaseLibJars' as it is up-to-date.
[        ] Resolve mutations for :device_info_plus:bundleReleaseLocalLintAar (Thread[included builds,5,main]) started.
[        ] :device_info_plus:bundleReleaseLocalLintAar (Thread[included builds,5,main]) started.
[        ] > Task :device_info_plus:bundleReleaseLocalLintAar UP-TO-DATE
[        ] Caching disabled for task ':device_info_plus:bundleReleaseLocalLintAar' because:
[        ]   Build cache is disabled
[        ]   Caching has been disabled for the task
[        ] Skipping task ':device_info_plus:bundleReleaseLocalLintAar' as it is up-to-date.
[        ] work action resolve out.aar (project :device_info_plus) (Thread[included builds,5,main]) started.
[        ] work action resolve out.aar (project :device_info_plus) (Thread[included builds,5,main]) started.
[        ] ExtractAarTransform (Thread[included builds,5,main]) started.
[        ] Resolve mutations for :gallery_saver_plus:stripReleaseDebugSymbols (Thread[included builds,5,main]) started.
[        ] ExtractAarTransform (Thread[Execution worker Thread 2,5,main]) started.
[        ] :gallery_saver_plus:stripReleaseDebugSymbols (Thread[Execution worker Thread 2,5,main]) started.
[        ] > Task :gallery_saver_plus:stripReleaseDebugSymbols NO-SOURCE
[        ] Skipping task ':gallery_saver_plus:stripReleaseDebugSymbols' as it has no source files and no previous output files.
[        ] Resolve mutations for :gallery_saver_plus:copyReleaseJniLibsProjectAndLocalJars (Thread[Execution worker Thread 2,5,main]) started.
[        ] :gallery_saver_plus:copyReleaseJniLibsProjectAndLocalJars (Thread[included builds,5,main]) started.
[        ] > Task :gallery_saver_plus:copyReleaseJniLibsProjectAndLocalJars UP-TO-DATE
[        ] Caching disabled for task ':gallery_saver_plus:copyReleaseJniLibsProjectAndLocalJars' because:
[        ]   Build cache is disabled
[        ]   Caching has been disabled for the task
[        ] Skipping task ':gallery_saver_plus:copyReleaseJniLibsProjectAndLocalJars' as it is up-to-date.
[        ] Resolve mutations for :gallery_saver_plus:extractDeepLinksForAarRelease (Thread[Execution worker Thread 2,5,main]) started.
[        ] :gallery_saver_plus:extractDeepLinksForAarRelease (Thread[Execution worker Thread 2,5,main]) started.
[        ] > Task :gallery_saver_plus:extractDeepLinksForAarRelease UP-TO-DATE
[        ] Caching disabled for task ':gallery_saver_plus:extractDeepLinksForAarRelease' because:
[        ]   Build cache is disabled
[        ] Skipping task ':gallery_saver_plus:extractDeepLinksForAarRelease' as it is up-to-date.
[        ] Resolve mutations for :gallery_saver_plus:extractReleaseAnnotations (Thread[Execution worker Thread 2,5,main]) started.
[        ] :gallery_saver_plus:extractReleaseAnnotations (Thread[Execution worker Thread 2,5,main]) started.
[        ] > Task :gallery_saver_plus:extractReleaseAnnotations UP-TO-DATE
[        ] Caching disabled for task ':gallery_saver_plus:extractReleaseAnnotations' because:
[        ]   Build cache is disabled
[   +2 ms] Skipping task ':gallery_saver_plus:extractReleaseAnnotations' as it is up-to-date.
[        ] Resolve mutations for :gallery_saver_plus:mergeReleaseConsumerProguardFiles (Thread[included builds,5,main]) started.
[        ] :gallery_saver_plus:mergeReleaseConsumerProguardFiles (Thread[included builds,5,main]) started.
[        ] > Task :gallery_saver_plus:mergeReleaseConsumerProguardFiles UP-TO-DATE
[        ] Caching disabled for task ':gallery_saver_plus:mergeReleaseConsumerProguardFiles' because:
[        ]   Build cache is disabled
[        ]   Simple merging task
[   +2 ms] Skipping task ':gallery_saver_plus:mergeReleaseConsumerProguardFiles' as it is up-to-date.
[        ] Resolve mutations for :gallery_saver_plus:mergeReleaseJavaResource (Thread[included builds,5,main]) started.
[        ] :gallery_saver_plus:mergeReleaseJavaResource (Thread[included builds,5,main]) started.
[        ] > Task :gallery_saver_plus:mergeReleaseJavaResource UP-TO-DATE
[        ] Caching disabled for task ':gallery_saver_plus:mergeReleaseJavaResource' because:
[        ]   Build cache is disabled
[        ]   Caching has been disabled for the task
[        ] Skipping task ':gallery_saver_plus:mergeReleaseJavaResource' as it is up-to-date.
[        ] Resolve mutations for :gallery_saver_plus:syncReleaseLibJars (Thread[included builds,5,main]) started.
[        ] :gallery_saver_plus:syncReleaseLibJars (Thread[included builds,5,main]) started.
[        ] > Task :gallery_saver_plus:syncReleaseLibJars UP-TO-DATE
[        ] Caching disabled for task ':gallery_saver_plus:syncReleaseLibJars' because:
[        ]   Build cache is disabled
[        ] Skipping task ':gallery_saver_plus:syncReleaseLibJars' as it is up-to-date.
[        ] Resolve mutations for :gallery_saver_plus:bundleReleaseLocalLintAar (Thread[included builds,5,main]) started.
[        ] :gallery_saver_plus:bundleReleaseLocalLintAar (Thread[included builds,5,main]) started.
[        ] > Task :gallery_saver_plus:bundleReleaseLocalLintAar UP-TO-DATE
[        ] Caching disabled for task ':gallery_saver_plus:bundleReleaseLocalLintAar' because:
[        ]   Build cache is disabled
[        ]   Caching has been disabled for the task
[        ] Skipping task ':gallery_saver_plus:bundleReleaseLocalLintAar' as it is up-to-date.
[   +1 ms] work action resolve out.aar (project :gallery_saver_plus) (Thread[included builds,5,main]) started.
[        ] work action resolve out.aar (project :gallery_saver_plus) (Thread[included builds,5,main]) started.
[        ] ExtractAarTransform (Thread[included builds,5,main]) started.
[        ] Resolve mutations for :google_mobile_ads:stripReleaseDebugSymbols (Thread[included builds,5,main]) started.
[        ] :google_mobile_ads:stripReleaseDebugSymbols (Thread[included builds,5,main]) started.
[        ] > Task :google_mobile_ads:stripReleaseDebugSymbols NO-SOURCE
[        ] Skipping task ':google_mobile_ads:stripReleaseDebugSymbols' as it has no source files and no previous output files.
[        ] ExtractAarTransform (Thread[Execution worker Thread 2,5,main]) started.
[        ] Resolve mutations for :google_mobile_ads:copyReleaseJniLibsProjectAndLocalJars (Thread[included builds,5,main]) started.
[        ] :google_mobile_ads:copyReleaseJniLibsProjectAndLocalJars (Thread[included builds,5,main]) started.
[        ] > Task :google_mobile_ads:copyReleaseJniLibsProjectAndLocalJars UP-TO-DATE
[   +2 ms] Caching disabled for task ':google_mobile_ads:copyReleaseJniLibsProjectAndLocalJars' because:
[   +1 ms]   Build cache is disabled
[        ]   Caching has been disabled for the task
[        ] Skipping task ':google_mobile_ads:copyReleaseJniLibsProjectAndLocalJars' as it is up-to-date.
[        ] Resolve mutations for :google_mobile_ads:extractDeepLinksForAarRelease (Thread[included builds,5,main]) started.
[        ] :google_mobile_ads:extractDeepLinksForAarRelease (Thread[included builds,5,main]) started.
[        ] > Task :google_mobile_ads:extractDeepLinksForAarRelease UP-TO-DATE
[        ] Caching disabled for task ':google_mobile_ads:extractDeepLinksForAarRelease' because:
[        ]   Build cache is disabled
[        ] Skipping task ':google_mobile_ads:extractDeepLinksForAarRelease' as it is up-to-date.
[        ] Resolve mutations for :google_mobile_ads:extractReleaseAnnotations (Thread[included builds,5,main]) started.
[        ] :google_mobile_ads:extractReleaseAnnotations (Thread[included builds,5,main]) started.
[        ] > Task :google_mobile_ads:extractReleaseAnnotations UP-TO-DATE
[        ] Caching disabled for task ':google_mobile_ads:extractReleaseAnnotations' because:
[        ]   Build cache is disabled
[        ] Skipping task ':google_mobile_ads:extractReleaseAnnotations' as it is up-to-date.
[        ] Resolve mutations for :google_mobile_ads:mergeReleaseConsumerProguardFiles (Thread[included builds,5,main]) started.
[        ] :google_mobile_ads:mergeReleaseConsumerProguardFiles (Thread[included builds,5,main]) started.
[        ] > Task :google_mobile_ads:mergeReleaseConsumerProguardFiles UP-TO-DATE
[        ] Caching disabled for task ':google_mobile_ads:mergeReleaseConsumerProguardFiles' because:
[        ]   Build cache is disabled
[        ]   Simple merging task
[        ] Skipping task ':google_mobile_ads:mergeReleaseConsumerProguardFiles' as it is up-to-date.
[        ] Resolve mutations for :google_mobile_ads:mergeReleaseJavaResource (Thread[included builds,5,main]) started.
[        ] :google_mobile_ads:mergeReleaseJavaResource (Thread[included builds,5,main]) started.
[        ] > Task :google_mobile_ads:mergeReleaseJavaResource UP-TO-DATE
[        ] Caching disabled for task ':google_mobile_ads:mergeReleaseJavaResource' because:
[        ]   Build cache is disabled
[        ]   Caching has been disabled for the task
[        ] Skipping task ':google_mobile_ads:mergeReleaseJavaResource' as it is up-to-date.
[   +2 ms] Resolve mutations for :google_mobile_ads:syncReleaseLibJars (Thread[included builds,5,main]) started.
[        ] :google_mobile_ads:syncReleaseLibJars (Thread[included builds,5,main]) started.
[        ] > Task :google_mobile_ads:syncReleaseLibJars UP-TO-DATE
[        ] Caching disabled for task ':google_mobile_ads:syncReleaseLibJars' because:
[        ]   Build cache is disabled
[        ] Skipping task ':google_mobile_ads:syncReleaseLibJars' as it is up-to-date.
[        ] Resolve mutations for :google_mobile_ads:bundleReleaseLocalLintAar (Thread[included builds,5,main]) started.
[        ] :google_mobile_ads:bundleReleaseLocalLintAar (Thread[included builds,5,main]) started.
[        ] > Task :google_mobile_ads:bundleReleaseLocalLintAar UP-TO-DATE
[        ] Caching disabled for task ':google_mobile_ads:bundleReleaseLocalLintAar' because:
[        ]   Build cache is disabled
[        ]   Caching has been disabled for the task
[        ] Skipping task ':google_mobile_ads:bundleReleaseLocalLintAar' as it is up-to-date.
[        ] work action resolve out.aar (project :google_mobile_ads) (Thread[included builds,5,main]) started.
[        ] work action resolve out.aar (project :google_mobile_ads) (Thread[included builds,5,main]) started.
[        ] Resolve mutations for :jni_flutter:stripReleaseDebugSymbols (Thread[included builds,5,main]) started.
[        ] ExtractAarTransform (Thread[Execution worker,5,main]) started.
[        ] ExtractAarTransform (Thread[Execution worker Thread 2,5,main]) started.
[        ] :jni_flutter:stripReleaseDebugSymbols (Thread[included builds,5,main]) started.
[        ] > Task :jni_flutter:stripReleaseDebugSymbols NO-SOURCE
[        ] Skipping task ':jni_flutter:stripReleaseDebugSymbols' as it has no source files and no previous output files.
[        ] Resolve mutations for :jni_flutter:copyReleaseJniLibsProjectAndLocalJars (Thread[included builds,5,main]) started.
[        ] :jni_flutter:copyReleaseJniLibsProjectAndLocalJars (Thread[included builds,5,main]) started.
[        ] > Task :jni_flutter:copyReleaseJniLibsProjectAndLocalJars UP-TO-DATE
[        ] Caching disabled for task ':jni_flutter:copyReleaseJniLibsProjectAndLocalJars' because:
[        ]   Build cache is disabled
[        ]   Caching has been disabled for the task
[        ] Skipping task ':jni_flutter:copyReleaseJniLibsProjectAndLocalJars' as it is up-to-date.
[        ] Resolve mutations for :jni_flutter:extractDeepLinksForAarRelease (Thread[included builds,5,main]) started.
[        ] :jni_flutter:extractDeepLinksForAarRelease (Thread[included builds,5,main]) started.
[        ] > Task :jni_flutter:extractDeepLinksForAarRelease UP-TO-DATE
[        ] Caching disabled for task ':jni_flutter:extractDeepLinksForAarRelease' because:
[        ]   Build cache is disabled
[        ] Skipping task ':jni_flutter:extractDeepLinksForAarRelease' as it is up-to-date.
[        ] Resolve mutations for :jni_flutter:extractReleaseAnnotations (Thread[included builds,5,main]) started.
[        ] :jni_flutter:extractReleaseAnnotations (Thread[included builds,5,main]) started.
[        ] > Task :jni_flutter:extractReleaseAnnotations UP-TO-DATE
[        ] Caching disabled for task ':jni_flutter:extractReleaseAnnotations' because:
[        ]   Build cache is disabled
[        ] Skipping task ':jni_flutter:extractReleaseAnnotations' as it is up-to-date.
[        ] Resolve mutations for :jni_flutter:mergeReleaseConsumerProguardFiles (Thread[included builds,5,main]) started.
[        ] :jni_flutter:mergeReleaseConsumerProguardFiles (Thread[included builds,5,main]) started.
[  +63 ms] > Task :jni_flutter:mergeReleaseConsumerProguardFiles UP-TO-DATE
[        ] Caching disabled for task ':jni_flutter:mergeReleaseConsumerProguardFiles' because:
[        ]   Build cache is disabled
[        ]   Simple merging task
[        ] Skipping task ':jni_flutter:mergeReleaseConsumerProguardFiles' as it is up-to-date.
[        ] Resolve mutations for :jni_flutter:mergeReleaseJavaResource (Thread[included builds,5,main]) started.
[        ] :jni_flutter:mergeReleaseJavaResource (Thread[included builds,5,main]) started.
[        ] > Task :jni_flutter:mergeReleaseJavaResource UP-TO-DATE
[        ] Caching disabled for task ':jni_flutter:mergeReleaseJavaResource' because:
[        ]   Build cache is disabled
[        ]   Caching has been disabled for the task
[        ] Skipping task ':jni_flutter:mergeReleaseJavaResource' as it is up-to-date.
[        ] Resolve mutations for :jni_flutter:syncReleaseLibJars (Thread[included builds,5,main]) started.
[        ] :jni_flutter:syncReleaseLibJars (Thread[included builds,5,main]) started.
[        ] > Task :jni_flutter:syncReleaseLibJars UP-TO-DATE
[        ] Caching disabled for task ':jni_flutter:syncReleaseLibJars' because:
[        ]   Build cache is disabled
[        ] Skipping task ':jni_flutter:syncReleaseLibJars' as it is up-to-date.
[        ] Resolve mutations for :jni_flutter:bundleReleaseLocalLintAar (Thread[Execution worker,5,main]) started.
[        ] :jni_flutter:bundleReleaseLocalLintAar (Thread[Execution worker,5,main]) started.
[        ] > Task :jni_flutter:bundleReleaseLocalLintAar UP-TO-DATE
[        ] Caching disabled for task ':jni_flutter:bundleReleaseLocalLintAar' because:
[        ]   Build cache is disabled
[        ]   Caching has been disabled for the task
[   +2 ms] Skipping task ':jni_flutter:bundleReleaseLocalLintAar' as it is up-to-date.
[        ] work action resolve out.aar (project :jni_flutter) (Thread[Execution worker,5,main]) started.
[        ] work action resolve out.aar (project :jni_flutter) (Thread[Execution worker,5,main]) started.
[        ] ExtractAarTransform (Thread[Execution worker,5,main]) started.
[        ] Resolve mutations for :jni:stripReleaseDebugSymbols (Thread[Execution worker,5,main]) started.
[        ] :jni:stripReleaseDebugSymbols (Thread[Execution worker,5,main]) started.
[        ] ExtractAarTransform (Thread[included builds,5,main]) started.
[        ] > Task :jni:stripReleaseDebugSymbols UP-TO-DATE
[        ] Caching disabled for task ':jni:stripReleaseDebugSymbols' because:
[        ]   Build cache is disabled
[        ]   Caching has been disabled for the task
[        ] Skipping task ':jni:stripReleaseDebugSymbols' as it is up-to-date.
[        ] Resolve mutations for :jni:copyReleaseJniLibsProjectAndLocalJars (Thread[Execution worker,5,main]) started.
[        ] :jni:copyReleaseJniLibsProjectAndLocalJars (Thread[Execution worker,5,main]) started.
[        ] > Task :jni:copyReleaseJniLibsProjectAndLocalJars UP-TO-DATE
[        ] Caching disabled for task ':jni:copyReleaseJniLibsProjectAndLocalJars' because:
[        ]   Build cache is disabled
[        ]   Caching has been disabled for the task
[        ] Skipping task ':jni:copyReleaseJniLibsProjectAndLocalJars' as it is up-to-date.
[        ] Resolve mutations for :jni:extractDeepLinksForAarRelease (Thread[included builds,5,main]) started.
[        ] :jni:extractDeepLinksForAarRelease (Thread[Execution worker Thread 3,5,main]) started.
[        ] > Task :jni:extractDeepLinksForAarRelease UP-TO-DATE
[        ] Caching disabled for task ':jni:extractDeepLinksForAarRelease' because:
[        ]   Build cache is disabled
[        ] Skipping task ':jni:extractDeepLinksForAarRelease' as it is up-to-date.
[        ] Resolve mutations for :jni:extractReleaseAnnotations (Thread[Execution worker Thread 3,5,main]) started.
[        ] :jni:extractReleaseAnnotations (Thread[Execution worker Thread 3,5,main]) started.
[        ] > Task :jni:extractReleaseAnnotations UP-TO-DATE
[        ] Caching disabled for task ':jni:extractReleaseAnnotations' because:
[        ]   Build cache is disabled
[        ] Skipping task ':jni:extractReleaseAnnotations' as it is up-to-date.
[        ] Resolve mutations for :jni:mergeReleaseConsumerProguardFiles (Thread[included builds,5,main]) started.
[        ] :jni:mergeReleaseConsumerProguardFiles (Thread[included builds,5,main]) started.
[        ] > Task :jni:mergeReleaseConsumerProguardFiles UP-TO-DATE
[        ] Caching disabled for task ':jni:mergeReleaseConsumerProguardFiles' because:
[        ]   Build cache is disabled
[        ]   Simple merging task
[        ] Skipping task ':jni:mergeReleaseConsumerProguardFiles' as it is up-to-date.
[        ] Resolve mutations for :jni:mergeReleaseJavaResource (Thread[included builds,5,main]) started.
[        ] :jni:mergeReleaseJavaResource (Thread[included builds,5,main]) started.
[        ] > Task :jni:mergeReleaseJavaResource UP-TO-DATE
[        ] Caching disabled for task ':jni:mergeReleaseJavaResource' because:
[        ]   Build cache is disabled
[        ]   Caching has been disabled for the task
[        ] Skipping task ':jni:mergeReleaseJavaResource' as it is up-to-date.
[        ] Resolve mutations for :jni:syncReleaseLibJars (Thread[included builds,5,main]) started.
[        ] :jni:syncReleaseLibJars (Thread[included builds,5,main]) started.
[        ] > Task :jni:syncReleaseLibJars UP-TO-DATE
[        ] Caching disabled for task ':jni:syncReleaseLibJars' because:
[        ]   Build cache is disabled
[        ] Skipping task ':jni:syncReleaseLibJars' as it is up-to-date.
[        ] Resolve mutations for :jni:bundleReleaseLocalLintAar (Thread[included builds,5,main]) started.
[        ] :jni:bundleReleaseLocalLintAar (Thread[included builds,5,main]) started.
[        ] > Task :jni:bundleReleaseLocalLintAar UP-TO-DATE
[        ] Caching disabled for task ':jni:bundleReleaseLocalLintAar' because:
[        ]   Build cache is disabled
[        ]   Caching has been disabled for the task
[        ] Skipping task ':jni:bundleReleaseLocalLintAar' as it is up-to-date.
[        ] work action resolve out.aar (project :jni) (Thread[included builds,5,main]) started.
[        ] work action resolve out.aar (project :jni) (Thread[included builds,5,main]) started.
[        ] ExtractAarTransform (Thread[Execution worker,5,main]) started.
[        ] Resolve mutations for :permission_handler_android:stripReleaseDebugSymbols (Thread[included builds,5,main]) started.
[        ] ExtractAarTransform (Thread[Execution worker,5,main]) started.
[        ] :permission_handler_android:stripReleaseDebugSymbols (Thread[included builds,5,main]) started.
[        ] ExtractAarTransform (Thread[Execution worker,5,main]) started.
[        ] ExtractAarTransform (Thread[Execution worker Thread 3,5,main]) started.
[        ] > Task :permission_handler_android:stripReleaseDebugSymbols NO-SOURCE
[        ] Skipping task ':permission_handler_android:stripReleaseDebugSymbols' as it has no source files and no previous output files.
[        ] Resolve mutations for :permission_handler_android:copyReleaseJniLibsProjectAndLocalJars (Thread[included builds,5,main]) started.
[        ] :permission_handler_android:copyReleaseJniLibsProjectAndLocalJars (Thread[included builds,5,main]) started.
[        ] > Task :permission_handler_android:copyReleaseJniLibsProjectAndLocalJars UP-TO-DATE
[        ] Caching disabled for task ':permission_handler_android:copyReleaseJniLibsProjectAndLocalJars' because:
[        ]   Build cache is disabled
[        ]   Caching has been disabled for the task
[        ] Skipping task ':permission_handler_android:copyReleaseJniLibsProjectAndLocalJars' as it is up-to-date.
[        ] Resolve mutations for :permission_handler_android:extractDeepLinksForAarRelease (Thread[included builds,5,main]) started.
[        ] :permission_handler_android:extractDeepLinksForAarRelease (Thread[included builds,5,main]) started.
[        ] > Task :permission_handler_android:extractDeepLinksForAarRelease UP-TO-DATE
[        ] Caching disabled for task ':permission_handler_android:extractDeepLinksForAarRelease' because:
[        ]   Build cache is disabled
[        ] Skipping task ':permission_handler_android:extractDeepLinksForAarRelease' as it is up-to-date.
[        ] Resolve mutations for :permission_handler_android:extractReleaseAnnotations (Thread[included builds,5,main]) started.
[        ] :permission_handler_android:extractReleaseAnnotations (Thread[included builds,5,main]) started.
[        ] > Task :permission_handler_android:extractReleaseAnnotations UP-TO-DATE
[        ] Caching disabled for task ':permission_handler_android:extractReleaseAnnotations' because:
[        ]   Build cache is disabled
[        ] Skipping task ':permission_handler_android:extractReleaseAnnotations' as it is up-to-date.
[        ] Resolve mutations for :permission_handler_android:mergeReleaseConsumerProguardFiles (Thread[included builds,5,main]) started.
[        ] :permission_handler_android:mergeReleaseConsumerProguardFiles (Thread[included builds,5,main]) started.
[        ] > Task :permission_handler_android:mergeReleaseConsumerProguardFiles UP-TO-DATE
[        ] Caching disabled for task ':permission_handler_android:mergeReleaseConsumerProguardFiles' because:
[        ]   Build cache is disabled
[        ]   Simple merging task
[        ] Skipping task ':permission_handler_android:mergeReleaseConsumerProguardFiles' as it is up-to-date.
[        ] Resolve mutations for :permission_handler_android:mergeReleaseJavaResource (Thread[included builds,5,main]) started.
[        ] :permission_handler_android:mergeReleaseJavaResource (Thread[included builds,5,main]) started.
[        ] > Task :permission_handler_android:mergeReleaseJavaResource UP-TO-DATE
[        ] Caching disabled for task ':permission_handler_android:mergeReleaseJavaResource' because:
[        ]   Build cache is disabled
[        ]   Caching has been disabled for the task
[        ] Skipping task ':permission_handler_android:mergeReleaseJavaResource' as it is up-to-date.
[        ] Resolve mutations for :permission_handler_android:syncReleaseLibJars (Thread[included builds,5,main]) started.
[        ] :permission_handler_android:syncReleaseLibJars (Thread[included builds,5,main]) started.
[        ] > Task :permission_handler_android:syncReleaseLibJars UP-TO-DATE
[        ] Caching disabled for task ':permission_handler_android:syncReleaseLibJars' because:
[        ]   Build cache is disabled
[        ] Skipping task ':permission_handler_android:syncReleaseLibJars' as it is up-to-date.
[        ] Resolve mutations for :permission_handler_android:bundleReleaseLocalLintAar (Thread[included builds,5,main]) started.
[        ] :permission_handler_android:bundleReleaseLocalLintAar (Thread[included builds,5,main]) started.
[        ] > Task :permission_handler_android:bundleReleaseLocalLintAar UP-TO-DATE
[        ] Caching disabled for task ':permission_handler_android:bundleReleaseLocalLintAar' because:
[        ]   Build cache is disabled
[        ]   Caching has been disabled for the task
[        ] Skipping task ':permission_handler_android:bundleReleaseLocalLintAar' as it is up-to-date.
[        ] work action resolve out.aar (project :permission_handler_android) (Thread[Execution worker Thread 3,5,main]) started.
[        ] work action resolve out.aar (project :permission_handler_android) (Thread[Execution worker Thread 2,5,main]) started.
[        ] ExtractAarTransform (Thread[Execution worker Thread 2,5,main]) started.
[        ] Resolve mutations for :saf:stripReleaseDebugSymbols (Thread[Execution worker Thread 2,5,main]) started.
[        ] :saf:stripReleaseDebugSymbols (Thread[Execution worker Thread 2,5,main]) started.
[        ] > Task :saf:stripReleaseDebugSymbols NO-SOURCE
[        ] Skipping task ':saf:stripReleaseDebugSymbols' as it has no source files and no previous output files.
[        ] Resolve mutations for :saf:copyReleaseJniLibsProjectAndLocalJars (Thread[Execution worker Thread 2,5,main]) started.
[        ] :saf:copyReleaseJniLibsProjectAndLocalJars (Thread[Execution worker Thread 2,5,main]) started.
[        ] ExtractAarTransform (Thread[Execution worker,5,main]) started.
[        ] > Task :saf:copyReleaseJniLibsProjectAndLocalJars UP-TO-DATE
[        ] Caching disabled for task ':saf:copyReleaseJniLibsProjectAndLocalJars' because:
[        ]   Build cache is disabled
[        ]   Caching has been disabled for the task
[        ] Skipping task ':saf:copyReleaseJniLibsProjectAndLocalJars' as it is up-to-date.
[        ] Resolve mutations for :saf:extractDeepLinksForAarRelease (Thread[Execution worker,5,main]) started.
[        ] :saf:extractDeepLinksForAarRelease (Thread[Execution worker,5,main]) started.
[        ] > Task :saf:extractDeepLinksForAarRelease UP-TO-DATE
[        ] Caching disabled for task ':saf:extractDeepLinksForAarRelease' because:
[        ]   Build cache is disabled
[        ] Skipping task ':saf:extractDeepLinksForAarRelease' as it is up-to-date.
[        ] Resolve mutations for :saf:extractReleaseAnnotations (Thread[Execution worker Thread 2,5,main]) started.
[        ] :saf:extractReleaseAnnotations (Thread[Execution worker Thread 2,5,main]) started.
[        ] > Task :saf:extractReleaseAnnotations UP-TO-DATE
[        ] Caching disabled for task ':saf:extractReleaseAnnotations' because:
[        ]   Build cache is disabled
[        ] Skipping task ':saf:extractReleaseAnnotations' as it is up-to-date.
[        ] Resolve mutations for :saf:mergeReleaseConsumerProguardFiles (Thread[included builds,5,main]) started.
[        ] :saf:mergeReleaseConsumerProguardFiles (Thread[included builds,5,main]) started.
[  +76 ms] > Task :saf:mergeReleaseConsumerProguardFiles UP-TO-DATE
[        ] Caching disabled for task ':saf:mergeReleaseConsumerProguardFiles' because:
[        ]   Build cache is disabled
[        ]   Simple merging task
[        ] Skipping task ':saf:mergeReleaseConsumerProguardFiles' as it is up-to-date.
[        ] Resolve mutations for :saf:mergeReleaseJavaResource (Thread[Execution worker Thread 2,5,main]) started.
[        ] :saf:mergeReleaseJavaResource (Thread[Execution worker Thread 2,5,main]) started.
[        ] > Task :saf:mergeReleaseJavaResource UP-TO-DATE
[        ] Caching disabled for task ':saf:mergeReleaseJavaResource' because:
[        ]   Build cache is disabled
[        ]   Caching has been disabled for the task
[        ] Skipping task ':saf:mergeReleaseJavaResource' as it is up-to-date.
[        ] Resolve mutations for :saf:syncReleaseLibJars (Thread[Execution worker Thread 2,5,main]) started.
[        ] :saf:syncReleaseLibJars (Thread[Execution worker Thread 2,5,main]) started.
[        ] > Task :saf:syncReleaseLibJars UP-TO-DATE
[        ] Caching disabled for task ':saf:syncReleaseLibJars' because:
[        ]   Build cache is disabled
[        ] Skipping task ':saf:syncReleaseLibJars' as it is up-to-date.
[        ] Resolve mutations for :saf:bundleReleaseLocalLintAar (Thread[included builds,5,main]) started.
[        ] :saf:bundleReleaseLocalLintAar (Thread[included builds,5,main]) started.
[        ] > Task :saf:bundleReleaseLocalLintAar UP-TO-DATE
[        ] Caching disabled for task ':saf:bundleReleaseLocalLintAar' because:
[        ]   Build cache is disabled
[        ]   Caching has been disabled for the task
[        ] Skipping task ':saf:bundleReleaseLocalLintAar' as it is up-to-date.
[        ] work action resolve out.aar (project :saf) (Thread[included builds,5,main]) started.
[        ] work action resolve out.aar (project :saf) (Thread[included builds,5,main]) started.
[        ] ExtractAarTransform (Thread[included builds,5,main]) started.
[        ] Resolve mutations for :video_player_android:stripReleaseDebugSymbols (Thread[included builds,5,main]) started.
[        ] ExtractAarTransform (Thread[Execution worker,5,main]) started.
[        ] :video_player_android:stripReleaseDebugSymbols (Thread[included builds,5,main]) started.
[        ] > Task :video_player_android:stripReleaseDebugSymbols NO-SOURCE
[        ] Skipping task ':video_player_android:stripReleaseDebugSymbols' as it has no source files and no previous output files.
[        ] Resolve mutations for :video_player_android:copyReleaseJniLibsProjectAndLocalJars (Thread[included builds,5,main]) started.
[        ] :video_player_android:copyReleaseJniLibsProjectAndLocalJars (Thread[included builds,5,main]) started.
[        ] > Task :video_player_android:copyReleaseJniLibsProjectAndLocalJars UP-TO-DATE
[   +1 ms] Caching disabled for task ':video_player_android:copyReleaseJniLibsProjectAndLocalJars' because:
[        ]   Build cache is disabled
[        ]   Caching has been disabled for the task
[        ] Skipping task ':video_player_android:copyReleaseJniLibsProjectAndLocalJars' as it is up-to-date.
[        ] Resolve mutations for :video_player_android:extractDeepLinksForAarRelease (Thread[Execution worker Thread 3,5,main]) started.
[        ] :video_player_android:extractDeepLinksForAarRelease (Thread[Execution worker Thread 3,5,main]) started.
[        ] > Task :video_player_android:extractDeepLinksForAarRelease UP-TO-DATE
[        ] Caching disabled for task ':video_player_android:extractDeepLinksForAarRelease' because:
[        ]   Build cache is disabled
[        ] Skipping task ':video_player_android:extractDeepLinksForAarRelease' as it is up-to-date.
[        ] Resolve mutations for :video_player_android:extractReleaseAnnotations (Thread[included builds,5,main]) started.
[        ] :video_player_android:extractReleaseAnnotations (Thread[included builds,5,main]) started.
[        ] > Task :video_player_android:extractReleaseAnnotations UP-TO-DATE
[        ] Caching disabled for task ':video_player_android:extractReleaseAnnotations' because:
[        ]   Build cache is disabled
[        ] Skipping task ':video_player_android:extractReleaseAnnotations' as it is up-to-date.
[        ] Resolve mutations for :video_player_android:mergeReleaseConsumerProguardFiles (Thread[included builds,5,main]) started.
[        ] :video_player_android:mergeReleaseConsumerProguardFiles (Thread[included builds,5,main]) started.
[        ] > Task :video_player_android:mergeReleaseConsumerProguardFiles UP-TO-DATE
[        ] Caching disabled for task ':video_player_android:mergeReleaseConsumerProguardFiles' because:
[        ]   Build cache is disabled
[        ]   Simple merging task
[        ] Skipping task ':video_player_android:mergeReleaseConsumerProguardFiles' as it is up-to-date.
[        ] Resolve mutations for :video_player_android:mergeReleaseJavaResource (Thread[included builds,5,main]) started.
[   +1 ms] :video_player_android:mergeReleaseJavaResource (Thread[included builds,5,main]) started.
[        ] > Task :video_player_android:mergeReleaseJavaResource UP-TO-DATE
[        ] Caching disabled for task ':video_player_android:mergeReleaseJavaResource' because:
[        ]   Build cache is disabled
[        ]   Caching has been disabled for the task
[        ] Skipping task ':video_player_android:mergeReleaseJavaResource' as it is up-to-date.
[        ] Resolve mutations for :video_player_android:syncReleaseLibJars (Thread[Execution worker Thread 3,5,main]) started.
[        ] :video_player_android:syncReleaseLibJars (Thread[Execution worker Thread 3,5,main]) started.
[        ] > Task :video_player_android:syncReleaseLibJars UP-TO-DATE
[        ] Caching disabled for task ':video_player_android:syncReleaseLibJars' because:
[        ]   Build cache is disabled
[        ] Skipping task ':video_player_android:syncReleaseLibJars' as it is up-to-date.
[        ] Resolve mutations for :video_player_android:bundleReleaseLocalLintAar (Thread[Execution worker Thread 3,5,main]) started.
[        ] :video_player_android:bundleReleaseLocalLintAar (Thread[Execution worker Thread 3,5,main]) started.
[        ] > Task :video_player_android:bundleReleaseLocalLintAar UP-TO-DATE
[        ] Caching disabled for task ':video_player_android:bundleReleaseLocalLintAar' because:
[        ]   Build cache is disabled
[        ]   Caching has been disabled for the task
[        ] Skipping task ':video_player_android:bundleReleaseLocalLintAar' as it is up-to-date.
[        ] work action resolve out.aar (project :video_player_android) (Thread[Execution worker Thread 3,5,main]) started.
[        ] work action resolve out.aar (project :video_player_android) (Thread[Execution worker Thread 3,5,main]) started.
[        ] ExtractAarTransform (Thread[included builds,5,main]) started.
[        ] ExtractAarTransform (Thread[Execution worker Thread 2,5,main]) started.
[        ] Resolve mutations for :video_thumbnail_plus:stripReleaseDebugSymbols (Thread[Execution worker,5,main]) started.
[        ] :video_thumbnail_plus:stripReleaseDebugSymbols (Thread[Execution worker,5,main]) started.
[        ] > Task :video_thumbnail_plus:stripReleaseDebugSymbols NO-SOURCE
[        ] Skipping task ':video_thumbnail_plus:stripReleaseDebugSymbols' as it has no source files and no previous output files.
[        ] Resolve mutations for :video_thumbnail_plus:copyReleaseJniLibsProjectAndLocalJars (Thread[Execution worker Thread 3,5,main]) started.
[        ] :video_thumbnail_plus:copyReleaseJniLibsProjectAndLocalJars (Thread[Execution worker Thread 3,5,main]) started.
[        ] > Task :video_thumbnail_plus:copyReleaseJniLibsProjectAndLocalJars UP-TO-DATE
[        ] Caching disabled for task ':video_thumbnail_plus:copyReleaseJniLibsProjectAndLocalJars' because:
[        ]   Build cache is disabled
[        ]   Caching has been disabled for the task
[        ] Skipping task ':video_thumbnail_plus:copyReleaseJniLibsProjectAndLocalJars' as it is up-to-date.
[        ] Resolve mutations for :video_thumbnail_plus:extractDeepLinksForAarRelease (Thread[Execution worker Thread 3,5,main]) started.
[        ] :video_thumbnail_plus:extractDeepLinksForAarRelease (Thread[Execution worker Thread 3,5,main]) started.
[        ] > Task :video_thumbnail_plus:extractDeepLinksForAarRelease UP-TO-DATE
[        ] Caching disabled for task ':video_thumbnail_plus:extractDeepLinksForAarRelease' because:
[        ]   Build cache is disabled
[        ] Skipping task ':video_thumbnail_plus:extractDeepLinksForAarRelease' as it is up-to-date.
[        ] Resolve mutations for :video_thumbnail_plus:extractReleaseAnnotations (Thread[Execution worker Thread 3,5,main]) started.
[        ] :video_thumbnail_plus:extractReleaseAnnotations (Thread[Execution worker Thread 3,5,main]) started.
[        ] > Task :video_thumbnail_plus:extractReleaseAnnotations UP-TO-DATE
[        ] Caching disabled for task ':video_thumbnail_plus:extractReleaseAnnotations' because:
[        ]   Build cache is disabled
[        ] Skipping task ':video_thumbnail_plus:extractReleaseAnnotations' as it is up-to-date.
[        ] Resolve mutations for :video_thumbnail_plus:mergeReleaseConsumerProguardFiles (Thread[Execution worker Thread 2,5,main]) started.
[        ] :video_thumbnail_plus:mergeReleaseConsumerProguardFiles (Thread[Execution worker Thread 2,5,main]) started.
[        ] > Task :video_thumbnail_plus:mergeReleaseConsumerProguardFiles UP-TO-DATE
[        ] Caching disabled for task ':video_thumbnail_plus:mergeReleaseConsumerProguardFiles' because:
[        ]   Build cache is disabled
[        ]   Simple merging task
[        ] Skipping task ':video_thumbnail_plus:mergeReleaseConsumerProguardFiles' as it is up-to-date.
[        ] Resolve mutations for :video_thumbnail_plus:mergeReleaseJavaResource (Thread[Execution worker Thread 2,5,main]) started.
[        ] :video_thumbnail_plus:mergeReleaseJavaResource (Thread[Execution worker Thread 2,5,main]) started.
[        ] > Task :video_thumbnail_plus:mergeReleaseJavaResource UP-TO-DATE
[        ] Caching disabled for task ':video_thumbnail_plus:mergeReleaseJavaResource' because:
[        ]   Build cache is disabled
[        ]   Caching has been disabled for the task
[        ] Skipping task ':video_thumbnail_plus:mergeReleaseJavaResource' as it is up-to-date.
[        ] Resolve mutations for :video_thumbnail_plus:syncReleaseLibJars (Thread[Execution worker Thread 2,5,main]) started.
[        ] :video_thumbnail_plus:syncReleaseLibJars (Thread[Execution worker Thread 2,5,main]) started.
[        ] > Task :video_thumbnail_plus:syncReleaseLibJars UP-TO-DATE
[        ] Caching disabled for task ':video_thumbnail_plus:syncReleaseLibJars' because:
[        ]   Build cache is disabled
[   +1 ms] Skipping task ':video_thumbnail_plus:syncReleaseLibJars' as it is up-to-date.
[        ] Resolve mutations for :video_thumbnail_plus:bundleReleaseLocalLintAar (Thread[Execution worker Thread 2,5,main]) started.
[        ] :video_thumbnail_plus:bundleReleaseLocalLintAar (Thread[Execution worker Thread 2,5,main]) started.
[        ] > Task :video_thumbnail_plus:bundleReleaseLocalLintAar UP-TO-DATE
[        ] Caching disabled for task ':video_thumbnail_plus:bundleReleaseLocalLintAar' because:
[        ]   Build cache is disabled
[        ]   Caching has been disabled for the task
[        ] Skipping task ':video_thumbnail_plus:bundleReleaseLocalLintAar' as it is up-to-date.
[        ] work action resolve out.aar (project :video_thumbnail_plus) (Thread[Execution worker Thread 2,5,main]) started.
[        ] work action resolve out.aar (project :video_thumbnail_plus) (Thread[Execution worker Thread 2,5,main]) started.
[        ] ExtractAarTransform (Thread[Execution worker Thread 2,5,main]) started.
[        ] Resolve mutations for :webview_flutter_android:stripReleaseDebugSymbols (Thread[Execution worker Thread 2,5,main]) started.
[        ] ExtractAarTransform (Thread[Execution worker,5,main]) started.
[        ] :webview_flutter_android:stripReleaseDebugSymbols (Thread[Execution worker Thread 2,5,main]) started.
[        ] > Task :webview_flutter_android:stripReleaseDebugSymbols NO-SOURCE
[        ] Skipping task ':webview_flutter_android:stripReleaseDebugSymbols' as it has no source files and no previous output files.
[        ] Resolve mutations for :webview_flutter_android:copyReleaseJniLibsProjectAndLocalJars (Thread[Execution worker Thread 2,5,main]) started.
[        ] :webview_flutter_android:copyReleaseJniLibsProjectAndLocalJars (Thread[Execution worker Thread 2,5,main]) started.
[        ] > Task :webview_flutter_android:copyReleaseJniLibsProjectAndLocalJars UP-TO-DATE
[        ] Caching disabled for task ':webview_flutter_android:copyReleaseJniLibsProjectAndLocalJars' because:
[        ]   Build cache is disabled
[        ]   Caching has been disabled for the task
[        ] Skipping task ':webview_flutter_android:copyReleaseJniLibsProjectAndLocalJars' as it is up-to-date.
[        ] Resolve mutations for :webview_flutter_android:extractDeepLinksForAarRelease (Thread[Execution worker Thread 2,5,main]) started.
[        ] :webview_flutter_android:extractDeepLinksForAarRelease (Thread[Execution worker Thread 2,5,main]) started.
[        ] > Task :webview_flutter_android:extractDeepLinksForAarRelease UP-TO-DATE
[        ] Caching disabled for task ':webview_flutter_android:extractDeepLinksForAarRelease' because:
[        ]   Build cache is disabled
[        ] Skipping task ':webview_flutter_android:extractDeepLinksForAarRelease' as it is up-to-date.
[        ] Resolve mutations for :webview_flutter_android:extractReleaseAnnotations (Thread[Execution worker Thread 2,5,main]) started.
[   +2 ms] :webview_flutter_android:extractReleaseAnnotations (Thread[Execution worker Thread 2,5,main]) started.
[  +79 ms] > Task :webview_flutter_android:extractReleaseAnnotations UP-TO-DATE
[        ] Caching disabled for task ':webview_flutter_android:extractReleaseAnnotations' because:
[        ]   Build cache is disabled
[        ] Skipping task ':webview_flutter_android:extractReleaseAnnotations' as it is up-to-date.
[        ] Resolve mutations for :webview_flutter_android:mergeReleaseConsumerProguardFiles (Thread[Execution worker Thread 2,5,main]) started.
[        ] :webview_flutter_android:mergeReleaseConsumerProguardFiles (Thread[Execution worker Thread 2,5,main]) started.
[        ] > Task :webview_flutter_android:mergeReleaseConsumerProguardFiles UP-TO-DATE
[        ] Caching disabled for task ':webview_flutter_android:mergeReleaseConsumerProguardFiles' because:
[        ]   Build cache is disabled
[        ]   Simple merging task
[        ] Skipping task ':webview_flutter_android:mergeReleaseConsumerProguardFiles' as it is up-to-date.
[        ] Resolve mutations for :webview_flutter_android:mergeReleaseJavaResource (Thread[Execution worker Thread 2,5,main]) started.
[        ] :webview_flutter_android:mergeReleaseJavaResource (Thread[Execution worker Thread 2,5,main]) started.
[        ] > Task :webview_flutter_android:mergeReleaseJavaResource UP-TO-DATE
[        ] Caching disabled for task ':webview_flutter_android:mergeReleaseJavaResource' because:
[        ]   Build cache is disabled
[        ]   Caching has been disabled for the task
[        ] Skipping task ':webview_flutter_android:mergeReleaseJavaResource' as it is up-to-date.
[        ] Resolve mutations for :webview_flutter_android:syncReleaseLibJars (Thread[Execution worker Thread 2,5,main]) started.
[        ] :webview_flutter_android:syncReleaseLibJars (Thread[Execution worker Thread 2,5,main]) started.
[        ] > Task :webview_flutter_android:syncReleaseLibJars UP-TO-DATE
[        ] Caching disabled for task ':webview_flutter_android:syncReleaseLibJars' because:
[   +4 ms]   Build cache is disabled
[        ] Skipping task ':webview_flutter_android:syncReleaseLibJars' as it is up-to-date.
[        ] Resolve mutations for :webview_flutter_android:bundleReleaseLocalLintAar (Thread[Execution worker Thread 3,5,main]) started.
[        ] :webview_flutter_android:bundleReleaseLocalLintAar (Thread[Execution worker Thread 3,5,main]) started.
[        ] > Task :webview_flutter_android:bundleReleaseLocalLintAar UP-TO-DATE
[        ] Caching disabled for task ':webview_flutter_android:bundleReleaseLocalLintAar' because:
[        ]   Build cache is disabled
[        ]   Caching has been disabled for the task
[        ] Skipping task ':webview_flutter_android:bundleReleaseLocalLintAar' as it is up-to-date.
[        ] work action resolve out.aar (project :webview_flutter_android) (Thread[Execution worker Thread 2,5,main]) started.
[        ] work action resolve out.aar (project :webview_flutter_android) (Thread[Execution worker Thread 2,5,main]) started.
[        ] ExtractAarTransform (Thread[Execution worker,5,main]) started.
[        ] ExtractAarTransform (Thread[Execution worker Thread 2,5,main]) started.
[        ] Resolve mutations for :device_info_plus:lintVitalAnalyzeRelease (Thread[Execution worker,5,main]) started.
[        ] ExtractAarTransform (Thread[Execution worker Thread 3,5,main]) started.
[        ] ExtractAarTransform (Thread[Execution worker Thread 2,5,main]) started.
[        ] :device_info_plus:lintVitalAnalyzeRelease (Thread[Execution worker,5,main]) started.
[        ] Resolve mutations for :device_info_plus:writeReleaseLintModelMetadata (Thread[included builds,5,main]) started.
[        ] :device_info_plus:writeReleaseLintModelMetadata (Thread[included builds,5,main]) started.
[        ] > Task :device_info_plus:writeReleaseLintModelMetadata UP-TO-DATE
[        ] Caching disabled for task ':device_info_plus:writeReleaseLintModelMetadata' because:
[        ]   Build cache is disabled
[        ]   Caching has been disabled for the task
[        ] Skipping task ':device_info_plus:writeReleaseLintModelMetadata' as it is up-to-date.
[        ] work action resolve lint-model-metadata.properties (project :device_info_plus) (Thread[included builds,5,main]) started.
[        ] work action resolve lint-model-metadata.properties (project :device_info_plus) (Thread[included builds,5,main]) started.
[        ] Resolve mutations for :gallery_saver_plus:lintVitalAnalyzeRelease (Thread[included builds,5,main]) started.
[        ] :gallery_saver_plus:lintVitalAnalyzeRelease (Thread[Execution worker Thread 2,5,main]) started.
[  +92 ms] Resolve mutations for :gallery_saver_plus:writeReleaseLintModelMetadata (Thread[included builds,5,main]) started.
[        ] :gallery_saver_plus:writeReleaseLintModelMetadata (Thread[Execution worker Thread 3,5,main]) started.
[        ] > Task :gallery_saver_plus:writeReleaseLintModelMetadata UP-TO-DATE
[        ] Caching disabled for task ':gallery_saver_plus:writeReleaseLintModelMetadata' because:
[        ]   Build cache is disabled
[        ]   Caching has been disabled for the task
[        ] Skipping task ':gallery_saver_plus:writeReleaseLintModelMetadata' as it is up-to-date.
[        ] work action resolve lint-model-metadata.properties (project :gallery_saver_plus) (Thread[Execution worker Thread 3,5,main]) started.
[        ] work action resolve lint-model-metadata.properties (project :gallery_saver_plus) (Thread[Execution worker Thread 3,5,main]) started.
[        ] Resolve mutations for :webview_flutter_android:writeReleaseLintModelMetadata (Thread[Execution worker Thread 3,5,main]) started.
[        ] :webview_flutter_android:writeReleaseLintModelMetadata (Thread[Execution worker Thread 3,5,main]) started.
[        ] > Task :webview_flutter_android:writeReleaseLintModelMetadata UP-TO-DATE
[        ] Caching disabled for task ':webview_flutter_android:writeReleaseLintModelMetadata' because:
[        ]   Build cache is disabled
[        ]   Caching has been disabled for the task
[        ] Skipping task ':webview_flutter_android:writeReleaseLintModelMetadata' as it is up-to-date.
[        ] work action resolve lint-model-metadata.properties (project :webview_flutter_android) (Thread[Execution worker Thread 3,5,main]) started.
[        ] work action resolve lint-model-metadata.properties (project :webview_flutter_android) (Thread[Execution worker Thread 3,5,main]) started.
[        ] Resolve mutations for :google_mobile_ads:lintVitalAnalyzeRelease (Thread[Execution worker Thread 3,5,main]) started.
[   +6 ms] :google_mobile_ads:lintVitalAnalyzeRelease (Thread[Execution worker Thread 3,5,main]) started.
[        ] Resolve mutations for :google_mobile_ads:writeReleaseLintModelMetadata (Thread[included builds,5,main]) started.
[        ] :google_mobile_ads:writeReleaseLintModelMetadata (Thread[included builds,5,main]) started.
[        ] > Task :google_mobile_ads:writeReleaseLintModelMetadata UP-TO-DATE
[        ] Caching disabled for task ':google_mobile_ads:writeReleaseLintModelMetadata' because:
[        ]   Build cache is disabled
[        ]   Caching has been disabled for the task
[        ] Skipping task ':google_mobile_ads:writeReleaseLintModelMetadata' as it is up-to-date.
[        ] work action resolve lint-model-metadata.properties (project :google_mobile_ads) (Thread[included builds,5,main]) started.
[        ] work action resolve lint-model-metadata.properties (project :google_mobile_ads) (Thread[included builds,5,main]) started.
[        ] Resolve mutations for :jni:lintVitalAnalyzeRelease (Thread[included builds,5,main]) started.
[        ] :jni:lintVitalAnalyzeRelease (Thread[included builds,5,main]) started.
[+1188 ms] > Task :jni:lintVitalAnalyzeRelease
[        ] Caching disabled for task ':jni:lintVitalAnalyzeRelease' because:
[        ]   Build cache is disabled
[        ] Task ':jni:lintVitalAnalyzeRelease' is not up-to-date because:
[        ]   Value of input property 'printStackTrace' has changed for task ':jni:lintVitalAnalyzeRelease'
[        ] Android Lint: Reusing lint classloader 31.11.1_true
[        ] work action resolve out (project :jni) (Thread[included builds,5,main]) started.
[        ] work action resolve out (project :jni) (Thread[included builds,5,main]) started.
[        ] Resolve mutations for :jni:writeReleaseLintModelMetadata (Thread[included builds,5,main]) started.
[        ] :jni:writeReleaseLintModelMetadata (Thread[included builds,5,main]) started.
[        ] > Task :jni:writeReleaseLintModelMetadata UP-TO-DATE
[        ] Caching disabled for task ':jni:writeReleaseLintModelMetadata' because:
[        ]   Build cache is disabled
[        ]   Caching has been disabled for the task
[        ] Skipping task ':jni:writeReleaseLintModelMetadata' as it is up-to-date.
[ +298 ms] work action resolve lint-model-metadata.properties (project :jni) (Thread[included builds,5,main]) started.
[        ] work action resolve lint-model-metadata.properties (project :jni) (Thread[included builds,5,main]) started.
[        ] Resolve mutations for :jni_flutter:lintVitalAnalyzeRelease (Thread[included builds,5,main]) started.
[  +99 ms] :jni_flutter:lintVitalAnalyzeRelease (Thread[included builds,5,main]) started.
[ +300 ms] > Task :jni_flutter:lintVitalAnalyzeRelease
[        ] Caching disabled for task ':jni_flutter:lintVitalAnalyzeRelease' because:
[        ]   Build cache is disabled
[        ] Task ':jni_flutter:lintVitalAnalyzeRelease' is not up-to-date because:
[        ]   Value of input property 'printStackTrace' has changed for task ':jni_flutter:lintVitalAnalyzeRelease'
[        ] Android Lint: Reusing lint classloader 31.11.1_true
[        ] work action resolve out (project :jni_flutter) (Thread[included builds,5,main]) started.
[        ] work action resolve out (project :jni_flutter) (Thread[included builds,5,main]) started.
[        ] Resolve mutations for :jni_flutter:writeReleaseLintModelMetadata (Thread[included builds,5,main]) started.
[        ] :jni_flutter:writeReleaseLintModelMetadata (Thread[included builds,5,main]) started.
[        ] > Task :jni_flutter:writeReleaseLintModelMetadata UP-TO-DATE
[        ] Caching disabled for task ':jni_flutter:writeReleaseLintModelMetadata' because:
[        ]   Build cache is disabled
[        ]   Caching has been disabled for the task
[        ] Skipping task ':jni_flutter:writeReleaseLintModelMetadata' as it is up-to-date.
[        ] work action resolve lint-model-metadata.properties (project :jni_flutter) (Thread[included builds,5,main]) started.
[        ] work action resolve lint-model-metadata.properties (project :jni_flutter) (Thread[included builds,5,main]) started.
[   +6 ms] Resolve mutations for :permission_handler_android:lintVitalAnalyzeRelease (Thread[included builds,5,main]) started.
[        ] :permission_handler_android:lintVitalAnalyzeRelease (Thread[included builds,5,main]) started.
[        ] > Task :device_info_plus:lintVitalAnalyzeRelease
[        ] Caching disabled for task ':device_info_plus:lintVitalAnalyzeRelease' because:
[        ]   Build cache is disabled
[        ] Task ':device_info_plus:lintVitalAnalyzeRelease' is not up-to-date because:
[        ]   Value of input property 'printStackTrace' has changed for task ':device_info_plus:lintVitalAnalyzeRelease'
[        ] Android Lint: Reusing lint classloader 31.11.1_true
[ +788 ms] > Task :permission_handler_android:lintVitalAnalyzeRelease
[        ] Caching disabled for task ':permission_handler_android:lintVitalAnalyzeRelease' because:
[   +5 ms]   Build cache is disabled
[        ] Task ':permission_handler_android:lintVitalAnalyzeRelease' is not up-to-date because:
[        ]   Value of input property 'printStackTrace' has changed for task ':permission_handler_android:lintVitalAnalyzeRelease'
[        ] Android Lint: Reusing lint classloader 31.11.1_true
[        ] work action resolve out (project :permission_handler_android) (Thread[included builds,5,main]) started.
[        ] work action resolve out (project :permission_handler_android) (Thread[included builds,5,main]) started.
[        ] Resolve mutations for :permission_handler_android:writeReleaseLintModelMetadata (Thread[included builds,5,main]) started.
[        ] :permission_handler_android:writeReleaseLintModelMetadata (Thread[included builds,5,main]) started.
[        ] > Task :permission_handler_android:writeReleaseLintModelMetadata UP-TO-DATE
[        ] Caching disabled for task ':permission_handler_android:writeReleaseLintModelMetadata' because:
[        ]   Build cache is disabled
[        ]   Caching has been disabled for the task
[        ] Skipping task ':permission_handler_android:writeReleaseLintModelMetadata' as it is up-to-date.
[        ] work action resolve lint-model-metadata.properties (project :permission_handler_android) (Thread[included builds,5,main]) started.
[        ] work action resolve lint-model-metadata.properties (project :permission_handler_android) (Thread[included builds,5,main]) started.
[        ] Resolve mutations for :saf:lintVitalAnalyzeRelease (Thread[included builds,5,main]) started.
[        ] :saf:lintVitalAnalyzeRelease (Thread[included builds,5,main]) started.
[        ] > Task :gallery_saver_plus:lintVitalAnalyzeRelease
[        ] Caching disabled for task ':gallery_saver_plus:lintVitalAnalyzeRelease' because:
[        ]   Build cache is disabled
[        ] Task ':gallery_saver_plus:lintVitalAnalyzeRelease' is not up-to-date because:
[        ]   Value of input property 'printStackTrace' has changed for task ':gallery_saver_plus:lintVitalAnalyzeRelease'
[        ] Android Lint: Reusing lint classloader 31.11.1_true
[+1692 ms] work action resolve out (project :device_info_plus) (Thread[Execution worker,5,main]) started.
[        ] work action resolve out (project :device_info_plus) (Thread[Execution worker,5,main]) started.
[        ] Resolve mutations for :saf:writeReleaseLintModelMetadata (Thread[Execution worker,5,main]) started.
[        ] :saf:writeReleaseLintModelMetadata (Thread[Execution worker,5,main]) started.
[        ] > Task :saf:writeReleaseLintModelMetadata UP-TO-DATE
[        ] Caching disabled for task ':saf:writeReleaseLintModelMetadata' because:
[        ]   Build cache is disabled
[        ]   Caching has been disabled for the task
[        ] Skipping task ':saf:writeReleaseLintModelMetadata' as it is up-to-date.
[        ] work action resolve lint-model-metadata.properties (project :saf) (Thread[Execution worker,5,main]) started.
[        ] work action resolve lint-model-metadata.properties (project :saf) (Thread[Execution worker,5,main]) started.
[        ] Resolve mutations for :video_player_android:lintVitalAnalyzeRelease (Thread[Execution worker,5,main]) started.
[        ] :video_player_android:lintVitalAnalyzeRelease (Thread[Execution worker,5,main]) started.
[        ] > Task :google_mobile_ads:lintVitalAnalyzeRelease
[        ] Caching disabled for task ':google_mobile_ads:lintVitalAnalyzeRelease' because:
[        ]   Build cache is disabled
[        ] Task ':google_mobile_ads:lintVitalAnalyzeRelease' is not up-to-date because:
[        ]   Value of input property 'printStackTrace' has changed for task ':google_mobile_ads:lintVitalAnalyzeRelease'
[        ] Android Lint: Reusing lint classloader 31.11.1_true
[ +201 ms] work action resolve out (project :google_mobile_ads) (Thread[Execution worker Thread 3,5,main]) started.
[        ] work action resolve out (project :google_mobile_ads) (Thread[Execution worker Thread 3,5,main]) started.
[        ] Resolve mutations for :video_player_android:writeReleaseLintModelMetadata (Thread[Execution worker Thread 3,5,main]) started.
[        ] :video_player_android:writeReleaseLintModelMetadata (Thread[Execution worker Thread 3,5,main]) started.
[        ] > Task :video_player_android:writeReleaseLintModelMetadata UP-TO-DATE
[        ] Caching disabled for task ':video_player_android:writeReleaseLintModelMetadata' because:
[        ]   Build cache is disabled
[        ]   Caching has been disabled for the task
[        ] Skipping task ':video_player_android:writeReleaseLintModelMetadata' as it is up-to-date.
[        ] work action resolve lint-model-metadata.properties (project :video_player_android) (Thread[Execution worker Thread 3,5,main]) started.
[        ] work action resolve lint-model-metadata.properties (project :video_player_android) (Thread[Execution worker Thread 3,5,main]) started.
[        ] Resolve mutations for :video_thumbnail_plus:lintVitalAnalyzeRelease (Thread[Execution worker Thread 3,5,main]) started.
[        ] :video_thumbnail_plus:lintVitalAnalyzeRelease (Thread[Execution worker Thread 3,5,main]) started.
[  +94 ms] > Task :saf:lintVitalAnalyzeRelease
[        ] Caching disabled for task ':saf:lintVitalAnalyzeRelease' because:
[        ]   Build cache is disabled
[        ] Task ':saf:lintVitalAnalyzeRelease' is not up-to-date because:
[        ]   Value of input property 'printStackTrace' has changed for task ':saf:lintVitalAnalyzeRelease'
[        ] Android Lint: Reusing lint classloader 31.11.1_true
[+1400 ms] work action resolve out (project :gallery_saver_plus) (Thread[Execution worker Thread 2,5,main]) started.
[        ] work action resolve out (project :gallery_saver_plus) (Thread[Execution worker Thread 2,5,main]) started.
[        ] Resolve mutations for :video_thumbnail_plus:writeReleaseLintModelMetadata (Thread[Execution worker Thread 2,5,main]) started.
[        ] :video_thumbnail_plus:writeReleaseLintModelMetadata (Thread[Execution worker Thread 2,5,main]) started.
[        ] > Task :video_thumbnail_plus:writeReleaseLintModelMetadata UP-TO-DATE
[        ] Caching disabled for task ':video_thumbnail_plus:writeReleaseLintModelMetadata' because:
[        ]   Build cache is disabled
[        ]   Caching has been disabled for the task
[        ] Skipping task ':video_thumbnail_plus:writeReleaseLintModelMetadata' as it is up-to-date.
[        ] work action resolve lint-model-metadata.properties (project :video_thumbnail_plus) (Thread[Execution worker Thread 2,5,main]) started.
[        ] work action resolve lint-model-metadata.properties (project :video_thumbnail_plus) (Thread[Execution worker Thread 2,5,main]) started.
[        ] Resolve mutations for :webview_flutter_android:lintVitalAnalyzeRelease (Thread[Execution worker Thread 2,5,main]) started.
[        ] :webview_flutter_android:lintVitalAnalyzeRelease (Thread[Execution worker Thread 2,5,main]) started.
[ +297 ms] > Task :video_player_android:lintVitalAnalyzeRelease
[        ] Caching disabled for task ':video_player_android:lintVitalAnalyzeRelease' because:
[        ]   Build cache is disabled
[        ] Task ':video_player_android:lintVitalAnalyzeRelease' is not up-to-date because:
[        ]   Value of input property 'printStackTrace' has changed for task ':video_player_android:lintVitalAnalyzeRelease'
[        ] Android Lint: Reusing lint classloader 31.11.1_true
[+1599 ms] > Task :video_thumbnail_plus:lintVitalAnalyzeRelease
[        ] Caching disabled for task ':video_thumbnail_plus:lintVitalAnalyzeRelease' because:
[        ]   Build cache is disabled
[        ] Task ':video_thumbnail_plus:lintVitalAnalyzeRelease' is not up-to-date because:
[        ]   Value of input property 'printStackTrace' has changed for task ':video_thumbnail_plus:lintVitalAnalyzeRelease'
[        ] Android Lint: Reusing lint classloader 31.11.1_true
[        ] work action resolve out (project :video_thumbnail_plus) (Thread[Execution worker Thread 3,5,main]) started.
[        ] work action resolve out (project :video_thumbnail_plus) (Thread[Execution worker Thread 3,5,main]) started.
[        ] Resolve mutations for :device_info_plus:generateReleaseLintVitalModel (Thread[Execution worker Thread 3,5,main]) started.
[ +101 ms] :device_info_plus:generateReleaseLintVitalModel (Thread[Execution worker Thread 3,5,main]) started.
[        ] > Task :device_info_plus:generateReleaseLintVitalModel UP-TO-DATE
[        ] Caching disabled for task ':device_info_plus:generateReleaseLintVitalModel' because:
[        ]   Build cache is disabled
[        ]   Caching has been disabled for the task
[        ] Skipping task ':device_info_plus:generateReleaseLintVitalModel' as it is up-to-date.
[        ] work action resolve generateReleaseLintVitalModel (project :device_info_plus) (Thread[Execution worker Thread 3,5,main]) started.
[        ] work action resolve generateReleaseLintVitalModel (project :device_info_plus) (Thread[Execution worker Thread 3,5,main]) started.
[        ] Resolve mutations for :gallery_saver_plus:generateReleaseLintVitalModel (Thread[Execution worker Thread 3,5,main]) started.
[        ] :gallery_saver_plus:generateReleaseLintVitalModel (Thread[Execution worker Thread 3,5,main]) started.
[   +1 ms] > Task :gallery_saver_plus:generateReleaseLintVitalModel UP-TO-DATE
[        ] Caching disabled for task ':gallery_saver_plus:generateReleaseLintVitalModel' because:
[        ]   Build cache is disabled
[        ]   Caching has been disabled for the task
[        ] Skipping task ':gallery_saver_plus:generateReleaseLintVitalModel' as it is up-to-date.
[        ] work action resolve generateReleaseLintVitalModel (project :gallery_saver_plus) (Thread[Execution worker Thread 3,5,main]) started.
[        ] work action resolve generateReleaseLintVitalModel (project :gallery_saver_plus) (Thread[Execution worker Thread 3,5,main]) started.
[        ] Resolve mutations for :google_mobile_ads:generateReleaseLintVitalModel (Thread[Execution worker Thread 3,5,main]) started.
[        ] :google_mobile_ads:generateReleaseLintVitalModel (Thread[Execution worker Thread 3,5,main]) started.
[        ] > Task :google_mobile_ads:generateReleaseLintVitalModel UP-TO-DATE
[        ] Caching disabled for task ':google_mobile_ads:generateReleaseLintVitalModel' because:
[        ]   Build cache is disabled
[        ]   Caching has been disabled for the task
[        ] Skipping task ':google_mobile_ads:generateReleaseLintVitalModel' as it is up-to-date.
[        ] work action resolve generateReleaseLintVitalModel (project :google_mobile_ads) (Thread[Execution worker Thread 3,5,main]) started.
[        ] work action resolve generateReleaseLintVitalModel (project :google_mobile_ads) (Thread[Execution worker Thread 3,5,main]) started.
[        ] Resolve mutations for :jni:generateReleaseLintVitalModel (Thread[Execution worker Thread 3,5,main]) started.
[        ] > Task :webview_flutter_android:lintVitalAnalyzeRelease
[        ] Caching disabled for task ':webview_flutter_android:lintVitalAnalyzeRelease' because:
[        ]   Build cache is disabled
[   +2 ms] Task ':webview_flutter_android:lintVitalAnalyzeRelease' is not up-to-date because:
[        ]   Value of input property 'printStackTrace' has changed for task ':webview_flutter_android:lintVitalAnalyzeRelease'
[        ] Android Lint: Reusing lint classloader 31.11.1_true
[  +93 ms] :jni:generateReleaseLintVitalModel (Thread[Execution worker Thread 3,5,main]) started.
[        ] > Task :jni:generateReleaseLintVitalModel UP-TO-DATE
[        ] Caching disabled for task ':jni:generateReleaseLintVitalModel' because:
[        ]   Build cache is disabled
[        ]   Caching has been disabled for the task
[        ] Skipping task ':jni:generateReleaseLintVitalModel' as it is up-to-date.
[        ] work action resolve generateReleaseLintVitalModel (project :jni) (Thread[Execution worker Thread 3,5,main]) started.
[        ] work action resolve generateReleaseLintVitalModel (project :jni) (Thread[Execution worker Thread 3,5,main]) started.
[        ] Resolve mutations for :jni_flutter:generateReleaseLintVitalModel (Thread[Execution worker Thread 3,5,main]) started.
[        ] :jni_flutter:generateReleaseLintVitalModel (Thread[Execution worker Thread 3,5,main]) started.
[        ] > Task :jni_flutter:generateReleaseLintVitalModel UP-TO-DATE
[        ] Caching disabled for task ':jni_flutter:generateReleaseLintVitalModel' because:
[   +2 ms]   Build cache is disabled
[        ]   Caching has been disabled for the task
[        ] Skipping task ':jni_flutter:generateReleaseLintVitalModel' as it is up-to-date.
[        ] work action resolve generateReleaseLintVitalModel (project :jni_flutter) (Thread[Execution worker Thread 3,5,main]) started.
[        ] work action resolve generateReleaseLintVitalModel (project :jni_flutter) (Thread[Execution worker Thread 3,5,main]) started.
[        ] Resolve mutations for :permission_handler_android:generateReleaseLintVitalModel (Thread[Execution worker Thread 3,5,main]) started.
[        ] :permission_handler_android:generateReleaseLintVitalModel (Thread[Execution worker Thread 3,5,main]) started.
[        ] > Task :permission_handler_android:generateReleaseLintVitalModel UP-TO-DATE
[        ] Caching disabled for task ':permission_handler_android:generateReleaseLintVitalModel' because:
[        ]   Build cache is disabled
[   +6 ms]   Caching has been disabled for the task
[        ] Skipping task ':permission_handler_android:generateReleaseLintVitalModel' as it is up-to-date.
[        ] work action resolve generateReleaseLintVitalModel (project :permission_handler_android) (Thread[Execution worker Thread 3,5,main]) started.
[        ] work action resolve generateReleaseLintVitalModel (project :permission_handler_android) (Thread[Execution worker Thread 3,5,main]) started.
[        ] Resolve mutations for :saf:generateReleaseLintVitalModel (Thread[Execution worker Thread 3,5,main]) started.
[        ] :saf:generateReleaseLintVitalModel (Thread[Execution worker Thread 3,5,main]) started.
[        ] > Task :saf:generateReleaseLintVitalModel UP-TO-DATE
[        ] Caching disabled for task ':saf:generateReleaseLintVitalModel' because:
[        ]   Build cache is disabled
[        ]   Caching has been disabled for the task
[        ] Skipping task ':saf:generateReleaseLintVitalModel' as it is up-to-date.
[        ] work action resolve generateReleaseLintVitalModel (project :saf) (Thread[Execution worker Thread 3,5,main]) started.
[        ] work action resolve generateReleaseLintVitalModel (project :saf) (Thread[Execution worker Thread 3,5,main]) started.
[        ] Resolve mutations for :video_player_android:generateReleaseLintVitalModel (Thread[Execution worker Thread 3,5,main]) started.
[        ] :video_player_android:generateReleaseLintVitalModel (Thread[Execution worker Thread 3,5,main]) started.
[        ] > Task :video_player_android:generateReleaseLintVitalModel UP-TO-DATE
[   +3 ms] Caching disabled for task ':video_player_android:generateReleaseLintVitalModel' because:
[        ]   Build cache is disabled
[        ]   Caching has been disabled for the task
[        ] Skipping task ':video_player_android:generateReleaseLintVitalModel' as it is up-to-date.
[        ] work action resolve generateReleaseLintVitalModel (project :video_player_android) (Thread[Execution worker Thread 3,5,main]) started.
[        ] work action resolve generateReleaseLintVitalModel (project :video_player_android) (Thread[Execution worker Thread 3,5,main]) started.
[        ] Resolve mutations for :video_thumbnail_plus:generateReleaseLintVitalModel (Thread[Execution worker Thread 3,5,main]) started.
[        ] :video_thumbnail_plus:generateReleaseLintVitalModel (Thread[Execution worker Thread 3,5,main]) started.
[  +82 ms] > Task :video_thumbnail_plus:generateReleaseLintVitalModel UP-TO-DATE
[        ] Caching disabled for task ':video_thumbnail_plus:generateReleaseLintVitalModel' because:
[        ]   Build cache is disabled
[        ]   Caching has been disabled for the task
[        ] Skipping task ':video_thumbnail_plus:generateReleaseLintVitalModel' as it is up-to-date.
[        ] work action resolve generateReleaseLintVitalModel (project :video_thumbnail_plus) (Thread[Execution worker Thread 3,5,main]) started.
[        ] work action resolve generateReleaseLintVitalModel (project :video_thumbnail_plus) (Thread[Execution worker Thread 3,5,main]) started.
[        ] Resolve mutations for :webview_flutter_android:generateReleaseLintVitalModel (Thread[Execution worker Thread 3,5,main]) started.
[        ] :webview_flutter_android:generateReleaseLintVitalModel (Thread[Execution worker Thread 3,5,main]) started.
[        ] > Task :webview_flutter_android:generateReleaseLintVitalModel UP-TO-DATE
[        ] Caching disabled for task ':webview_flutter_android:generateReleaseLintVitalModel' because:
[        ]   Build cache is disabled
[        ]   Caching has been disabled for the task
[        ] Skipping task ':webview_flutter_android:generateReleaseLintVitalModel' as it is up-to-date.
[        ] work action resolve generateReleaseLintVitalModel (project :webview_flutter_android) (Thread[Execution worker Thread 3,5,main]) started.
[        ] work action resolve generateReleaseLintVitalModel (project :webview_flutter_android) (Thread[Execution worker Thread 3,5,main]) started.
[        ] Resolve mutations for :app:convertShrunkResourcesToBinaryRelease (Thread[Execution worker Thread 3,5,main]) started.
[        ] :app:convertShrunkResourcesToBinaryRelease (Thread[Execution worker Thread 3,5,main]) started.
[   +9 ms] > Task :app:convertShrunkResourcesToBinaryRelease UP-TO-DATE
[        ] Custom actions are attached to task ':app:convertShrunkResourcesToBinaryRelease'.
[        ] Caching disabled for task ':app:convertShrunkResourcesToBinaryRelease' because:
[        ]   Build cache is disabled
[        ] Skipping task ':app:convertShrunkResourcesToBinaryRelease' as it is up-to-date.
[        ] Resolve mutations for :app:optimizeReleaseResources (Thread[Execution worker Thread 3,5,main]) started.
[        ] :app:optimizeReleaseResources (Thread[Execution worker Thread 3,5,main]) started.
[        ] > Task :app:optimizeReleaseResources UP-TO-DATE
[        ] Custom actions are attached to task ':app:optimizeReleaseResources'.
[        ] Caching disabled for task ':app:optimizeReleaseResources' because:
[        ]   Build cache is disabled
[        ] Skipping task ':app:optimizeReleaseResources' as it is up-to-date.
[        ] Resolve mutations for :app:collectReleaseDependencies (Thread[Execution worker Thread 3,5,main]) started.
[        ] :app:collectReleaseDependencies (Thread[Execution worker Thread 3,5,main]) started.
[        ] > Task :app:collectReleaseDependencies UP-TO-DATE
[        ] Caching disabled for task ':app:collectReleaseDependencies' because:
[        ]   Build cache is disabled
[        ]   Caching has been disabled for the task
[        ] Skipping task ':app:collectReleaseDependencies' as it is up-to-date.
[        ] Resolve mutations for :app:sdkReleaseDependencyData (Thread[Execution worker Thread 3,5,main]) started.
[        ] :app:sdkReleaseDependencyData (Thread[Execution worker Thread 3,5,main]) started.
[        ] > Task :app:sdkReleaseDependencyData UP-TO-DATE
[        ] Caching disabled for task ':app:sdkReleaseDependencyData' because:
[        ]   Build cache is disabled
[        ]   Caching has been disabled for the task
[        ] Skipping task ':app:sdkReleaseDependencyData' as it is up-to-date.
[        ] Resolve mutations for :app:validateSigningRelease (Thread[Execution worker Thread 3,5,main]) started.
[        ] :app:validateSigningRelease (Thread[Execution worker Thread 3,5,main]) started.
[        ] > Task :app:validateSigningRelease UP-TO-DATE
[   +8 ms] Caching disabled for task ':app:validateSigningRelease' because:
[        ]   Build cache is disabled
[        ]   Caching has been disabled for the task
[        ] Skipping task ':app:validateSigningRelease' as it is up-to-date.
[        ] Resolve mutations for :app:writeReleaseAppMetadata (Thread[Execution worker Thread 3,5,main]) started.
[        ] :app:writeReleaseAppMetadata (Thread[Execution worker Thread 3,5,main]) started.
[        ] > Task :app:writeReleaseAppMetadata UP-TO-DATE
[        ] Caching disabled for task ':app:writeReleaseAppMetadata' because:
[        ]   Build cache is disabled
[        ]   Caching has been disabled for the task
[        ] Skipping task ':app:writeReleaseAppMetadata' as it is up-to-date.
[        ] Resolve mutations for :app:writeReleaseSigningConfigVersions (Thread[Execution worker Thread 3,5,main]) started.
[        ] :app:writeReleaseSigningConfigVersions (Thread[Execution worker Thread 3,5,main]) started.
[        ] > Task :app:writeReleaseSigningConfigVersions UP-TO-DATE
[   +1 ms] Caching disabled for task ':app:writeReleaseSigningConfigVersions' because:
[   +6 ms]   Build cache is disabled
[        ]   Caching has been disabled for the task
[        ] Skipping task ':app:writeReleaseSigningConfigVersions' as it is up-to-date.
[        ] Resolve mutations for :device_info_plus:bundleReleaseAar (Thread[Execution worker Thread 3,5,main]) started.
[        ] :device_info_plus:bundleReleaseAar (Thread[Execution worker Thread 3,5,main]) started.
[        ] > Task :device_info_plus:bundleReleaseAar UP-TO-DATE
[        ] Caching disabled for task ':device_info_plus:bundleReleaseAar' because:
[        ]   Build cache is disabled
[        ]   Caching has been disabled for the task
[        ] Skipping task ':device_info_plus:bundleReleaseAar' as it is up-to-date.
[        ] Resolve mutations for :device_info_plus:mapReleaseSourceSetPaths (Thread[Execution worker Thread 3,5,main]) started.
[        ] :device_info_plus:mapReleaseSourceSetPaths (Thread[Execution worker Thread 3,5,main]) started.
[        ] > Task :device_info_plus:mapReleaseSourceSetPaths UP-TO-DATE
[        ] Caching disabled for task ':device_info_plus:mapReleaseSourceSetPaths' because:
[        ]   Build cache is disabled
[        ]   Caching has been disabled for the task
[        ] Skipping task ':device_info_plus:mapReleaseSourceSetPaths' as it is up-to-date.
[        ] Resolve mutations for :device_info_plus:mergeReleaseResources (Thread[Execution worker Thread 3,5,main]) started.
[        ] :device_info_plus:mergeReleaseResources (Thread[Execution worker Thread 3,5,main]) started.
[        ] > Task :device_info_plus:mergeReleaseResources UP-TO-DATE
[        ] Caching disabled for task ':device_info_plus:mergeReleaseResources' because:
[   +4 ms]   Build cache is disabled
[        ] Skipping task ':device_info_plus:mergeReleaseResources' as it is up-to-date.
[        ] Resolve mutations for :device_info_plus:verifyReleaseResources (Thread[Execution worker Thread 3,5,main]) started.
[        ] :device_info_plus:verifyReleaseResources (Thread[Execution worker Thread 3,5,main]) started.
[        ] > Task :device_info_plus:verifyReleaseResources UP-TO-DATE
[        ] Caching disabled for task ':device_info_plus:verifyReleaseResources' because:
[        ]   Build cache is disabled
[        ] Skipping task ':device_info_plus:verifyReleaseResources' as it is up-to-date.
[        ] Resolve mutations for :device_info_plus:assembleRelease (Thread[Execution worker Thread 3,5,main]) started.
[        ] :device_info_plus:assembleRelease (Thread[Execution worker Thread 3,5,main]) started.
[        ] > Task :device_info_plus:assembleRelease UP-TO-DATE
[        ] Skipping task ':device_info_plus:assembleRelease' as it has no actions.
[        ] Resolve mutations for :gallery_saver_plus:bundleReleaseAar (Thread[Execution worker Thread 3,5,main]) started.
[        ] :gallery_saver_plus:bundleReleaseAar (Thread[Execution worker Thread 3,5,main]) started.
[        ] > Task :gallery_saver_plus:bundleReleaseAar UP-TO-DATE
[        ] Caching disabled for task ':gallery_saver_plus:bundleReleaseAar' because:
[        ]   Build cache is disabled
[   +7 ms]   Caching has been disabled for the task
[        ] Skipping task ':gallery_saver_plus:bundleReleaseAar' as it is up-to-date.
[        ] Resolve mutations for :gallery_saver_plus:mapReleaseSourceSetPaths (Thread[Execution worker Thread 3,5,main]) started.
[        ] :gallery_saver_plus:mapReleaseSourceSetPaths (Thread[Execution worker Thread 3,5,main]) started.
[        ] > Task :gallery_saver_plus:mapReleaseSourceSetPaths UP-TO-DATE
[        ] Caching disabled for task ':gallery_saver_plus:mapReleaseSourceSetPaths' because:
[        ]   Build cache is disabled
[        ]   Caching has been disabled for the task
[        ] Skipping task ':gallery_saver_plus:mapReleaseSourceSetPaths' as it is up-to-date.
[        ] Resolve mutations for :gallery_saver_plus:mergeReleaseResources (Thread[Execution worker Thread 3,5,main]) started.
[        ] :gallery_saver_plus:mergeReleaseResources (Thread[Execution worker Thread 3,5,main]) started.
[  +48 ms] > Task :gallery_saver_plus:mergeReleaseResources UP-TO-DATE
[        ] Caching disabled for task ':gallery_saver_plus:mergeReleaseResources' because:
[        ]   Build cache is disabled
[        ] Skipping task ':gallery_saver_plus:mergeReleaseResources' as it is up-to-date.
[        ] Resolve mutations for :gallery_saver_plus:verifyReleaseResources (Thread[Execution worker Thread 3,5,main]) started.
[        ] :gallery_saver_plus:verifyReleaseResources (Thread[Execution worker Thread 3,5,main]) started.
[        ] > Task :gallery_saver_plus:verifyReleaseResources UP-TO-DATE
[        ] Caching disabled for task ':gallery_saver_plus:verifyReleaseResources' because:
[        ]   Build cache is disabled
[        ] Skipping task ':gallery_saver_plus:verifyReleaseResources' as it is up-to-date.
[        ] Resolve mutations for :gallery_saver_plus:assembleRelease (Thread[Execution worker Thread 3,5,main]) started.
[        ] :gallery_saver_plus:assembleRelease (Thread[Execution worker Thread 3,5,main]) started.
[        ] > Task :gallery_saver_plus:assembleRelease UP-TO-DATE
[        ] Skipping task ':gallery_saver_plus:assembleRelease' as it has no actions.
[   +5 ms] Resolve mutations for :google_mobile_ads:bundleReleaseAar (Thread[Execution worker Thread 3,5,main]) started.
[        ] :google_mobile_ads:bundleReleaseAar (Thread[Execution worker Thread 3,5,main]) started.
[        ] > Task :google_mobile_ads:bundleReleaseAar UP-TO-DATE
[        ] Caching disabled for task ':google_mobile_ads:bundleReleaseAar' because:
[        ]   Build cache is disabled
[        ]   Caching has been disabled for the task
[        ] Skipping task ':google_mobile_ads:bundleReleaseAar' as it is up-to-date.
[        ] Resolve mutations for :google_mobile_ads:mapReleaseSourceSetPaths (Thread[Execution worker Thread 3,5,main]) started.
[        ] :google_mobile_ads:mapReleaseSourceSetPaths (Thread[Execution worker Thread 3,5,main]) started.
[        ] > Task :google_mobile_ads:mapReleaseSourceSetPaths UP-TO-DATE
[        ] Caching disabled for task ':google_mobile_ads:mapReleaseSourceSetPaths' because:
[        ]   Build cache is disabled
[        ]   Caching has been disabled for the task
[        ] Skipping task ':google_mobile_ads:mapReleaseSourceSetPaths' as it is up-to-date.
[        ] Resolve mutations for :google_mobile_ads:mergeReleaseResources (Thread[Execution worker Thread 3,5,main]) started.
[        ] :google_mobile_ads:mergeReleaseResources (Thread[Execution worker Thread 3,5,main]) started.
[  +88 ms] > Task :google_mobile_ads:mergeReleaseResources UP-TO-DATE
[        ] Caching disabled for task ':google_mobile_ads:mergeReleaseResources' because:
[        ]   Build cache is disabled
[        ] Skipping task ':google_mobile_ads:mergeReleaseResources' as it is up-to-date.
[        ] Resolve mutations for :webview_flutter_android:compileReleaseLibraryResources (Thread[Execution worker Thread 3,5,main]) started.
[        ] :webview_flutter_android:compileReleaseLibraryResources (Thread[Execution worker Thread 3,5,main]) started.
[        ] > Task :webview_flutter_android:compileReleaseLibraryResources UP-TO-DATE
[        ] Caching disabled for task ':webview_flutter_android:compileReleaseLibraryResources' because:
[        ]   Build cache is disabled
[        ] Skipping task ':webview_flutter_android:compileReleaseLibraryResources' as it is up-to-date.
[        ] work action resolve out (project :webview_flutter_android) (Thread[Execution worker Thread 3,5,main]) started.
[        ] Resolve mutations for :google_mobile_ads:verifyReleaseResources (Thread[Execution worker Thread 3,5,main]) started.
[        ] :google_mobile_ads:verifyReleaseResources (Thread[Execution worker Thread 3,5,main]) started.
[        ] > Task :google_mobile_ads:verifyReleaseResources UP-TO-DATE
[        ] Caching disabled for task ':google_mobile_ads:verifyReleaseResources' because:
[        ]   Build cache is disabled
[        ] Skipping task ':google_mobile_ads:verifyReleaseResources' as it is up-to-date.
[        ] Resolve mutations for :google_mobile_ads:assembleRelease (Thread[Execution worker Thread 3,5,main]) started.
[        ] :google_mobile_ads:assembleRelease (Thread[Execution worker Thread 3,5,main]) started.
[   +5 ms] > Task :google_mobile_ads:assembleRelease UP-TO-DATE
[        ] Skipping task ':google_mobile_ads:assembleRelease' as it has no actions.
[        ] Resolve mutations for :jni:bundleReleaseAar (Thread[Execution worker Thread 3,5,main]) started.
[        ] :jni:bundleReleaseAar (Thread[Execution worker Thread 3,5,main]) started.
[        ] > Task :jni:bundleReleaseAar UP-TO-DATE
[        ] Caching disabled for task ':jni:bundleReleaseAar' because:
[        ]   Build cache is disabled
[        ]   Caching has been disabled for the task
[        ] Skipping task ':jni:bundleReleaseAar' as it is up-to-date.
[        ] Resolve mutations for :jni:mapReleaseSourceSetPaths (Thread[Execution worker Thread 3,5,main]) started.
[        ] :jni:mapReleaseSourceSetPaths (Thread[Execution worker Thread 3,5,main]) started.
[        ] > Task :jni:mapReleaseSourceSetPaths UP-TO-DATE
[        ] Caching disabled for task ':jni:mapReleaseSourceSetPaths' because:
[        ]   Build cache is disabled
[        ]   Caching has been disabled for the task
[        ] Skipping task ':jni:mapReleaseSourceSetPaths' as it is up-to-date.
[        ] Resolve mutations for :jni:mergeReleaseResources (Thread[Execution worker Thread 3,5,main]) started.
[        ] :jni:mergeReleaseResources (Thread[Execution worker Thread 3,5,main]) started.
[  +92 ms] > Task :jni:mergeReleaseResources UP-TO-DATE
[        ] Caching disabled for task ':jni:mergeReleaseResources' because:
[        ]   Build cache is disabled
[        ] Skipping task ':jni:mergeReleaseResources' as it is up-to-date.
[        ] Resolve mutations for :jni:verifyReleaseResources (Thread[Execution worker Thread 3,5,main]) started.
[        ] :jni:verifyReleaseResources (Thread[Execution worker Thread 3,5,main]) started.
[        ] > Task :jni:verifyReleaseResources UP-TO-DATE
[        ] Caching disabled for task ':jni:verifyReleaseResources' because:
[        ]   Build cache is disabled
[        ] Skipping task ':jni:verifyReleaseResources' as it is up-to-date.
[        ] Resolve mutations for :jni:assembleRelease (Thread[Execution worker Thread 3,5,main]) started.
[        ] :jni:assembleRelease (Thread[Execution worker Thread 3,5,main]) started.
[        ] > Task :jni:assembleRelease UP-TO-DATE
[        ] Skipping task ':jni:assembleRelease' as it has no actions.
[        ] Resolve mutations for :jni_flutter:bundleReleaseAar (Thread[Execution worker Thread 3,5,main]) started.
[        ] :jni_flutter:bundleReleaseAar (Thread[Execution worker Thread 3,5,main]) started.
[        ] > Task :jni_flutter:bundleReleaseAar UP-TO-DATE
[        ] Caching disabled for task ':jni_flutter:bundleReleaseAar' because:
[   +5 ms]   Build cache is disabled
[        ]   Caching has been disabled for the task
[        ] Skipping task ':jni_flutter:bundleReleaseAar' as it is up-to-date.
[        ] Resolve mutations for :jni:compileReleaseLibraryResources (Thread[Execution worker Thread 3,5,main]) started.
[        ] :jni:compileReleaseLibraryResources (Thread[Execution worker Thread 3,5,main]) started.
[        ] > Task :jni:compileReleaseLibraryResources UP-TO-DATE
[        ] Caching disabled for task ':jni:compileReleaseLibraryResources' because:
[        ]   Build cache is disabled
[        ] Skipping task ':jni:compileReleaseLibraryResources' as it is up-to-date.
[        ] work action resolve out (project :jni) (Thread[Execution worker Thread 3,5,main]) started.
[   +2 ms] Resolve mutations for :jni_flutter:mapReleaseSourceSetPaths (Thread[Execution worker Thread 3,5,main]) started.
[        ] :jni_flutter:mapReleaseSourceSetPaths (Thread[Execution worker Thread 3,5,main]) started.
[        ] > Task :jni_flutter:mapReleaseSourceSetPaths UP-TO-DATE
[        ] Caching disabled for task ':jni_flutter:mapReleaseSourceSetPaths' because:
[        ]   Build cache is disabled
[        ]   Caching has been disabled for the task
[        ] Skipping task ':jni_flutter:mapReleaseSourceSetPaths' as it is up-to-date.
[   +9 ms] Resolve mutations for :jni_flutter:mergeReleaseResources (Thread[Execution worker Thread 3,5,main]) started.
[        ] :jni_flutter:mergeReleaseResources (Thread[Execution worker Thread 3,5,main]) started.
[  +77 ms] > Task :jni_flutter:mergeReleaseResources UP-TO-DATE
[        ] Caching disabled for task ':jni_flutter:mergeReleaseResources' because:
[        ]   Build cache is disabled
[        ] Skipping task ':jni_flutter:mergeReleaseResources' as it is up-to-date.
[        ] Resolve mutations for :jni_flutter:verifyReleaseResources (Thread[Execution worker Thread 3,5,main]) started.
[        ] :jni_flutter:verifyReleaseResources (Thread[Execution worker Thread 3,5,main]) started.
[        ] > Task :jni_flutter:verifyReleaseResources UP-TO-DATE
[        ] Caching disabled for task ':jni_flutter:verifyReleaseResources' because:
[        ]   Build cache is disabled
[        ] Skipping task ':jni_flutter:verifyReleaseResources' as it is up-to-date.
[        ] Resolve mutations for :jni_flutter:assembleRelease (Thread[Execution worker Thread 3,5,main]) started.
[        ] :jni_flutter:assembleRelease (Thread[Execution worker Thread 3,5,main]) started.
[        ] > Task :jni_flutter:assembleRelease UP-TO-DATE
[        ] Skipping task ':jni_flutter:assembleRelease' as it has no actions.
[        ] Resolve mutations for :permission_handler_android:bundleReleaseAar (Thread[Execution worker Thread 3,5,main]) started.
[        ] :permission_handler_android:bundleReleaseAar (Thread[Execution worker Thread 3,5,main]) started.
[        ] > Task :permission_handler_android:bundleReleaseAar UP-TO-DATE
[        ] Caching disabled for task ':permission_handler_android:bundleReleaseAar' because:
[        ]   Build cache is disabled
[        ]   Caching has been disabled for the task
[        ] Skipping task ':permission_handler_android:bundleReleaseAar' as it is up-to-date.
[   +4 ms] Resolve mutations for :permission_handler_android:mapReleaseSourceSetPaths (Thread[Execution worker Thread 3,5,main]) started.
[        ] :permission_handler_android:mapReleaseSourceSetPaths (Thread[Execution worker Thread 3,5,main]) started.
[        ] > Task :permission_handler_android:mapReleaseSourceSetPaths UP-TO-DATE
[        ] Caching disabled for task ':permission_handler_android:mapReleaseSourceSetPaths' because:
[        ]   Build cache is disabled
[        ]   Caching has been disabled for the task
[        ] Skipping task ':permission_handler_android:mapReleaseSourceSetPaths' as it is up-to-date.
[        ] Resolve mutations for :permission_handler_android:mergeReleaseResources (Thread[Execution worker Thread 3,5,main]) started.
[        ] :permission_handler_android:mergeReleaseResources (Thread[Execution worker Thread 3,5,main]) started.
[  +92 ms] > Task :permission_handler_android:mergeReleaseResources UP-TO-DATE
[        ] Caching disabled for task ':permission_handler_android:mergeReleaseResources' because:
[        ]   Build cache is disabled
[        ] Skipping task ':permission_handler_android:mergeReleaseResources' as it is up-to-date.
[        ] Resolve mutations for :permission_handler_android:verifyReleaseResources (Thread[Execution worker Thread 3,5,main]) started.
[        ] :permission_handler_android:verifyReleaseResources (Thread[Execution worker Thread 3,5,main]) started.
[        ] > Task :permission_handler_android:verifyReleaseResources UP-TO-DATE
[        ] Caching disabled for task ':permission_handler_android:verifyReleaseResources' because:
[        ]   Build cache is disabled
[        ] Skipping task ':permission_handler_android:verifyReleaseResources' as it is up-to-date.
[        ] Resolve mutations for :permission_handler_android:assembleRelease (Thread[Execution worker Thread 3,5,main]) started.
[        ] :permission_handler_android:assembleRelease (Thread[Execution worker Thread 3,5,main]) started.
[        ] > Task :permission_handler_android:assembleRelease UP-TO-DATE
[        ] Skipping task ':permission_handler_android:assembleRelease' as it has no actions.
[        ] Resolve mutations for :saf:bundleReleaseAar (Thread[Execution worker Thread 3,5,main]) started.
[   +5 ms] :saf:bundleReleaseAar (Thread[Execution worker Thread 3,5,main]) started.
[        ] > Task :saf:bundleReleaseAar UP-TO-DATE
[        ] Caching disabled for task ':saf:bundleReleaseAar' because:
[        ]   Build cache is disabled
[        ]   Caching has been disabled for the task
[        ] Skipping task ':saf:bundleReleaseAar' as it is up-to-date.
[        ] Resolve mutations for :saf:mapReleaseSourceSetPaths (Thread[Execution worker Thread 3,5,main]) started.
[        ] :saf:mapReleaseSourceSetPaths (Thread[Execution worker Thread 3,5,main]) started.
[        ] > Task :saf:mapReleaseSourceSetPaths UP-TO-DATE
[        ] Caching disabled for task ':saf:mapReleaseSourceSetPaths' because:
[        ]   Build cache is disabled
[        ]   Caching has been disabled for the task
[        ] Skipping task ':saf:mapReleaseSourceSetPaths' as it is up-to-date.
[        ] Resolve mutations for :saf:mergeReleaseResources (Thread[Execution worker Thread 3,5,main]) started.
[        ] :saf:mergeReleaseResources (Thread[Execution worker Thread 3,5,main]) started.
[        ] > Task :saf:mergeReleaseResources UP-TO-DATE
[        ] Caching disabled for task ':saf:mergeReleaseResources' because:
[        ]   Build cache is disabled
[        ] Skipping task ':saf:mergeReleaseResources' as it is up-to-date.
[        ] Resolve mutations for :saf:verifyReleaseResources (Thread[Execution worker Thread 3,5,main]) started.
[        ] :saf:verifyReleaseResources (Thread[Execution worker Thread 3,5,main]) started.
[        ] > Task :saf:verifyReleaseResources UP-TO-DATE
[        ] Caching disabled for task ':saf:verifyReleaseResources' because:
[        ]   Build cache is disabled
[        ] Skipping task ':saf:verifyReleaseResources' as it is up-to-date.
[        ] Resolve mutations for :saf:assembleRelease (Thread[Execution worker Thread 3,5,main]) started.
[        ] :saf:assembleRelease (Thread[Execution worker Thread 3,5,main]) started.
[        ] > Task :saf:assembleRelease UP-TO-DATE
[        ] Skipping task ':saf:assembleRelease' as it has no actions.
[   +6 ms] Resolve mutations for :video_player_android:bundleReleaseAar (Thread[Execution worker Thread 3,5,main]) started.
[        ] :video_player_android:bundleReleaseAar (Thread[Execution worker Thread 3,5,main]) started.
[        ] > Task :video_player_android:bundleReleaseAar UP-TO-DATE
[        ] Caching disabled for task ':video_player_android:bundleReleaseAar' because:
[        ]   Build cache is disabled
[        ]   Caching has been disabled for the task
[        ] Skipping task ':video_player_android:bundleReleaseAar' as it is up-to-date.
[        ] Resolve mutations for :video_player_android:mapReleaseSourceSetPaths (Thread[Execution worker Thread 3,5,main]) started.
[        ] :video_player_android:mapReleaseSourceSetPaths (Thread[Execution worker Thread 3,5,main]) started.
[  +83 ms] > Task :video_player_android:mapReleaseSourceSetPaths UP-TO-DATE
[        ] Caching disabled for task ':video_player_android:mapReleaseSourceSetPaths' because:
[        ]   Build cache is disabled
[        ]   Caching has been disabled for the task
[        ] Skipping task ':video_player_android:mapReleaseSourceSetPaths' as it is up-to-date.
[        ] Resolve mutations for :video_player_android:mergeReleaseResources (Thread[Execution worker Thread 3,5,main]) started.
[        ] :video_player_android:mergeReleaseResources (Thread[Execution worker Thread 3,5,main]) started.
[        ] > Task :video_player_android:mergeReleaseResources UP-TO-DATE
[        ] Caching disabled for task ':video_player_android:mergeReleaseResources' because:
[        ]   Build cache is disabled
[        ] Skipping task ':video_player_android:mergeReleaseResources' as it is up-to-date.
[        ] Resolve mutations for :video_player_android:verifyReleaseResources (Thread[Execution worker Thread 3,5,main]) started.
[        ] :video_player_android:verifyReleaseResources (Thread[Execution worker Thread 3,5,main]) started.
[        ] > Task :video_player_android:verifyReleaseResources UP-TO-DATE
[        ] Caching disabled for task ':video_player_android:verifyReleaseResources' because:
[        ]   Build cache is disabled
[        ] Skipping task ':video_player_android:verifyReleaseResources' as it is up-to-date.
[        ] Resolve mutations for :video_player_android:assembleRelease (Thread[Execution worker Thread 3,5,main]) started.
[        ] :video_player_android:assembleRelease (Thread[Execution worker Thread 3,5,main]) started.
[        ] > Task :video_player_android:assembleRelease UP-TO-DATE
[        ] Skipping task ':video_player_android:assembleRelease' as it has no actions.
[        ] Resolve mutations for :video_thumbnail_plus:bundleReleaseAar (Thread[Execution worker Thread 3,5,main]) started.
[        ] :video_thumbnail_plus:bundleReleaseAar (Thread[Execution worker Thread 3,5,main]) started.
[        ] > Task :video_thumbnail_plus:bundleReleaseAar UP-TO-DATE
[        ] Caching disabled for task ':video_thumbnail_plus:bundleReleaseAar' because:
[        ]   Build cache is disabled
[        ]   Caching has been disabled for the task
[   +6 ms] Skipping task ':video_thumbnail_plus:bundleReleaseAar' as it is up-to-date.
[        ] Resolve mutations for :video_thumbnail_plus:mapReleaseSourceSetPaths (Thread[Execution worker Thread 3,5,main]) started.
[        ] :video_thumbnail_plus:mapReleaseSourceSetPaths (Thread[Execution worker Thread 3,5,main]) started.
[        ] > Task :video_thumbnail_plus:mapReleaseSourceSetPaths UP-TO-DATE
[        ] Caching disabled for task ':video_thumbnail_plus:mapReleaseSourceSetPaths' because:
[        ]   Build cache is disabled
[        ]   Caching has been disabled for the task
[        ] Skipping task ':video_thumbnail_plus:mapReleaseSourceSetPaths' as it is up-to-date.
[        ] Resolve mutations for :video_thumbnail_plus:mergeReleaseResources (Thread[Execution worker Thread 3,5,main]) started.
[        ] :video_thumbnail_plus:mergeReleaseResources (Thread[Execution worker Thread 3,5,main]) started.
[  +90 ms] > Task :video_thumbnail_plus:mergeReleaseResources UP-TO-DATE
[        ] Caching disabled for task ':video_thumbnail_plus:mergeReleaseResources' because:
[        ]   Build cache is disabled
[        ] Skipping task ':video_thumbnail_plus:mergeReleaseResources' as it is up-to-date.
[        ] Resolve mutations for :video_thumbnail_plus:verifyReleaseResources (Thread[Execution worker Thread 3,5,main]) started.
[        ] :video_thumbnail_plus:verifyReleaseResources (Thread[Execution worker Thread 3,5,main]) started.
[        ] > Task :video_thumbnail_plus:verifyReleaseResources UP-TO-DATE
[        ] Caching disabled for task ':video_thumbnail_plus:verifyReleaseResources' because:
[        ]   Build cache is disabled
[        ] Skipping task ':video_thumbnail_plus:verifyReleaseResources' as it is up-to-date.
[        ] Resolve mutations for :video_thumbnail_plus:assembleRelease (Thread[Execution worker Thread 3,5,main]) started.
[        ] :video_thumbnail_plus:assembleRelease (Thread[Execution worker Thread 3,5,main]) started.
[        ] > Task :video_thumbnail_plus:assembleRelease UP-TO-DATE
[        ] Skipping task ':video_thumbnail_plus:assembleRelease' as it has no actions.
[        ] Resolve mutations for :webview_flutter_android:bundleReleaseAar (Thread[Execution worker Thread 3,5,main]) started.
[        ] :webview_flutter_android:bundleReleaseAar (Thread[Execution worker Thread 3,5,main]) started.
[   +6 ms] > Task :webview_flutter_android:bundleReleaseAar UP-TO-DATE
[        ] Caching disabled for task ':webview_flutter_android:bundleReleaseAar' because:
[        ]   Build cache is disabled
[        ]   Caching has been disabled for the task
[        ] Skipping task ':webview_flutter_android:bundleReleaseAar' as it is up-to-date.
[        ] Resolve mutations for :webview_flutter_android:mapReleaseSourceSetPaths (Thread[Execution worker Thread 3,5,main]) started.
[        ] :webview_flutter_android:mapReleaseSourceSetPaths (Thread[Execution worker Thread 3,5,main]) started.
[        ] > Task :webview_flutter_android:mapReleaseSourceSetPaths UP-TO-DATE
[        ] Caching disabled for task ':webview_flutter_android:mapReleaseSourceSetPaths' because:
[        ]   Build cache is disabled
[        ]   Caching has been disabled for the task
[        ] Skipping task ':webview_flutter_android:mapReleaseSourceSetPaths' as it is up-to-date.
[        ] Resolve mutations for :webview_flutter_android:mergeReleaseResources (Thread[Execution worker Thread 3,5,main]) started.
[        ] :webview_flutter_android:mergeReleaseResources (Thread[Execution worker Thread 3,5,main]) started.
[        ] > Task :webview_flutter_android:mergeReleaseResources UP-TO-DATE
[        ] Caching disabled for task ':webview_flutter_android:mergeReleaseResources' because:
[        ]   Build cache is disabled
[        ] Skipping task ':webview_flutter_android:mergeReleaseResources' as it is up-to-date.
[        ] Resolve mutations for :webview_flutter_android:verifyReleaseResources (Thread[Execution worker Thread 3,5,main]) started.
[        ] :webview_flutter_android:verifyReleaseResources (Thread[Execution worker Thread 3,5,main]) started.
[        ] > Task :webview_flutter_android:verifyReleaseResources UP-TO-DATE
[        ] Caching disabled for task ':webview_flutter_android:verifyReleaseResources' because:
[        ]   Build cache is disabled
[        ] Skipping task ':webview_flutter_android:verifyReleaseResources' as it is up-to-date.
[        ] Resolve mutations for :webview_flutter_android:assembleRelease (Thread[Execution worker Thread 3,5,main]) started.
[        ] :webview_flutter_android:assembleRelease (Thread[Execution worker Thread 3,5,main]) started.
[        ] > Task :webview_flutter_android:assembleRelease UP-TO-DATE
[        ] Skipping task ':webview_flutter_android:assembleRelease' as it has no actions.
[+2287 ms] work action resolve out (project :video_player_android) (Thread[Execution worker,5,main]) started.
[        ] work action resolve out (project :video_player_android) (Thread[Execution worker,5,main]) started.
[ +699 ms] work action resolve out (project :saf) (Thread[included builds,5,main]) started.
[        ] work action resolve out (project :saf) (Thread[included builds,5,main]) started.
[+9299 ms] work action resolve out (project :webview_flutter_android) (Thread[Execution worker Thread 2,5,main]) started.
[        ] work action resolve out (project :webview_flutter_android) (Thread[Execution worker Thread 2,5,main]) started.
[        ] Resolve mutations for :app:lintVitalAnalyzeRelease (Thread[Execution worker Thread 2,5,main]) started.
[        ] :app:lintVitalAnalyzeRelease (Thread[Execution worker Thread 2,5,main]) started.
[ +999 ms] > Task :app:lintVitalAnalyzeRelease
[        ] Caching disabled for task ':app:lintVitalAnalyzeRelease' because:
[        ]   Build cache is disabled
[        ] Task ':app:lintVitalAnalyzeRelease' is not up-to-date because:
[        ]   Value of input property 'printStackTrace' has changed for task ':app:lintVitalAnalyzeRelease'
[        ] Android Lint: Reusing lint classloader 31.11.1_true
[        ] Resolve mutations for :app:lintVitalReportRelease (Thread[included builds,5,main]) started.
[        ] :app:lintVitalReportRelease (Thread[included builds,5,main]) started.
[ +100 ms] > Task :app:lintVitalReportRelease
[        ] Caching disabled for task ':app:lintVitalReportRelease' because:
[        ]   Build cache is disabled
[        ]   Caching has been disabled for the task
[        ] Task ':app:lintVitalReportRelease' is not up-to-date because:
[        ]   Value of input property 'printStackTrace' has changed for task ':app:lintVitalReportRelease'
[        ] Android Lint: Reusing lint classloader 31.11.1_true
[        ] Resolve mutations for :app:lintVitalRelease (Thread[included builds,5,main]) started.
[        ] :app:lintVitalRelease (Thread[included builds,5,main]) started.
[        ] > Task :app:lintVitalRelease
[        ] Caching disabled for task ':app:lintVitalRelease' because:
[        ]   Build cache is disabled
[   +1 ms]   Caching has been disabled for the task
[        ] Task ':app:lintVitalRelease' is not up-to-date because:
[        ]   Task.upToDateWhen is false.
[        ] Resolve mutations for :app:packageRelease (Thread[included builds,5,main]) started.
[        ] :app:packageRelease (Thread[included builds,5,main]) started.
[        ] > Task :app:packageRelease UP-TO-DATE
[        ] Custom actions are attached to task ':app:packageRelease'.
[        ] Caching disabled for task ':app:packageRelease' because:
[        ]   Build cache is disabled
[        ]   Caching has been disabled for the task
[        ] Skipping task ':app:packageRelease' as it is up-to-date.
[   +1 ms] Resolve mutations for :app:createReleaseApkListingFileRedirect (Thread[included builds,5,main]) started.
[        ] :app:createReleaseApkListingFileRedirect (Thread[included builds,5,main]) started.
[        ] > Task :app:createReleaseApkListingFileRedirect UP-TO-DATE
[   +2 ms] Caching disabled for task ':app:createReleaseApkListingFileRedirect' because:
[        ]   Build cache is disabled
[        ]   Caching has been disabled for the task
[        ] Skipping task ':app:createReleaseApkListingFileRedirect' as it is up-to-date.
[        ] Resolve mutations for :app:assembleRelease (Thread[included builds,5,main]) started.
[        ] :app:assembleRelease (Thread[included builds,5,main]) started.
[ +292 ms] > Task :app:assembleRelease
[        ] Caching disabled for task ':app:assembleRelease' because:
[        ]   Build cache is disabled
[        ] Task ':app:assembleRelease' is not up-to-date because:
[        ]   Task has not declared any outputs despite executing actions.
[        ] Build d521cbac-7548-4771-ae14-319d1298fd0a is closed
[  +98 ms] Android Lint: Disposing Uast application environment in lint classloader [31.11.1_true]
[        ] Build 4cdd1897-5176-4d81-a3bc-5bb6c37fdd78 is closed
[        ] [Incubating] Problems report is available at: file:///home/shivagsudhir198824/myproject1/build/reports/problems/problems-report.html
[        ] Deprecated Gradle features were used in this build, making it incompatible with Gradle 9.0.
[        ] You can use '--warning-mode all' to show the individual deprecation warnings and determine if they come from your own scripts or plugins.
[        ] For more on this, please refer to https://docs.gradle.org/8.14/userguide/command_line_interface.html#sec:command_line_warnings in the Gradle documentation.
[        ] BUILD SUCCESSFUL in 35s
[        ] 456 actionable tasks: 33 executed, 423 up-to-date
[ +125 ms] Running Gradle task 'assembleRelease'... (completed in 35.6s)
[   +2 ms] Calculate SHA1: LocalDirectory: '/home/shivagsudhir198824/myproject1/build/app/outputs/flutter-apk'/app-release.apk
[ +876 ms] ✓ Built build/app/outputs/flutter-apk/app-release.apk (51.6MB)
[   +3 ms] "flutter apk" took 37,354ms.
[  +10 ms] Running 1 shutdown hook
[        ] Shutdown hooks complete
[        ] exiting with code 0
